cn_code,route,bmg_column_a,bmg_column_b,description
25070080,,0.666,0.666,Kaolinic clays (other than kaolin)
25231000,A,0.666,0.666,Cement clinkers
25231000,B,0.859,0.859,Cement clinkers
25232100,,0,0.859,"White portland cement, whether or not artificially coloured"
25232900,,0,0.666,"Portland cement (excl. white, whether or not artificially coloured)"
25233000,1,0.717,0.717,Aluminous cement
25233000,2,0.686,0.686,Aluminous cement
25239000,A,0,0.666,"Cement, whether or not coloured (excl. portland cement and aluminous cement)"
25239000,B,0,0.847,"Cement, whether or not coloured (excl. portland cement and aluminous cement)"
26011200,,0.086,0.086,Agglomerated iron ores and concentrates (excl. roasted iron pyrites)
28041000,,5.089,5.089,Hydrogen
28080000,,0.151,0.582,Nitric acid; sulphonitric acids
28141000,,1.522,1.522,Anhydrous ammonia
28142000,,0.457,0.457,Ammonia in aqueous solution
28342100,,0.019,0.626,Nitrate of potassium
31021012,,0.018,0.304,"Urea in aqueous solution, containing >45% nitrogen in relation to the weight of the dry product and containing =>31,8% but <=33,2 % by weight of urea (excl. that in packages with a gross weight of <= 10 kg)"
31021015,,0.029,0.503,"Urea in aqueous solution, containing >45% nitrogen in relation to the weight of the dry product and containing >33,2% but <=55% by weight of urea (excl. that in packages with a gross weight of <= 10 kg)"
31021019,,0.053,0.902,"Urea, whether or not in aqueous solution, containing >45% nitrogen in relation to the weight of the dry product (excl. that in tablets or similar forms, or in packages with a gross weight of <= 10 kg, or in aqueous solution containing =>31,8% but <=55% by weight of urea)"
31021090,,0.051,0.882,"Urea, whether or not in aqueous solution, containing <= 45% by weight of nitrogen on the dry anhydrous product (excl. goods of this chapter in tablets or similar forms or in packages of a gross weight of <= 10 kg)"
31022100,,0.022,0.414,"Ammonium sulphate (excl. that in tablets or similar forms, or in packages with a gross weight of <= 10 kg)"
31022900,,0.019,0.566,Double salts and mixtures of ammonium sulphate and ammonium nitrate (excl. goods of this chapter in tablets or similar forms or in packages of a gross weight of <= 10 kg)
31023010,,0,0.508,Ammonium nitrate in aqueous solution (excl. that in packages with a gross weight of <= 10 kg)
31023090,,0.019,0.767,"Ammonium nitrate (excl. that in aqueous solution, in tablets or similar forms, or in packages with a gross weight of <= 10 kg)"
31024010,,0.019,0.688,"Mixtures of ammonium nitrate with calcium carbonate or other inorganic non-fertilising substances, for use as fertilisers, containing <= 28% nitrogen by weight (excl. those in tablets or similar forms, or in packages with a gross weight of <= 10 kg)"
31024090,,0.019,0.688,"Mixtures of ammonium nitrate with calcium carbonate or other inorganic non-fertilising substances, for use as fertilisers, containing > 28% nitrogen by weight (excl. those in tablets or similar forms, or in packages with a gross weight of <= 10 kg)"
31025000,1,0.27,0.701,"Sodium nitrate (excl. that in tablets or similar forms, or in packages with a gross weight of <= 10 kg)"
31025000,2,0.254,0.685,"Sodium nitrate (excl. that in tablets or similar forms, or in packages with a gross weight of <= 10 kg)"
31026000,,0.042,0.633,"Double salts and mixtures of calcium nitrate and ammonium nitrate (excl. those in tablets or similar forms, or in packages with a gross weight of <= 10 kg)"
31028000,,0,0.625,Mixtures of urea and ammonium nitrate in aqueous or ammoniacal solution (excl. those in packages with a gross weight of <= 10 kg)
31029000,,0.053,0.847,Mineral or chemical nitrogen fertilisers (excl. urea; ammonium sulphate; ammonium nitrate; sodium nitrate; double salts and mixtures of ammonium nitrate with ammonium sulphate or calcium; mixtures of urea and ammonium nitrate in aqueous or ammoniacal solution; mixtures of ammonium nitrate and calcium carbonate or other non-fertilising inorganic elements; in tablets or similar in packages <= 10 kg)
31051000,,0.019,0.376,"Mineral or chemical fertilisers of animal or vegetable origin, in tablets or similar forms, or in packages with a gross weight of <= 10 kg"
31052010,,0.09,0.434,"Mineral or chemical fertilisers containing phosphorus and potassium, with a nitrogen content > 10 % by weight on the dry anhydrous product (excl. those in tablets or similar forms, or in packages with a gross weight of <= 10 kg)"
31052090,,0.09,0.319,"Mineral or chemical fertilisers containing nitrogen, phosphorus and potassium, with a nitrogen content <= 10 % by weight on the dry anhydrous product (excl. those in tablets or similar forms, or in packages with a gross weight of <= 10 kg)"
31053000,,0.006,0.339,"Diammonium hydrogenorthophosphate ""diammonium phosphate"" (excl. that in tablets or similar forms, or in packages with a gross weight of <= 10 kg)"
31054000,,0.006,0.173,"Ammonium dihydrogenorthophosphate ""monoammonium phosphate"", whether or not mixed with diammonium hydrogenorthophosphate ""diammonium phosphate"" (excl. that in tablets or similar forms, or in packages with a gross weight of <= 10 kg)"
31055100,,0.09,0.548,"Mineral or chemical fertilisers containing nitrates and phosphates (excl. ammonium dihydrogenorthophosphate ""Monoammonium phosphate"", diammonium hydrogenorthophosphate ""Diammonium phosphate"", and those in tablets or similar forms, or in packages with a gross weight of <= 10 kg)"
31055900,,0.006,0.391,"Mineral or chemical fertilisers containing the two fertilising elements nitrogen (excl. nitrate) and phosphorus but not nitrates (excl. ammonium dihydrogenorthophosphate ""monoammonium phosphate"", diammonium hydrogenorthophosphate ""diammonium phosphate"" in tablets or similar forms, or in packages with a gross weight of <= 10 kg)"
31059020,,0.019,0.476,"Mineral or chemical fertilisers containing the two fertilising elements nitrogen and potassium, or one principal fertilising substance only, incl. mixtures of animal or vegetable fertilisers with chemical or mineral fertilisers, containing > 10% nitrogen by weight (excl. in tablets or similar forms, or in packages with a gross weight of <= 10 kg)"
31059080,,0.019,0.248,"Mineral or chemical fertilisers containing the two fertilising elements nitrogen and potassium, or one main fertilising element, incl. mixtures of animal or vegetable fertilisers with chemical or mineral fertilisers, not containing nitrogen or with a nitrogen content, by weight, of <= 10% (excl. in tablets or similar forms or in packages of a gross weight of <= 10 kg)"
72011011,,1.089,1.21,"Non-alloy pig iron in pigs, blocks or other primary forms, containing by weight <= 0,5% phosphorus, >= 0,4% manganese and <= 1% silicon"
72011019,,1.089,1.21,"Non-alloy pig iron in pigs, blocks or other primary forms, containing by weight <= 0,5% phosphorus, >= 0,4% manganese and > 1% silicon"
72011030,,1.089,1.21,"Non-alloy pig iron in pigs, blocks or other primary forms, containing by weight <= 0,5% phosphorus, and >= 0,1% but < 0,4% manganese"
72011090,,1.089,1.21,"Non-alloy pig iron in pigs, blocks or other primary forms, containing by weight <= 0,5% phosphorus, and <= 0,1% manganese"
72012000,,1.089,1.21,"Non-alloy pig iron in pigs, blocks or other primary forms, containing by weight >= 0,5% phosphorus"
72015010,,1.089,1.21,"Alloy pig iron in pigs, blocks or other primary forms, containing by weight >= 0,3% but <= 1% titanium and >= 0,5% but <= 1% vanadium"
72015090,,1.089,1.21,"Alloy pig iron and spiegeleisen, in pigs, blocks or other primary forms (excl. alloy iron containing, by weight, >= 0,3% but <= 1% titanium and >= 0,5% but <= 1% vanadium)"
72021120,1,1.361,1.361,"Ferro-manganese, containing by weight > 2% carbon, with a granulometry <= 5 mm and a manganese content by weight > 65%"
72021120,2,1.277,1.277,"Ferro-manganese, containing by weight > 2% carbon, with a granulometry <= 5 mm and a manganese content by weight > 65%"
72021180,1,1.361,1.361,"Ferro-manganese, containing by weight > 2% carbon (excl. ferro-manganese with a granulometry of <= 5 mm and containing by weight > 65% manganese)"
72021180,2,1.277,1.277,"Ferro-manganese, containing by weight > 2% carbon (excl. ferro-manganese with a granulometry of <= 5 mm and containing by weight > 65% manganese)"
72021900,1,1.361,1.361,"Ferro-manganese, containing by weight <= 2% carbon"
72021900,2,1.277,1.277,"Ferro-manganese, containing by weight <= 2% carbon"
72024110,1,1.142,1.142,"Ferro-chromium, containing by weight > 4% but <= 6% carbon"
72024110,2,1.106,1.106,"Ferro-chromium, containing by weight > 4% but <= 6% carbon"
72024190,1,1.142,1.142,"Ferro-chromium, containing by weight > 6% carbon"
72024190,2,1.106,1.106,"Ferro-chromium, containing by weight > 6% carbon"
72024910,1,1.142,1.142,"Ferro-chromium, containing by weight <= 0,05% carbon"
72024910,2,1.106,1.106,"Ferro-chromium, containing by weight <= 0,05% carbon"
72024950,1,1.142,1.142,"Ferro-chromium, containing by weight > 0,05% but <= 0,5% carbon"
72024950,2,1.106,1.106,"Ferro-chromium, containing by weight > 0,05% but <= 0,5% carbon"
72024990,1,1.142,1.142,"Ferro-chromium, containing by weight > 0,5% but <= 4% carbon"
72024990,2,1.106,1.106,"Ferro-chromium, containing by weight > 0,5% but <= 4% carbon"
72026000,1,2.39,2.39,Ferro-nickel
72026000,2,2.295,2.295,Ferro-nickel
72031000,,0.295,0.397,"Ferrous products obtained by direct reduction of iron ore, in lumps, pellets or similar forms"
72039000,,0.295,0.397,"Spongy ferrous products, obtained from molten pig iron by atomisation, iron of a purity of >= 99,94%, in lumps, pellets or similar forms"
72051000,C,0,1.288,"Granules, of pig iron, spiegeleisen, iron or steel (excl. granules of ferro-alloys, turnings and filings of iron or steel, certain small calibre items, defective balls for ball-bearings)"
72051000,D,,0.424,"Granules, of pig iron, spiegeleisen, iron or steel (excl. granules of ferro-alloys, turnings and filings of iron or steel, certain small calibre items, defective balls for ball-bearings)"
72051000,E,,0.027,"Granules, of pig iron, spiegeleisen, iron or steel (excl. granules of ferro-alloys, turnings and filings of iron or steel, certain small calibre items, defective balls for ball-bearings)"
72052100,F)(1,0,1.46,"Powders, of alloy steel (excl. powders of ferro-alloys and radioactive iron powders ""isotopes"")"
72052100,G)(1,,0.659,"Powders, of alloy steel (excl. powders of ferro-alloys and radioactive iron powders ""isotopes"")"
72052100,H)(1,,0.328,"Powders, of alloy steel (excl. powders of ferro-alloys and radioactive iron powders ""isotopes"")"
72052100,J)(1,,0.852,"Powders, of alloy steel (excl. powders of ferro-alloys and radioactive iron powders ""isotopes"")"
72052100,F)(2,,1.298,"Powders, of alloy steel (excl. powders of ferro-alloys and radioactive iron powders ""isotopes"")"
72052100,G)(2,,0.647,"Powders, of alloy steel (excl. powders of ferro-alloys and radioactive iron powders ""isotopes"")"
72052100,H)(2,,0.315,"Powders, of alloy steel (excl. powders of ferro-alloys and radioactive iron powders ""isotopes"")"
72052100,J)(2,,0.82,"Powders, of alloy steel (excl. powders of ferro-alloys and radioactive iron powders ""isotopes"")"
72052900,C,0,1.288,"Powders, of pig iron, spiegeleisen, iron or non-alloy steel (excl. powders of ferro-alloys and radioactive iron powders ""isotopes"")"
72052900,D,,0.424,"Powders, of pig iron, spiegeleisen, iron or non-alloy steel (excl. powders of ferro-alloys and radioactive iron powders ""isotopes"")"
72052900,E,,0.027,"Powders, of pig iron, spiegeleisen, iron or non-alloy steel (excl. powders of ferro-alloys and radioactive iron powders ""isotopes"")"
72061000,C,0.15,1.288,"Ingots, of iron and non-alloy steel (excl. remelted scrap ingots, continuous cast products, iron of heading 7203)"
72061000,D,0.027,0.424,"Ingots, of iron and non-alloy steel (excl. remelted scrap ingots, continuous cast products, iron of heading 7203)"
72061000,E,0.027,0.027,"Ingots, of iron and non-alloy steel (excl. remelted scrap ingots, continuous cast products, iron of heading 7203)"
72069000,C,0.15,1.288,"Iron and non-alloy steel, in puddled bars or other primary forms (excl. ingots, remelted scrap ingots, continuous cast products, iron of heading 7203)"
72069000,D,0.027,0.424,"Iron and non-alloy steel, in puddled bars or other primary forms (excl. ingots, remelted scrap ingots, continuous cast products, iron of heading 7203)"
72069000,E,0.027,0.027,"Iron and non-alloy steel, in puddled bars or other primary forms (excl. ingots, remelted scrap ingots, continuous cast products, iron of heading 7203)"
72071111,C,0.188,1.364,"Semi-finished products, of non-alloy free-cutting steel, containing by weight < 0,25% carbon, of square or rectangular cross-section, the width < twice the thickness, rolled or obtained by continuous casting"
72071111,D,0.065,0.475,"Semi-finished products, of non-alloy free-cutting steel, containing by weight < 0,25% carbon, of square or rectangular cross-section, the width < twice the thickness, rolled or obtained by continuous casting"
72071111,E,0.065,0.066,"Semi-finished products, of non-alloy free-cutting steel, containing by weight < 0,25% carbon, of square or rectangular cross-section, the width < twice the thickness, rolled or obtained by continuous casting"
72071114,C,0.188,1.364,"Semi-finished products, of iron or non-alloy steel, containing by weight < 0,25% carbon, of square or rectangular cross-section, the width < twice the thickness of <= 130 mm, rolled or obtained by continuous casting (excl. free-cutting steel)"
72071114,D,0.065,0.475,"Semi-finished products, of iron or non-alloy steel, containing by weight < 0,25% carbon, of square or rectangular cross-section, the width < twice the thickness of <= 130 mm, rolled or obtained by continuous casting (excl. free-cutting steel)"
72071114,E,0.065,0.066,"Semi-finished products, of iron or non-alloy steel, containing by weight < 0,25% carbon, of square or rectangular cross-section, the width < twice the thickness of <= 130 mm, rolled or obtained by continuous casting (excl. free-cutting steel)"
72071116,C,0.188,1.364,"Semi-finished products, of iron or non-alloy steel, containing by weight < 0,25% carbon, of square or rectangular cross-section, the width < twice the thickness of > 130 mm, rolled or obtained by continuous casting (excl. free-cutting steel)"
72071116,D,0.065,0.475,"Semi-finished products, of iron or non-alloy steel, containing by weight < 0,25% carbon, of square or rectangular cross-section, the width < twice the thickness of > 130 mm, rolled or obtained by continuous casting (excl. free-cutting steel)"
72071116,E,0.065,0.066,"Semi-finished products, of iron or non-alloy steel, containing by weight < 0,25% carbon, of square or rectangular cross-section, the width < twice the thickness of > 130 mm, rolled or obtained by continuous casting (excl. free-cutting steel)"
72071190,C,0.453,1.629,"Semi-finished products of iron or non-alloy steel, containing by weight < 0,25% carbon, of rectangular cross-section, the width < twice the thickness, forged"
72071190,D,0.33,0.74,"Semi-finished products of iron or non-alloy steel, containing by weight < 0,25% carbon, of rectangular cross-section, the width < twice the thickness, forged"
72071190,E,0.33,0.331,"Semi-finished products of iron or non-alloy steel, containing by weight < 0,25% carbon, of rectangular cross-section, the width < twice the thickness, forged"
72071210,C,0.188,1.364,"Semi-finished products of iron or non-alloy steel, containing by weight < 0,25 of carbon, of rectangular ""other than square"" cross-section, the width measuring >= twice the thickness, rolled or obtained by continuous casting"
72071210,D,0.065,0.475,"Semi-finished products of iron or non-alloy steel, containing by weight < 0,25 of carbon, of rectangular ""other than square"" cross-section, the width measuring >= twice the thickness, rolled or obtained by continuous casting"
72071210,E,0.065,0.066,"Semi-finished products of iron or non-alloy steel, containing by weight < 0,25 of carbon, of rectangular ""other than square"" cross-section, the width measuring >= twice the thickness, rolled or obtained by continuous casting"
72071290,C,0.453,1.629,"Semi-finished products of iron or non-alloy steel, containing by weight < 0,25% carbon, of rectangular ""other than square"" cross-section, the width >= twice the thickness, forged"
72071290,D,0.33,0.74,"Semi-finished products of iron or non-alloy steel, containing by weight < 0,25% carbon, of rectangular ""other than square"" cross-section, the width >= twice the thickness, forged"
72071290,E,0.33,0.331,"Semi-finished products of iron or non-alloy steel, containing by weight < 0,25% carbon, of rectangular ""other than square"" cross-section, the width >= twice the thickness, forged"
72071912,C,0.188,1.364,"Semi-finished products, of iron or non-alloy steel, containing by weight < 0,25% carbon, of circular or polygonal cross-section, rolled or obtained by continuous casting"
72071912,D,0.065,0.475,"Semi-finished products, of iron or non-alloy steel, containing by weight < 0,25% carbon, of circular or polygonal cross-section, rolled or obtained by continuous casting"
72071912,E,0.065,0.066,"Semi-finished products, of iron or non-alloy steel, containing by weight < 0,25% carbon, of circular or polygonal cross-section, rolled or obtained by continuous casting"
72071919,C,0.453,1.629,"Semi-finished products of iron or non-alloy steel, containing by weight < 0,25% carbon, of circular or polygonal cross-section, forged"
72071919,D,0.33,0.74,"Semi-finished products of iron or non-alloy steel, containing by weight < 0,25% carbon, of circular or polygonal cross-section, forged"
72071919,E,0.33,0.331,"Semi-finished products of iron or non-alloy steel, containing by weight < 0,25% carbon, of circular or polygonal cross-section, forged"
72071980,C,0.188,1.364,"Semi-finished products of iron or non-alloy steel, containing by weight < 0,25% carbon (excl. semi-products, of square, rectangular, circular or polygonal cross-section)"
72071980,D,0.065,0.475,"Semi-finished products of iron or non-alloy steel, containing by weight < 0,25% carbon (excl. semi-products, of square, rectangular, circular or polygonal cross-section)"
72071980,E,0.065,0.066,"Semi-finished products of iron or non-alloy steel, containing by weight < 0,25% carbon (excl. semi-products, of square, rectangular, circular or polygonal cross-section)"
72072011,C,0.188,1.364,"Semi-finished products, of non-alloy free-cutting steel, containing by weight >= 0,25% carbon, of square or rectangular cross-section, the width < twice the thickness, rolled or obtained by continuous casting"
72072011,D,0.065,0.475,"Semi-finished products, of non-alloy free-cutting steel, containing by weight >= 0,25% carbon, of square or rectangular cross-section, the width < twice the thickness, rolled or obtained by continuous casting"
72072011,E,0.065,0.066,"Semi-finished products, of non-alloy free-cutting steel, containing by weight >= 0,25% carbon, of square or rectangular cross-section, the width < twice the thickness, rolled or obtained by continuous casting"
72072015,C,0.188,1.364,"Semi-finished products of iron or non-alloy steel, containing by weight >= 0,25% but < 0,6% carbon, of square or rectangular cross-section, the width < twice the thickness, rolled or obtained by continuous casting (excl. free-cutting steel)"
72072015,D,0.065,0.475,"Semi-finished products of iron or non-alloy steel, containing by weight >= 0,25% but < 0,6% carbon, of square or rectangular cross-section, the width < twice the thickness, rolled or obtained by continuous casting (excl. free-cutting steel)"
72072015,E,0.065,0.066,"Semi-finished products of iron or non-alloy steel, containing by weight >= 0,25% but < 0,6% carbon, of square or rectangular cross-section, the width < twice the thickness, rolled or obtained by continuous casting (excl. free-cutting steel)"
72072017,C,0.188,1.364,"Semi-finished products of iron or non-alloy steel, containing by weight >= 0,6% carbon, of square or rectangular cross-section, the width < twice the thickness, rolled or obtained by continuous casting (excl. free-cutting steel)"
72072017,D,0.065,0.475,"Semi-finished products of iron or non-alloy steel, containing by weight >= 0,6% carbon, of square or rectangular cross-section, the width < twice the thickness, rolled or obtained by continuous casting (excl. free-cutting steel)"
72072017,E,0.065,0.066,"Semi-finished products of iron or non-alloy steel, containing by weight >= 0,6% carbon, of square or rectangular cross-section, the width < twice the thickness, rolled or obtained by continuous casting (excl. free-cutting steel)"
72072019,C,0.453,1.629,"Semi-finished products of iron or non-alloy steel, containing by weight >= 0,25% carbon, of square or rectangular cross-section, the width < twice the thickness, forged"
72072019,D,0.33,0.74,"Semi-finished products of iron or non-alloy steel, containing by weight >= 0,25% carbon, of square or rectangular cross-section, the width < twice the thickness, forged"
72072019,E,0.33,0.331,"Semi-finished products of iron or non-alloy steel, containing by weight >= 0,25% carbon, of square or rectangular cross-section, the width < twice the thickness, forged"
72072032,C,0.188,1.364,"Semi-finished products of iron or non-alloy steel, containing by weight >= 0,25 of carbon, of rectangular ""other than square"" cross-section, the width measuring >= twice the thickness, rolled or obtained by continuous casting"
72072032,D,0.065,0.475,"Semi-finished products of iron or non-alloy steel, containing by weight >= 0,25 of carbon, of rectangular ""other than square"" cross-section, the width measuring >= twice the thickness, rolled or obtained by continuous casting"
72072032,E,0.065,0.066,"Semi-finished products of iron or non-alloy steel, containing by weight >= 0,25 of carbon, of rectangular ""other than square"" cross-section, the width measuring >= twice the thickness, rolled or obtained by continuous casting"
72072039,C,0.453,1.629,"Semi-finished products of iron or non-alloy steel, containing by weight >= 0,25% carbon, of rectangular ""other than square"" cross-section and the width >= twice the thickness, forged"
72072039,D,0.33,0.74,"Semi-finished products of iron or non-alloy steel, containing by weight >= 0,25% carbon, of rectangular ""other than square"" cross-section and the width >= twice the thickness, forged"
72072039,E,0.33,0.331,"Semi-finished products of iron or non-alloy steel, containing by weight >= 0,25% carbon, of rectangular ""other than square"" cross-section and the width >= twice the thickness, forged"
72072052,C,0.188,1.364,"Semi-finished products of iron or non-alloy steel, containing by weight >= 0,25% carbon, of circular or polygonal cross-section, rolled or obtained by continuous casting"
72072052,D,0.065,0.475,"Semi-finished products of iron or non-alloy steel, containing by weight >= 0,25% carbon, of circular or polygonal cross-section, rolled or obtained by continuous casting"
72072052,E,0.065,0.066,"Semi-finished products of iron or non-alloy steel, containing by weight >= 0,25% carbon, of circular or polygonal cross-section, rolled or obtained by continuous casting"
72072059,C,0.453,1.629,"Semi-finished products of iron or non-alloy steel, containing by weight >= 0,6% carbon, of circular or polygonal cross-section, forged"
72072059,D,0.33,0.74,"Semi-finished products of iron or non-alloy steel, containing by weight >= 0,6% carbon, of circular or polygonal cross-section, forged"
72072059,E,0.33,0.331,"Semi-finished products of iron or non-alloy steel, containing by weight >= 0,6% carbon, of circular or polygonal cross-section, forged"
72072080,C,0.188,1.364,"Semi-finished products of iron or non-alloy steel, containing by weight >= 0,25% carbon (excl. those of square, rectangular, circular or polygonal cross-section)"
72072080,D,0.065,0.475,"Semi-finished products of iron or non-alloy steel, containing by weight >= 0,25% carbon (excl. those of square, rectangular, circular or polygonal cross-section)"
72072080,E,0.065,0.066,"Semi-finished products of iron or non-alloy steel, containing by weight >= 0,25% carbon (excl. those of square, rectangular, circular or polygonal cross-section)"
72081000,C,0.044,1.37,"Flat-rolled products of iron or non-alloy steel, of a width of >= 600 mm, in coils, simply hot-rolled, not clad, plated or coated, with patterns in relief directly due to the rolling process"
72081000,D,,0.481,"Flat-rolled products of iron or non-alloy steel, of a width of >= 600 mm, in coils, simply hot-rolled, not clad, plated or coated, with patterns in relief directly due to the rolling process"
72081000,E,,0.072,"Flat-rolled products of iron or non-alloy steel, of a width of >= 600 mm, in coils, simply hot-rolled, not clad, plated or coated, with patterns in relief directly due to the rolling process"
72082500,C,0.044,1.37,"Flat-rolled products of iron or non-alloy steel, of a width of >= 600 mm, in coils, simply hot-rolled, not clad, plated or coated, of a thickness of >= 4,75 mm, pickled, without patterns in relief"
72082500,D,,0.481,"Flat-rolled products of iron or non-alloy steel, of a width of >= 600 mm, in coils, simply hot-rolled, not clad, plated or coated, of a thickness of >= 4,75 mm, pickled, without patterns in relief"
72082500,E,,0.072,"Flat-rolled products of iron or non-alloy steel, of a width of >= 600 mm, in coils, simply hot-rolled, not clad, plated or coated, of a thickness of >= 4,75 mm, pickled, without patterns in relief"
72082600,C,0.044,1.37,"Flat-rolled products of iron or non-alloy steel, of a width of >= 600 mm, in coils, simply hot-rolled, not clad, plated or coated, of a thickness of >= 3 mm but < 4,75 mm, pickled, without patterns in relief"
72082600,D,,0.481,"Flat-rolled products of iron or non-alloy steel, of a width of >= 600 mm, in coils, simply hot-rolled, not clad, plated or coated, of a thickness of >= 3 mm but < 4,75 mm, pickled, without patterns in relief"
72082600,E,,0.072,"Flat-rolled products of iron or non-alloy steel, of a width of >= 600 mm, in coils, simply hot-rolled, not clad, plated or coated, of a thickness of >= 3 mm but < 4,75 mm, pickled, without patterns in relief"
72082700,C,0.044,1.37,"Flat-rolled products of iron or non-alloy steel, of a width of >= 600 mm, in coils, simply hot-rolled, not clad, plated or coated, of a thickness of < 3 mm, pickled, without patterns in relief"
72082700,D,,0.481,"Flat-rolled products of iron or non-alloy steel, of a width of >= 600 mm, in coils, simply hot-rolled, not clad, plated or coated, of a thickness of < 3 mm, pickled, without patterns in relief"
72082700,E,,0.072,"Flat-rolled products of iron or non-alloy steel, of a width of >= 600 mm, in coils, simply hot-rolled, not clad, plated or coated, of a thickness of < 3 mm, pickled, without patterns in relief"
72083600,C,0.044,1.37,"Flat-rolled products of iron or non-alloy steel, of a width of >= 600 mm, in coils, simply hot-rolled, not clad, plated or coated, of a thickness of >= 10 mm, not pickled, without patterns in relief"
72083600,D,,0.481,"Flat-rolled products of iron or non-alloy steel, of a width of >= 600 mm, in coils, simply hot-rolled, not clad, plated or coated, of a thickness of >= 10 mm, not pickled, without patterns in relief"
72083600,E,,0.072,"Flat-rolled products of iron or non-alloy steel, of a width of >= 600 mm, in coils, simply hot-rolled, not clad, plated or coated, of a thickness of >= 10 mm, not pickled, without patterns in relief"
72083700,C,0.044,1.37,"Flat-rolled products of iron or non-alloy steel, of a width of >= 600 mm, in coils, simply hot-rolled, not clad, plated or coated, of a thickness of >= 4,75 mm but < 10 mm, not pickled, without patterns in relief"
72083700,D,,0.481,"Flat-rolled products of iron or non-alloy steel, of a width of >= 600 mm, in coils, simply hot-rolled, not clad, plated or coated, of a thickness of >= 4,75 mm but < 10 mm, not pickled, without patterns in relief"
72083700,E,,0.072,"Flat-rolled products of iron or non-alloy steel, of a width of >= 600 mm, in coils, simply hot-rolled, not clad, plated or coated, of a thickness of >= 4,75 mm but < 10 mm, not pickled, without patterns in relief"
72083800,C,0.044,1.37,"Flat-rolled products of iron or non-alloy steel, of a width of >= 600 mm, in coils, simply hot-rolled, not clad, plated or coated, of a thickness of >= 3 mm but < 4,75 mm, not pickled, without patterns in relief"
72083800,D,,0.481,"Flat-rolled products of iron or non-alloy steel, of a width of >= 600 mm, in coils, simply hot-rolled, not clad, plated or coated, of a thickness of >= 3 mm but < 4,75 mm, not pickled, without patterns in relief"
72083800,E,,0.072,"Flat-rolled products of iron or non-alloy steel, of a width of >= 600 mm, in coils, simply hot-rolled, not clad, plated or coated, of a thickness of >= 3 mm but < 4,75 mm, not pickled, without patterns in relief"
72083900,C,0.044,1.37,"Flat-rolled products of iron or non-alloy steel, of a width of >= 600 mm, in coils, simply hot-rolled, not clad, plated or coated, of a thickness of < 3 mm, not pickled, without patterns in relief"
72083900,D,,0.481,"Flat-rolled products of iron or non-alloy steel, of a width of >= 600 mm, in coils, simply hot-rolled, not clad, plated or coated, of a thickness of < 3 mm, not pickled, without patterns in relief"
72083900,E,,0.072,"Flat-rolled products of iron or non-alloy steel, of a width of >= 600 mm, in coils, simply hot-rolled, not clad, plated or coated, of a thickness of < 3 mm, not pickled, without patterns in relief"
72084000,C,0.044,1.37,"Flat-rolled products of iron or non-alloy steel, of a width of >= 600 mm, not in coils, simply hot-rolled, not clad, plated or coated, with patterns in relief directly due to the rolling process"
72084000,D,,0.481,"Flat-rolled products of iron or non-alloy steel, of a width of >= 600 mm, not in coils, simply hot-rolled, not clad, plated or coated, with patterns in relief directly due to the rolling process"
72084000,E,,0.072,"Flat-rolled products of iron or non-alloy steel, of a width of >= 600 mm, not in coils, simply hot-rolled, not clad, plated or coated, with patterns in relief directly due to the rolling process"
72085120,C,0.044,1.37,"Flat-rolled products of iron or non-alloy steel, of a width of >= 600 mm, not in coils, simply hot-rolled, not clad, plated or coated, of a thickness of > 15 mm, without patterns in relief"
72085120,D,,0.481,"Flat-rolled products of iron or non-alloy steel, of a width of >= 600 mm, not in coils, simply hot-rolled, not clad, plated or coated, of a thickness of > 15 mm, without patterns in relief"
72085120,E,,0.072,"Flat-rolled products of iron or non-alloy steel, of a width of >= 600 mm, not in coils, simply hot-rolled, not clad, plated or coated, of a thickness of > 15 mm, without patterns in relief"
72085191,C,0.044,1.37,"Flat-rolled products of iron or non-alloy steel, of a width of >= 2.050 mm, not in coils, simply hot-rolled, not clad, plated or coated, of a thickness of > 10 mm but <= 15 mm, without patterns in relief (excl. ""wide flats"")"
72085191,D,,0.481,"Flat-rolled products of iron or non-alloy steel, of a width of >= 2.050 mm, not in coils, simply hot-rolled, not clad, plated or coated, of a thickness of > 10 mm but <= 15 mm, without patterns in relief (excl. ""wide flats"")"
72085191,E,,0.072,"Flat-rolled products of iron or non-alloy steel, of a width of >= 2.050 mm, not in coils, simply hot-rolled, not clad, plated or coated, of a thickness of > 10 mm but <= 15 mm, without patterns in relief (excl. ""wide flats"")"
72085198,C,0.044,1.37,"Flat-rolled products of iron or non-alloy steel, of a width of < 2.050 mm but >= 600 mm, not in coils, simply hot-rolled, not clad, plated or coated, of a thickness of > 10 mm but <= 15 mm, without patterns in relief"
72085198,D,,0.481,"Flat-rolled products of iron or non-alloy steel, of a width of < 2.050 mm but >= 600 mm, not in coils, simply hot-rolled, not clad, plated or coated, of a thickness of > 10 mm but <= 15 mm, without patterns in relief"
72085198,E,,0.072,"Flat-rolled products of iron or non-alloy steel, of a width of < 2.050 mm but >= 600 mm, not in coils, simply hot-rolled, not clad, plated or coated, of a thickness of > 10 mm but <= 15 mm, without patterns in relief"
72085210,C,0.044,1.37,"Flat-rolled products of iron or non-alloy steel, of a width of <= 1.250 mm, not in coils, simply hot-rolled on four faces or in a closed box pass, not clad, plated or coated, of a thickness of >= 4,75 mm but <= 10 mm, without patterns in relief"
72085210,D,,0.481,"Flat-rolled products of iron or non-alloy steel, of a width of <= 1.250 mm, not in coils, simply hot-rolled on four faces or in a closed box pass, not clad, plated or coated, of a thickness of >= 4,75 mm but <= 10 mm, without patterns in relief"
72085210,E,,0.072,"Flat-rolled products of iron or non-alloy steel, of a width of <= 1.250 mm, not in coils, simply hot-rolled on four faces or in a closed box pass, not clad, plated or coated, of a thickness of >= 4,75 mm but <= 10 mm, without patterns in relief"
72085291,C,0.044,1.37,"Flat-rolled products of iron or non-alloy steel, of a width of >= 2.050 mm, not in coils, simply hot-rolled, not clad, plated or coated, of a thickness of >= 4,75 mm but <= 10 mm, without patterns in relief"
72085291,D,,0.481,"Flat-rolled products of iron or non-alloy steel, of a width of >= 2.050 mm, not in coils, simply hot-rolled, not clad, plated or coated, of a thickness of >= 4,75 mm but <= 10 mm, without patterns in relief"
72085291,E,,0.072,"Flat-rolled products of iron or non-alloy steel, of a width of >= 2.050 mm, not in coils, simply hot-rolled, not clad, plated or coated, of a thickness of >= 4,75 mm but <= 10 mm, without patterns in relief"
72085299,C,0.044,1.37,"Flat-rolled products of iron or non-alloy steel, of a width of < 2.050 mm but >= 600 mm, not in coils, simply hot-rolled, not clad, plated or coated, of a thickness of >= 4,75 mm but <= 10 mm, without patterns in relief (excl. rolled on four faces or in a closed bow pass of a width <= 1.250 mm)"
72085299,D,,0.481,"Flat-rolled products of iron or non-alloy steel, of a width of < 2.050 mm but >= 600 mm, not in coils, simply hot-rolled, not clad, plated or coated, of a thickness of >= 4,75 mm but <= 10 mm, without patterns in relief (excl. rolled on four faces or in a closed bow pass of a width <= 1.250 mm)"
72085299,E,,0.072,"Flat-rolled products of iron or non-alloy steel, of a width of < 2.050 mm but >= 600 mm, not in coils, simply hot-rolled, not clad, plated or coated, of a thickness of >= 4,75 mm but <= 10 mm, without patterns in relief (excl. rolled on four faces or in a closed bow pass of a width <= 1.250 mm)"
72085310,C,0.044,1.37,"Flat-rolled products of iron or non-alloy steel, of a width of <= 1.250 mm, not in coils, simply hot-rolled on four faces or in a closed box pass, not clad, plated or coated, of a thickness of >= 4 mm but < 4,75 mm, without patterns in relief"
72085310,D,,0.481,"Flat-rolled products of iron or non-alloy steel, of a width of <= 1.250 mm, not in coils, simply hot-rolled on four faces or in a closed box pass, not clad, plated or coated, of a thickness of >= 4 mm but < 4,75 mm, without patterns in relief"
72085310,E,,0.072,"Flat-rolled products of iron or non-alloy steel, of a width of <= 1.250 mm, not in coils, simply hot-rolled on four faces or in a closed box pass, not clad, plated or coated, of a thickness of >= 4 mm but < 4,75 mm, without patterns in relief"
72085390,C,0.044,1.37,"Flat-rolled products of iron or non-alloy steel, of a width of >= 600 mm, not in coils, simply hot-rolled, not clad, plated or coated, of a thickness of >= 3 mm but < 4,75 mm, without patterns in relief (excl. rolled on four faces or in a closed bow pass of a width <= 1.250 mm and of a thickness of >= 4 mm)"
72085390,D,,0.481,"Flat-rolled products of iron or non-alloy steel, of a width of >= 600 mm, not in coils, simply hot-rolled, not clad, plated or coated, of a thickness of >= 3 mm but < 4,75 mm, without patterns in relief (excl. rolled on four faces or in a closed bow pass of a width <= 1.250 mm and of a thickness of >= 4 mm)"
72085390,E,,0.072,"Flat-rolled products of iron or non-alloy steel, of a width of >= 600 mm, not in coils, simply hot-rolled, not clad, plated or coated, of a thickness of >= 3 mm but < 4,75 mm, without patterns in relief (excl. rolled on four faces or in a closed bow pass of a width <= 1.250 mm and of a thickness of >= 4 mm)"
72085400,C,0.044,1.37,"Flat-rolled products of iron or non-alloy steel, of a width of >= 600 mm, not in coils, simply hot-rolled, not clad, plated or coated, of a thickness of < 3 mm, without patterns in relief"
72085400,D,,0.481,"Flat-rolled products of iron or non-alloy steel, of a width of >= 600 mm, not in coils, simply hot-rolled, not clad, plated or coated, of a thickness of < 3 mm, without patterns in relief"
72085400,E,,0.072,"Flat-rolled products of iron or non-alloy steel, of a width of >= 600 mm, not in coils, simply hot-rolled, not clad, plated or coated, of a thickness of < 3 mm, without patterns in relief"
72089020,C,0.044,1.37,"Flat-rolled products of iron or steel, of a width >= 600 mm, hot-rolled and further worked, but not clad, plated or coated, perforated"
72089020,D,,0.481,"Flat-rolled products of iron or steel, of a width >= 600 mm, hot-rolled and further worked, but not clad, plated or coated, perforated"
72089020,E,,0.072,"Flat-rolled products of iron or steel, of a width >= 600 mm, hot-rolled and further worked, but not clad, plated or coated, perforated"
72089080,C,0.044,1.37,"Flat-rolled products of iron or steel, of a width >= 600 mm, hot-rolled and further worked, but not clad, plated or coated, non-perforated"
72089080,D,,0.481,"Flat-rolled products of iron or steel, of a width >= 600 mm, hot-rolled and further worked, but not clad, plated or coated, non-perforated"
72089080,E,,0.072,"Flat-rolled products of iron or steel, of a width >= 600 mm, hot-rolled and further worked, but not clad, plated or coated, non-perforated"
72091500,C,0.079,1.458,"Flat-rolled products of iron or non-alloy steel, of a width of >= 600 mm, in coils, simply cold-rolled ""cold-reduced"", not clad, plated or coated, of a thickness of >= 3 mm"
72091500,D,,0.533,"Flat-rolled products of iron or non-alloy steel, of a width of >= 600 mm, in coils, simply cold-rolled ""cold-reduced"", not clad, plated or coated, of a thickness of >= 3 mm"
72091500,E,,0.108,"Flat-rolled products of iron or non-alloy steel, of a width of >= 600 mm, in coils, simply cold-rolled ""cold-reduced"", not clad, plated or coated, of a thickness of >= 3 mm"
72091610,C,0.079,1.458,"Flat-rolled products of iron or non-alloy steel, of a width of >= 600 mm, in coils, simply cold-rolled ""cold-reduced"", of a thickness of > 1 mm but < 3 mm ""electrical"""
72091610,D,,0.533,"Flat-rolled products of iron or non-alloy steel, of a width of >= 600 mm, in coils, simply cold-rolled ""cold-reduced"", of a thickness of > 1 mm but < 3 mm ""electrical"""
72091610,E,,0.108,"Flat-rolled products of iron or non-alloy steel, of a width of >= 600 mm, in coils, simply cold-rolled ""cold-reduced"", of a thickness of > 1 mm but < 3 mm ""electrical"""
72091690,C,0.079,1.458,"Flat-rolled products of iron or non-alloy steel, of a width of >= 600 mm, in coils, simply cold-rolled ""cold-reduced"", of a thickness of > 1 mm but < 3 mm ""electrical"""
72091690,D,,0.533,"Flat-rolled products of iron or non-alloy steel, of a width of >= 600 mm, in coils, simply cold-rolled ""cold-reduced"", of a thickness of > 1 mm but < 3 mm ""electrical"""
72091690,E,,0.108,"Flat-rolled products of iron or non-alloy steel, of a width of >= 600 mm, in coils, simply cold-rolled ""cold-reduced"", of a thickness of > 1 mm but < 3 mm ""electrical"""
72091710,C,0.079,1.458,"Flat-rolled products of iron or non-alloy steel, of a width of >= 600 mm, in coils, simply cold-rolled ""cold-reduced"", of a thickness of >= 0,5 mm but <= 1 mm ""electrical"""
72091710,D,,0.533,"Flat-rolled products of iron or non-alloy steel, of a width of >= 600 mm, in coils, simply cold-rolled ""cold-reduced"", of a thickness of >= 0,5 mm but <= 1 mm ""electrical"""
72091710,E,,0.108,"Flat-rolled products of iron or non-alloy steel, of a width of >= 600 mm, in coils, simply cold-rolled ""cold-reduced"", of a thickness of >= 0,5 mm but <= 1 mm ""electrical"""
72091790,C,0.079,1.458,"Flat-rolled products of iron or non-alloy steel, of a width of >= 600 mm, in coils, simply cold-rolled ""cold-reduced"", not clad, plated or coated, of a thickness of >= 0,5 mm but <= 1 mm (excl. electrical)"
72091790,D,,0.533,"Flat-rolled products of iron or non-alloy steel, of a width of >= 600 mm, in coils, simply cold-rolled ""cold-reduced"", not clad, plated or coated, of a thickness of >= 0,5 mm but <= 1 mm (excl. electrical)"
72091790,E,,0.108,"Flat-rolled products of iron or non-alloy steel, of a width of >= 600 mm, in coils, simply cold-rolled ""cold-reduced"", not clad, plated or coated, of a thickness of >= 0,5 mm but <= 1 mm (excl. electrical)"
72091810,C,0.079,1.458,"Flat-rolled products of iron or non-alloy steel, of a width of >= 600 mm, in coils, simply cold-rolled ""cold-reduced"", of a thickness of < 0,5 mm ""electrical"""
72091810,D,,0.533,"Flat-rolled products of iron or non-alloy steel, of a width of >= 600 mm, in coils, simply cold-rolled ""cold-reduced"", of a thickness of < 0,5 mm ""electrical"""
72091810,E,,0.108,"Flat-rolled products of iron or non-alloy steel, of a width of >= 600 mm, in coils, simply cold-rolled ""cold-reduced"", of a thickness of < 0,5 mm ""electrical"""
72091891,C,0.079,1.458,"Flat-rolled products of iron or non-alloy steel, of a width of >= 600 mm, in coils, simply cold-rolled ""cold-reduced"", not clad, plated or coated, of a thickness of >= 0,35 mm but < 0,5 mm (excl. electrical)"
72091891,D,,0.533,"Flat-rolled products of iron or non-alloy steel, of a width of >= 600 mm, in coils, simply cold-rolled ""cold-reduced"", not clad, plated or coated, of a thickness of >= 0,35 mm but < 0,5 mm (excl. electrical)"
72091891,E,,0.108,"Flat-rolled products of iron or non-alloy steel, of a width of >= 600 mm, in coils, simply cold-rolled ""cold-reduced"", not clad, plated or coated, of a thickness of >= 0,35 mm but < 0,5 mm (excl. electrical)"
72091899,C,0.079,1.458,"Flat-rolled products of iron or non-alloy steel, of a width of >= 600 mm, in coils, simply cold-rolled ""cold-reduced"", not clad, plated or coated, of a thickness of < 0,35 mm (excl. electrical)"
72091899,D,,0.533,"Flat-rolled products of iron or non-alloy steel, of a width of >= 600 mm, in coils, simply cold-rolled ""cold-reduced"", not clad, plated or coated, of a thickness of < 0,35 mm (excl. electrical)"
72091899,E,,0.108,"Flat-rolled products of iron or non-alloy steel, of a width of >= 600 mm, in coils, simply cold-rolled ""cold-reduced"", not clad, plated or coated, of a thickness of < 0,35 mm (excl. electrical)"
72092500,C,0.079,1.458,"Flat-rolled products of iron or non-alloy steel, of a width of >= 600 mm, not in coils, simply cold-rolled ""cold-reduced"", not clad, plated or coated, of a thickness of >= 3 mm"
72092500,D,,0.533,"Flat-rolled products of iron or non-alloy steel, of a width of >= 600 mm, not in coils, simply cold-rolled ""cold-reduced"", not clad, plated or coated, of a thickness of >= 3 mm"
72092500,E,,0.108,"Flat-rolled products of iron or non-alloy steel, of a width of >= 600 mm, not in coils, simply cold-rolled ""cold-reduced"", not clad, plated or coated, of a thickness of >= 3 mm"
72092610,C,0.079,1.458,"Flat-rolled products of iron or non-alloy steel, of a width of >= 600 mm, not in coils, simply cold-rolled ""cold-reduced"", of a thickness of > 1 mm but < 3 mm ""electrical"""
72092610,D,,0.533,"Flat-rolled products of iron or non-alloy steel, of a width of >= 600 mm, not in coils, simply cold-rolled ""cold-reduced"", of a thickness of > 1 mm but < 3 mm ""electrical"""
72092610,E,,0.108,"Flat-rolled products of iron or non-alloy steel, of a width of >= 600 mm, not in coils, simply cold-rolled ""cold-reduced"", of a thickness of > 1 mm but < 3 mm ""electrical"""
72092690,C,0.079,1.458,"Flat-rolled products of iron or non-alloy steel, of a width of >= 600 mm, not in coils, simply cold-rolled ""cold-reduced"", not clad, plated or coated, of a thickness of > 1 mm but < 3 mm (excl. electrical)"
72092690,D,,0.533,"Flat-rolled products of iron or non-alloy steel, of a width of >= 600 mm, not in coils, simply cold-rolled ""cold-reduced"", not clad, plated or coated, of a thickness of > 1 mm but < 3 mm (excl. electrical)"
72092690,E,,0.108,"Flat-rolled products of iron or non-alloy steel, of a width of >= 600 mm, not in coils, simply cold-rolled ""cold-reduced"", not clad, plated or coated, of a thickness of > 1 mm but < 3 mm (excl. electrical)"
72092710,C,0.079,1.458,"Flat-rolled products of iron or non-alloy steel, of a width of >= 600 mm, not in coils, simply cold-rolled ""cold-reduced"", of a thickness of >= 0,5 mm but <= 1 mm ""electrical"""
72092710,D,,0.533,"Flat-rolled products of iron or non-alloy steel, of a width of >= 600 mm, not in coils, simply cold-rolled ""cold-reduced"", of a thickness of >= 0,5 mm but <= 1 mm ""electrical"""
72092710,E,,0.108,"Flat-rolled products of iron or non-alloy steel, of a width of >= 600 mm, not in coils, simply cold-rolled ""cold-reduced"", of a thickness of >= 0,5 mm but <= 1 mm ""electrical"""
72092790,C,0.079,1.458,"Flat-rolled products of iron or non-alloy steel, of a width of >= 600 mm, not in coils, simply cold-rolled ""cold-reduced"", not clad, plated or coated, of a thickness of >= 0,5 mm but <= 1 mm (excl. electrical)"
72092790,D,,0.533,"Flat-rolled products of iron or non-alloy steel, of a width of >= 600 mm, not in coils, simply cold-rolled ""cold-reduced"", not clad, plated or coated, of a thickness of >= 0,5 mm but <= 1 mm (excl. electrical)"
72092790,E,,0.108,"Flat-rolled products of iron or non-alloy steel, of a width of >= 600 mm, not in coils, simply cold-rolled ""cold-reduced"", not clad, plated or coated, of a thickness of >= 0,5 mm but <= 1 mm (excl. electrical)"
72092810,C,0.079,1.458,"Flat-rolled products of iron or non-alloy steel, of a width of >= 600 mm, not in coils, simply cold-rolled ""cold-reduced"", of a thickness of < 0,5 mm ""electrical"""
72092810,D,,0.533,"Flat-rolled products of iron or non-alloy steel, of a width of >= 600 mm, not in coils, simply cold-rolled ""cold-reduced"", of a thickness of < 0,5 mm ""electrical"""
72092810,E,,0.108,"Flat-rolled products of iron or non-alloy steel, of a width of >= 600 mm, not in coils, simply cold-rolled ""cold-reduced"", of a thickness of < 0,5 mm ""electrical"""
72092890,C,0.079,1.458,"Flat-rolled products of iron or non-alloy steel, of a width of >= 600 mm, not in coils, simply cold-rolled ""cold-reduced"", not clad, plated or coated, of a thickness of < 0,5 mm (excl. electrical)"
72092890,D,,0.533,"Flat-rolled products of iron or non-alloy steel, of a width of >= 600 mm, not in coils, simply cold-rolled ""cold-reduced"", not clad, plated or coated, of a thickness of < 0,5 mm (excl. electrical)"
72092890,E,,0.108,"Flat-rolled products of iron or non-alloy steel, of a width of >= 600 mm, not in coils, simply cold-rolled ""cold-reduced"", not clad, plated or coated, of a thickness of < 0,5 mm (excl. electrical)"
72099020,C,0.079,1.458,"Flat-rolled products of iron or steel, of a width of >= 600 mm, cold-rolled ""cold-reduced"" and further worked, but not clad, plated or coated, perforated"
72099020,D,,0.533,"Flat-rolled products of iron or steel, of a width of >= 600 mm, cold-rolled ""cold-reduced"" and further worked, but not clad, plated or coated, perforated"
72099020,E,,0.108,"Flat-rolled products of iron or steel, of a width of >= 600 mm, cold-rolled ""cold-reduced"" and further worked, but not clad, plated or coated, perforated"
72099080,C,0.079,1.458,"Flat-rolled products of iron or steel, of a width of >= 600 mm, cold-rolled ""cold-reduced"" and further worked, but not clad, plated or coated, non-perforated"
72099080,D,,0.533,"Flat-rolled products of iron or steel, of a width of >= 600 mm, cold-rolled ""cold-reduced"" and further worked, but not clad, plated or coated, non-perforated"
72099080,E,,0.108,"Flat-rolled products of iron or steel, of a width of >= 600 mm, cold-rolled ""cold-reduced"" and further worked, but not clad, plated or coated, non-perforated"
72101100,C,0.112,1.491,"Flat-rolled products of iron or non-alloy steel, of a width of >= 600 mm, hot-rolled or cold-rolled ""cold-reduced"", tinned, of a thickness of >= 0,5 mm"
72101100,D,,0.567,"Flat-rolled products of iron or non-alloy steel, of a width of >= 600 mm, hot-rolled or cold-rolled ""cold-reduced"", tinned, of a thickness of >= 0,5 mm"
72101100,E,,0.141,"Flat-rolled products of iron or non-alloy steel, of a width of >= 600 mm, hot-rolled or cold-rolled ""cold-reduced"", tinned, of a thickness of >= 0,5 mm"
72101220,C,0.112,1.491,"Tinplate of iron or non-alloy steel, of a width of >= 600 mm and of a thickness of < 0,5 mm, tinned [coated with a layer of metal containing, by weight, >= 97% of tin], not further worked than surface-treated"
72101220,D,,0.567,"Tinplate of iron or non-alloy steel, of a width of >= 600 mm and of a thickness of < 0,5 mm, tinned [coated with a layer of metal containing, by weight, >= 97% of tin], not further worked than surface-treated"
72101220,E,,0.141,"Tinplate of iron or non-alloy steel, of a width of >= 600 mm and of a thickness of < 0,5 mm, tinned [coated with a layer of metal containing, by weight, >= 97% of tin], not further worked than surface-treated"
72101280,C,0.112,1.491,"Flat-rolled products of iron or non-alloy steel, of a width of >= 600 mm, hot-rolled or cold-rolled ""cold-reduced"", plated or coated with tin, of a thickness of < 0,5 mm (excl. tinplate)"
72101280,D,,0.567,"Flat-rolled products of iron or non-alloy steel, of a width of >= 600 mm, hot-rolled or cold-rolled ""cold-reduced"", plated or coated with tin, of a thickness of < 0,5 mm (excl. tinplate)"
72101280,E,,0.141,"Flat-rolled products of iron or non-alloy steel, of a width of >= 600 mm, hot-rolled or cold-rolled ""cold-reduced"", plated or coated with tin, of a thickness of < 0,5 mm (excl. tinplate)"
72102000,C,0.112,1.491,"Flat-rolled products of iron or non-alloy steel, of a width of >= 600 mm, hot-rolled or cold-rolled ""cold-reduced"", plated or coated with lead, incl. terne-plate"
72102000,D,,0.567,"Flat-rolled products of iron or non-alloy steel, of a width of >= 600 mm, hot-rolled or cold-rolled ""cold-reduced"", plated or coated with lead, incl. terne-plate"
72102000,E,,0.141,"Flat-rolled products of iron or non-alloy steel, of a width of >= 600 mm, hot-rolled or cold-rolled ""cold-reduced"", plated or coated with lead, incl. terne-plate"
72103000,C,0.112,1.491,"Flat-rolled products of iron or non-alloy steel, of a width of >= 600 mm, hot-rolled or cold-rolled ""cold-reduced"", electrolytically plated or coated with zinc"
72103000,D,,0.567,"Flat-rolled products of iron or non-alloy steel, of a width of >= 600 mm, hot-rolled or cold-rolled ""cold-reduced"", electrolytically plated or coated with zinc"
72103000,E,,0.141,"Flat-rolled products of iron or non-alloy steel, of a width of >= 600 mm, hot-rolled or cold-rolled ""cold-reduced"", electrolytically plated or coated with zinc"
72104100,C,0.112,1.491,"Flat-rolled products of iron or non-alloy steel, of a width of >= 600 mm, hot-rolled or cold-rolled ""cold-reduced"", corrugated, plated or coated with zinc (excl. electrolytically plated or coated with zinc)"
72104100,D,,0.567,"Flat-rolled products of iron or non-alloy steel, of a width of >= 600 mm, hot-rolled or cold-rolled ""cold-reduced"", corrugated, plated or coated with zinc (excl. electrolytically plated or coated with zinc)"
72104100,E,,0.141,"Flat-rolled products of iron or non-alloy steel, of a width of >= 600 mm, hot-rolled or cold-rolled ""cold-reduced"", corrugated, plated or coated with zinc (excl. electrolytically plated or coated with zinc)"
72104900,C,0.112,1.491,"Flat-rolled products of iron or non-alloy steel, of a width of >= 600 mm, hot-rolled or cold-rolled ""cold-reduced"", not corrugated, plated or coated with zinc (excl. electrolytically plated or coated with zinc)"
72104900,D,,0.567,"Flat-rolled products of iron or non-alloy steel, of a width of >= 600 mm, hot-rolled or cold-rolled ""cold-reduced"", not corrugated, plated or coated with zinc (excl. electrolytically plated or coated with zinc)"
72104900,E,,0.141,"Flat-rolled products of iron or non-alloy steel, of a width of >= 600 mm, hot-rolled or cold-rolled ""cold-reduced"", not corrugated, plated or coated with zinc (excl. electrolytically plated or coated with zinc)"
72105000,C,0.112,1.491,"Flat-rolled products of iron or non-alloy steel, of a width of >= 600 mm, hot-rolled or cold-rolled ""cold-reduced"", plated or coated with chromium oxides or with chromium and chromium oxides"
72105000,D,,0.567,"Flat-rolled products of iron or non-alloy steel, of a width of >= 600 mm, hot-rolled or cold-rolled ""cold-reduced"", plated or coated with chromium oxides or with chromium and chromium oxides"
72105000,E,,0.141,"Flat-rolled products of iron or non-alloy steel, of a width of >= 600 mm, hot-rolled or cold-rolled ""cold-reduced"", plated or coated with chromium oxides or with chromium and chromium oxides"
72106100,C,0.112,1.491,"Flat-rolled products of iron or non-alloy steel, of a width of >= 600 mm, hot-rolled or cold-rolled ""cold-reduced"", plated or coated with aluminium-zinc alloys"
72106100,D,,0.567,"Flat-rolled products of iron or non-alloy steel, of a width of >= 600 mm, hot-rolled or cold-rolled ""cold-reduced"", plated or coated with aluminium-zinc alloys"
72106100,E,,0.141,"Flat-rolled products of iron or non-alloy steel, of a width of >= 600 mm, hot-rolled or cold-rolled ""cold-reduced"", plated or coated with aluminium-zinc alloys"
72106900,C,0.112,1.491,"Flat-rolled products of iron or non-alloy steel, of a width of >= 600 mm, hot-rolled or cold-rolled ""cold-reduced"", plated or coated with aluminium (excl. products plated or coated with aluminium-zinc alloys)"
72106900,D,,0.567,"Flat-rolled products of iron or non-alloy steel, of a width of >= 600 mm, hot-rolled or cold-rolled ""cold-reduced"", plated or coated with aluminium (excl. products plated or coated with aluminium-zinc alloys)"
72106900,E,,0.141,"Flat-rolled products of iron or non-alloy steel, of a width of >= 600 mm, hot-rolled or cold-rolled ""cold-reduced"", plated or coated with aluminium (excl. products plated or coated with aluminium-zinc alloys)"
72107010,C,0.112,1.491,"Tinplate of a width of >= 600 mm and of a thickness of < 0,5 mm, tinned [coated with a layer of metal containing, by weight, >= 97% of tin], not further worked than varnished, and flat products plated or coated with chromium oxides or with chromium and chromium oxides, of iron or non-alloy steel, of a width of >= 600 mm, hot-rolled or cold-rolled ""cold-reduced"", varnished"
72107010,D,,0.567,"Tinplate of a width of >= 600 mm and of a thickness of < 0,5 mm, tinned [coated with a layer of metal containing, by weight, >= 97% of tin], not further worked than varnished, and flat products plated or coated with chromium oxides or with chromium and chromium oxides, of iron or non-alloy steel, of a width of >= 600 mm, hot-rolled or cold-rolled ""cold-reduced"", varnished"
72107010,E,,0.141,"Tinplate of a width of >= 600 mm and of a thickness of < 0,5 mm, tinned [coated with a layer of metal containing, by weight, >= 97% of tin], not further worked than varnished, and flat products plated or coated with chromium oxides or with chromium and chromium oxides, of iron or non-alloy steel, of a width of >= 600 mm, hot-rolled or cold-rolled ""cold-reduced"", varnished"
72107080,C,0.112,1.491,"Flat-rolled products of iron or non-alloy steel, of a width of >= 600 mm, hot-rolled or cold-rolled ""cold-reduced"", painted, varnished or plastic coated (excl. tinplate and products electrolytically plated or coated with chrome, varnished)"
72107080,D,,0.567,"Flat-rolled products of iron or non-alloy steel, of a width of >= 600 mm, hot-rolled or cold-rolled ""cold-reduced"", painted, varnished or plastic coated (excl. tinplate and products electrolytically plated or coated with chrome, varnished)"
72107080,E,,0.141,"Flat-rolled products of iron or non-alloy steel, of a width of >= 600 mm, hot-rolled or cold-rolled ""cold-reduced"", painted, varnished or plastic coated (excl. tinplate and products electrolytically plated or coated with chrome, varnished)"
72109030,C,0.112,1.491,"Flat-rolled products of iron or non-alloy steel, of a width of >= 600 mm, hot-rolled or cold-rolled ""cold-reduced"", clad"
72109030,D,,0.567,"Flat-rolled products of iron or non-alloy steel, of a width of >= 600 mm, hot-rolled or cold-rolled ""cold-reduced"", clad"
72109030,E,,0.141,"Flat-rolled products of iron or non-alloy steel, of a width of >= 600 mm, hot-rolled or cold-rolled ""cold-reduced"", clad"
72109040,C,0.112,1.491,"Flat-rolled products of iron or non-alloy steel, tinned and printed, of a width of >= 600 mm, hot-rolled or cold-rolled ""cold-reduced"""
72109040,D,,0.567,"Flat-rolled products of iron or non-alloy steel, tinned and printed, of a width of >= 600 mm, hot-rolled or cold-rolled ""cold-reduced"""
72109040,E,,0.141,"Flat-rolled products of iron or non-alloy steel, tinned and printed, of a width of >= 600 mm, hot-rolled or cold-rolled ""cold-reduced"""
72109080,C,0.112,1.491,"Flat-rolled products of iron or non-alloy steel, hot-rolled or cold-rolled ""cold-reduced"", of a width of >= 600 mm, plated or coated (excl. plated or coated with thin, lead ""incl. terne-plate"", zinc, aluminium, chromium, chromium oxides, plastics, platinum, painted or varnished, clad and tinned and printed)"
72109080,D,,0.567,"Flat-rolled products of iron or non-alloy steel, hot-rolled or cold-rolled ""cold-reduced"", of a width of >= 600 mm, plated or coated (excl. plated or coated with thin, lead ""incl. terne-plate"", zinc, aluminium, chromium, chromium oxides, plastics, platinum, painted or varnished, clad and tinned and printed)"
72109080,E,,0.141,"Flat-rolled products of iron or non-alloy steel, hot-rolled or cold-rolled ""cold-reduced"", of a width of >= 600 mm, plated or coated (excl. plated or coated with thin, lead ""incl. terne-plate"", zinc, aluminium, chromium, chromium oxides, plastics, platinum, painted or varnished, clad and tinned and printed)"
72111300,C,0.044,1.37,"Flat-rolled products of iron or non-alloy steel, simply hot-rolled on four faces or in a closed box pass, not clad, plated or coated, of a width of > 150 mm but < 600 mm and a thickness of >= 4 mm, not in coils, without patterns in relief, commonly known as ""wide flats"""
72111300,D,,0.481,"Flat-rolled products of iron or non-alloy steel, simply hot-rolled on four faces or in a closed box pass, not clad, plated or coated, of a width of > 150 mm but < 600 mm and a thickness of >= 4 mm, not in coils, without patterns in relief, commonly known as ""wide flats"""
72111300,E,,0.072,"Flat-rolled products of iron or non-alloy steel, simply hot-rolled on four faces or in a closed box pass, not clad, plated or coated, of a width of > 150 mm but < 600 mm and a thickness of >= 4 mm, not in coils, without patterns in relief, commonly known as ""wide flats"""
72111400,C,0.044,1.37,"Flat-rolled products of iron or non-alloy steel, of a width < 600 mm, not further worked than hot-rolled, not clad, plated or coated, of a thickness of >= 4,75 mm (excl. ""wide flats"")"
72111400,D,,0.481,"Flat-rolled products of iron or non-alloy steel, of a width < 600 mm, not further worked than hot-rolled, not clad, plated or coated, of a thickness of >= 4,75 mm (excl. ""wide flats"")"
72111400,E,,0.072,"Flat-rolled products of iron or non-alloy steel, of a width < 600 mm, not further worked than hot-rolled, not clad, plated or coated, of a thickness of >= 4,75 mm (excl. ""wide flats"")"
72111900,C,0.044,1.37,"Flat-rolled products of iron or non-alloy steel, of a width < 600 mm, simply hot-rolled, not clad, plated or coated, of a thickness < 4,75 mm (excl. ""wide flats"")"
72111900,D,,0.481,"Flat-rolled products of iron or non-alloy steel, of a width < 600 mm, simply hot-rolled, not clad, plated or coated, of a thickness < 4,75 mm (excl. ""wide flats"")"
72111900,E,,0.072,"Flat-rolled products of iron or non-alloy steel, of a width < 600 mm, simply hot-rolled, not clad, plated or coated, of a thickness < 4,75 mm (excl. ""wide flats"")"
72112320,C,0.079,1.458,"Flat-rolled products of iron or non-alloy steel, of a width of < 600 mm, simply cold-rolled ""cold-reduced"", not clad, plated or coated, containing by weight < 0,25% of carbon ""electrical"""
72112320,D,,0.533,"Flat-rolled products of iron or non-alloy steel, of a width of < 600 mm, simply cold-rolled ""cold-reduced"", not clad, plated or coated, containing by weight < 0,25% of carbon ""electrical"""
72112320,E,,0.108,"Flat-rolled products of iron or non-alloy steel, of a width of < 600 mm, simply cold-rolled ""cold-reduced"", not clad, plated or coated, containing by weight < 0,25% of carbon ""electrical"""
72112330,C,0.079,1.458,"Flat-rolled products of iron or non-alloy steel, of a width of < 600 mm and of a thickness of >= 0,35 mm, simply cold-rolled ""cold-reduced"", not clad, plated or coated, containing by weight < 0,25% of carbon (excl. electrical plate)"
72112330,D,,0.533,"Flat-rolled products of iron or non-alloy steel, of a width of < 600 mm and of a thickness of >= 0,35 mm, simply cold-rolled ""cold-reduced"", not clad, plated or coated, containing by weight < 0,25% of carbon (excl. electrical plate)"
72112330,E,,0.108,"Flat-rolled products of iron or non-alloy steel, of a width of < 600 mm and of a thickness of >= 0,35 mm, simply cold-rolled ""cold-reduced"", not clad, plated or coated, containing by weight < 0,25% of carbon (excl. electrical plate)"
72112380,C,0.079,1.458,"Flat-rolled products of iron or non-alloy steel, of a width of < 600 mm and of a thickness of < 0,35 mm, simply cold-rolled ""cold-reduced"", not clad, plated or coated, containing by weight < 0,25% of carbon (excl. electrical plate)"
72112380,D,,0.533,"Flat-rolled products of iron or non-alloy steel, of a width of < 600 mm and of a thickness of < 0,35 mm, simply cold-rolled ""cold-reduced"", not clad, plated or coated, containing by weight < 0,25% of carbon (excl. electrical plate)"
72112380,E,,0.108,"Flat-rolled products of iron or non-alloy steel, of a width of < 600 mm and of a thickness of < 0,35 mm, simply cold-rolled ""cold-reduced"", not clad, plated or coated, containing by weight < 0,25% of carbon (excl. electrical plate)"
72112900,C,0.079,1.458,"Flat-rolled products of iron or non-alloy steel, of a width of < 600 mm, simply cold-rolled ""cold-reduced"", not clad, plated or coated, containing by weight >= 0,25% of carbon"
72112900,D,,0.533,"Flat-rolled products of iron or non-alloy steel, of a width of < 600 mm, simply cold-rolled ""cold-reduced"", not clad, plated or coated, containing by weight >= 0,25% of carbon"
72112900,E,,0.108,"Flat-rolled products of iron or non-alloy steel, of a width of < 600 mm, simply cold-rolled ""cold-reduced"", not clad, plated or coated, containing by weight >= 0,25% of carbon"
72119020,C,0.079,1.458,"Flat-rolled products of iron or non-alloy steel, of a width of < 600 mm, hot-rolled or cold-rolled ""cold-reduced"" and further worked, but not clad, plated or coated, perforated"
72119020,D,,0.533,"Flat-rolled products of iron or non-alloy steel, of a width of < 600 mm, hot-rolled or cold-rolled ""cold-reduced"" and further worked, but not clad, plated or coated, perforated"
72119020,E,,0.108,"Flat-rolled products of iron or non-alloy steel, of a width of < 600 mm, hot-rolled or cold-rolled ""cold-reduced"" and further worked, but not clad, plated or coated, perforated"
72119080,C,0.079,1.458,"Flat-rolled products of iron or non-alloy steel, of a width of < 600 mm, hot-rolled or cold-rolled ""cold-reduced"" and further worked, but not clad, plated or coated non-perforated"
72119080,D,,0.533,"Flat-rolled products of iron or non-alloy steel, of a width of < 600 mm, hot-rolled or cold-rolled ""cold-reduced"" and further worked, but not clad, plated or coated non-perforated"
72119080,E,,0.108,"Flat-rolled products of iron or non-alloy steel, of a width of < 600 mm, hot-rolled or cold-rolled ""cold-reduced"" and further worked, but not clad, plated or coated non-perforated"
72121010,C,0.112,1.491,"Tinplate of iron or non-alloy steel, of a width of < 600 mm and of a thickness of < 0,5 mm, tinned [coated with a layer of metal containing, by weight, >= 97% of tin], not further worked than surface-treated"
72121010,D,,0.567,"Tinplate of iron or non-alloy steel, of a width of < 600 mm and of a thickness of < 0,5 mm, tinned [coated with a layer of metal containing, by weight, >= 97% of tin], not further worked than surface-treated"
72121010,E,,0.141,"Tinplate of iron or non-alloy steel, of a width of < 600 mm and of a thickness of < 0,5 mm, tinned [coated with a layer of metal containing, by weight, >= 97% of tin], not further worked than surface-treated"
72121090,C,0.112,1.491,"Flat-rolled products of iron or non-alloy steel, hot-rolled or cold-rolled ""cold-reduced"", of a width of < 600 mm, tinned (excl. tinplate, not further worked than surface-treated)"
72121090,D,,0.567,"Flat-rolled products of iron or non-alloy steel, hot-rolled or cold-rolled ""cold-reduced"", of a width of < 600 mm, tinned (excl. tinplate, not further worked than surface-treated)"
72121090,E,,0.141,"Flat-rolled products of iron or non-alloy steel, hot-rolled or cold-rolled ""cold-reduced"", of a width of < 600 mm, tinned (excl. tinplate, not further worked than surface-treated)"
72122000,C,0.112,1.491,"Flat-rolled products of iron or non-alloy steel, of a width of < 600 mm, hot-rolled or cold-rolled ""cold-reduced"", electrolytically plated or coated with zinc"
72122000,D,,0.567,"Flat-rolled products of iron or non-alloy steel, of a width of < 600 mm, hot-rolled or cold-rolled ""cold-reduced"", electrolytically plated or coated with zinc"
72122000,E,,0.141,"Flat-rolled products of iron or non-alloy steel, of a width of < 600 mm, hot-rolled or cold-rolled ""cold-reduced"", electrolytically plated or coated with zinc"
72123000,C,0.112,1.491,"Flat-rolled products of iron or non-alloy steel, of a width of < 600 mm, hot-rolled or cold-rolled ""cold-reduced"", tinned (excl. electrolytically plated or coated with zinc)"
72123000,D,,0.567,"Flat-rolled products of iron or non-alloy steel, of a width of < 600 mm, hot-rolled or cold-rolled ""cold-reduced"", tinned (excl. electrolytically plated or coated with zinc)"
72123000,E,,0.141,"Flat-rolled products of iron or non-alloy steel, of a width of < 600 mm, hot-rolled or cold-rolled ""cold-reduced"", tinned (excl. electrolytically plated or coated with zinc)"
72124020,C,0.112,1.491,"Tinplate of a width of < 600 mm and of a thickness of < 0,5 mm, tinned [coated with a layer of metal containing, by weight, >= 97% of tin], not further worked than varnished, and flat products plated or coated with chromium oxides or with chromium and chromium oxides, of iron or non-alloy steel, of a width of < 600 mm, hot-rolled or cold-rolled ""cold-reduced"", varnished"
72124020,D,,0.567,"Tinplate of a width of < 600 mm and of a thickness of < 0,5 mm, tinned [coated with a layer of metal containing, by weight, >= 97% of tin], not further worked than varnished, and flat products plated or coated with chromium oxides or with chromium and chromium oxides, of iron or non-alloy steel, of a width of < 600 mm, hot-rolled or cold-rolled ""cold-reduced"", varnished"
72124020,E,,0.141,"Tinplate of a width of < 600 mm and of a thickness of < 0,5 mm, tinned [coated with a layer of metal containing, by weight, >= 97% of tin], not further worked than varnished, and flat products plated or coated with chromium oxides or with chromium and chromium oxides, of iron or non-alloy steel, of a width of < 600 mm, hot-rolled or cold-rolled ""cold-reduced"", varnished"
72124080,C,0.112,1.491,"Flat-rolled products of iron or non-alloy steel, of a width of < 600 mm, hot-rolled or cold-rolled ""cold-reduced"", painted, varnished or plastic coated (excl. tinplate, not further worked than varnished, and products plated or coated with chromium oxides or with chromium and chromium oxides, varnished)"
72124080,D,,0.567,"Flat-rolled products of iron or non-alloy steel, of a width of < 600 mm, hot-rolled or cold-rolled ""cold-reduced"", painted, varnished or plastic coated (excl. tinplate, not further worked than varnished, and products plated or coated with chromium oxides or with chromium and chromium oxides, varnished)"
72124080,E,,0.141,"Flat-rolled products of iron or non-alloy steel, of a width of < 600 mm, hot-rolled or cold-rolled ""cold-reduced"", painted, varnished or plastic coated (excl. tinplate, not further worked than varnished, and products plated or coated with chromium oxides or with chromium and chromium oxides, varnished)"
72125020,C,0.112,1.491,"Flat-rolled products of iron or non-alloy steel, of a width of < 600 mm, hot-rolled or cold-rolled ""cold-reduced"", plated or coated with chromium oxides or with chromium and chromium oxides (excl. varnished)"
72125020,D,,0.567,"Flat-rolled products of iron or non-alloy steel, of a width of < 600 mm, hot-rolled or cold-rolled ""cold-reduced"", plated or coated with chromium oxides or with chromium and chromium oxides (excl. varnished)"
72125020,E,,0.141,"Flat-rolled products of iron or non-alloy steel, of a width of < 600 mm, hot-rolled or cold-rolled ""cold-reduced"", plated or coated with chromium oxides or with chromium and chromium oxides (excl. varnished)"
72125030,C,0.112,1.491,"Flat-rolled products of iron or non-alloy steel, of a width of < 600 mm, hot-rolled or cold-rolled ""cold-reduced"", plated or coated with chromium or nickel"
72125030,D,,0.567,"Flat-rolled products of iron or non-alloy steel, of a width of < 600 mm, hot-rolled or cold-rolled ""cold-reduced"", plated or coated with chromium or nickel"
72125030,E,,0.141,"Flat-rolled products of iron or non-alloy steel, of a width of < 600 mm, hot-rolled or cold-rolled ""cold-reduced"", plated or coated with chromium or nickel"
72125040,C,0.112,1.491,"Flat-rolled products of iron or non-alloy steel, of a width of < 600 mm, hot-rolled or cold-rolled ""cold-reduced"", plated or coated with copper"
72125040,D,,0.567,"Flat-rolled products of iron or non-alloy steel, of a width of < 600 mm, hot-rolled or cold-rolled ""cold-reduced"", plated or coated with copper"
72125040,E,,0.141,"Flat-rolled products of iron or non-alloy steel, of a width of < 600 mm, hot-rolled or cold-rolled ""cold-reduced"", plated or coated with copper"
72125061,C,0.112,1.491,"Flat-rolled products of iron or non-alloy steel, of a width of < 600 mm, hot-rolled or cold-rolled ""cold-reduced"", plated or coated with aluminium-zinc alloys"
72125061,D,,0.567,"Flat-rolled products of iron or non-alloy steel, of a width of < 600 mm, hot-rolled or cold-rolled ""cold-reduced"", plated or coated with aluminium-zinc alloys"
72125061,E,,0.141,"Flat-rolled products of iron or non-alloy steel, of a width of < 600 mm, hot-rolled or cold-rolled ""cold-reduced"", plated or coated with aluminium-zinc alloys"
72125069,C,0.112,1.491,"Flat-rolled products of iron or non-alloy steel, of a width of < 600 mm, hot-rolled or cold-rolled ""cold-reduced"", plated or coated with aluminium (excl. products plated or coated with aluminium-zinc alloys)"
72125069,D,,0.567,"Flat-rolled products of iron or non-alloy steel, of a width of < 600 mm, hot-rolled or cold-rolled ""cold-reduced"", plated or coated with aluminium (excl. products plated or coated with aluminium-zinc alloys)"
72125069,E,,0.141,"Flat-rolled products of iron or non-alloy steel, of a width of < 600 mm, hot-rolled or cold-rolled ""cold-reduced"", plated or coated with aluminium (excl. products plated or coated with aluminium-zinc alloys)"
72125090,C,0.112,1.491,"Flat-rolled products of iron or non-alloy steel, of a width of < 600 mm, hot-rolled or cold-rolled ""cold-reduced"", clad (excl. products plated or coated with tin or zinc, copper, with chromium oxides or with chromium and chromium oxides, chromium, nickel or aluminium, painted or varnished, and plastic-coated)"
72125090,D,,0.567,"Flat-rolled products of iron or non-alloy steel, of a width of < 600 mm, hot-rolled or cold-rolled ""cold-reduced"", clad (excl. products plated or coated with tin or zinc, copper, with chromium oxides or with chromium and chromium oxides, chromium, nickel or aluminium, painted or varnished, and plastic-coated)"
72125090,E,,0.141,"Flat-rolled products of iron or non-alloy steel, of a width of < 600 mm, hot-rolled or cold-rolled ""cold-reduced"", clad (excl. products plated or coated with tin or zinc, copper, with chromium oxides or with chromium and chromium oxides, chromium, nickel or aluminium, painted or varnished, and plastic-coated)"
72126000,C,0.112,1.491,"Flat-rolled products of iron or non-alloy steel, of a width of < 600 mm, hot-rolled or cold-rolled ""cold-reduced"", clad"
72126000,D,,0.567,"Flat-rolled products of iron or non-alloy steel, of a width of < 600 mm, hot-rolled or cold-rolled ""cold-reduced"", clad"
72126000,E,,0.141,"Flat-rolled products of iron or non-alloy steel, of a width of < 600 mm, hot-rolled or cold-rolled ""cold-reduced"", clad"
72131000,C,0.038,1.364,"Bars and rods, hot-rolled, in irregularly wound coils of iron or non-alloy steel, with indentations, ribs, grooves or other deformations produced during the rolling process"
72131000,D,,0.475,"Bars and rods, hot-rolled, in irregularly wound coils of iron or non-alloy steel, with indentations, ribs, grooves or other deformations produced during the rolling process"
72131000,E,,0.066,"Bars and rods, hot-rolled, in irregularly wound coils of iron or non-alloy steel, with indentations, ribs, grooves or other deformations produced during the rolling process"
72132000,C,0.038,1.364,"Bars and rods, hot-rolled, in irregularly wound coils, of non-alloy free-cutting steel (excl. bars and rods containing indentations, ribs, grooves or other deformations produced during the rolling process)"
72132000,D,,0.475,"Bars and rods, hot-rolled, in irregularly wound coils, of non-alloy free-cutting steel (excl. bars and rods containing indentations, ribs, grooves or other deformations produced during the rolling process)"
72132000,E,,0.066,"Bars and rods, hot-rolled, in irregularly wound coils, of non-alloy free-cutting steel (excl. bars and rods containing indentations, ribs, grooves or other deformations produced during the rolling process)"
72139110,C,0.038,1.364,"Bars and rods, hot-rolled, of the type used for concrete reinforcement, smooth, of iron or non-alloy steel, in irregularly wound coils, of circular cross-section measuring < 14 mm in diameter"
72139110,D,,0.475,"Bars and rods, hot-rolled, of the type used for concrete reinforcement, smooth, of iron or non-alloy steel, in irregularly wound coils, of circular cross-section measuring < 14 mm in diameter"
72139110,E,,0.066,"Bars and rods, hot-rolled, of the type used for concrete reinforcement, smooth, of iron or non-alloy steel, in irregularly wound coils, of circular cross-section measuring < 14 mm in diameter"
72139120,C,0.038,1.364,"Bars and rods, hot-rolled, of the type used for tyre cord, smooth, of iron or non-alloy steel, in irregularly wound coils"
72139120,D,,0.475,"Bars and rods, hot-rolled, of the type used for tyre cord, smooth, of iron or non-alloy steel, in irregularly wound coils"
72139120,E,,0.066,"Bars and rods, hot-rolled, of the type used for tyre cord, smooth, of iron or non-alloy steel, in irregularly wound coils"
72139141,C,0.038,1.364,"Bars and rods, hot-rolled, of iron or non-alloy steel, in irregularly wound coils, containing by weight <= 0,06% of carbon, of circular cross-section measuring < 14 mm in diameter (excl. free-cutting steel, bars and rods, hot-rolled, for concrete reinforcement and tyre cord, and bars and rods, hot-rolled, containing indentations, ribs, grooves or other deformations produced during the rolling process)"
72139141,D,,0.475,"Bars and rods, hot-rolled, of iron or non-alloy steel, in irregularly wound coils, containing by weight <= 0,06% of carbon, of circular cross-section measuring < 14 mm in diameter (excl. free-cutting steel, bars and rods, hot-rolled, for concrete reinforcement and tyre cord, and bars and rods, hot-rolled, containing indentations, ribs, grooves or other deformations produced during the rolling process)"
72139141,E,,0.066,"Bars and rods, hot-rolled, of iron or non-alloy steel, in irregularly wound coils, containing by weight <= 0,06% of carbon, of circular cross-section measuring < 14 mm in diameter (excl. free-cutting steel, bars and rods, hot-rolled, for concrete reinforcement and tyre cord, and bars and rods, hot-rolled, containing indentations, ribs, grooves or other deformations produced during the rolling process)"
72139149,C,0.038,1.364,"Bars and rods, hot-rolled, of iron or non-alloy steel, in irregularly wound coils, containing by weight > 0,06% and < 0,25% of carbon, of circular cross-section, measuring < 14 mm in diameter (excl. of free-cutting steel, bars and rods, hot-rolled, for concrete reinforcement and tyre cord and bars and rods, hot-rolled, containing indentations, ribs, grooves or other deformations produced during the rolling process)"
72139149,D,,0.475,"Bars and rods, hot-rolled, of iron or non-alloy steel, in irregularly wound coils, containing by weight > 0,06% and < 0,25% of carbon, of circular cross-section, measuring < 14 mm in diameter (excl. of free-cutting steel, bars and rods, hot-rolled, for concrete reinforcement and tyre cord and bars and rods, hot-rolled, containing indentations, ribs, grooves or other deformations produced during the rolling process)"
72139149,E,,0.066,"Bars and rods, hot-rolled, of iron or non-alloy steel, in irregularly wound coils, containing by weight > 0,06% and < 0,25% of carbon, of circular cross-section, measuring < 14 mm in diameter (excl. of free-cutting steel, bars and rods, hot-rolled, for concrete reinforcement and tyre cord and bars and rods, hot-rolled, containing indentations, ribs, grooves or other deformations produced during the rolling process)"
72139170,C,0.038,1.364,"Bars and rods, hot-rolled, in irregularly wound coils, of iron or non-alloy steel, containing by weight >= 0,25% but <= 0,75% carbon, of circular cross-section measuring < 14 mm in diameter (excl. of free-cutting steel, and bars and rods, smooth, for concrete reinforcement and tyre cord, and bars and rods with indentations, ribs, grooves or other deformations produced during the rolling process)"
72139170,D,,0.475,"Bars and rods, hot-rolled, in irregularly wound coils, of iron or non-alloy steel, containing by weight >= 0,25% but <= 0,75% carbon, of circular cross-section measuring < 14 mm in diameter (excl. of free-cutting steel, and bars and rods, smooth, for concrete reinforcement and tyre cord, and bars and rods with indentations, ribs, grooves or other deformations produced during the rolling process)"
72139170,E,,0.066,"Bars and rods, hot-rolled, in irregularly wound coils, of iron or non-alloy steel, containing by weight >= 0,25% but <= 0,75% carbon, of circular cross-section measuring < 14 mm in diameter (excl. of free-cutting steel, and bars and rods, smooth, for concrete reinforcement and tyre cord, and bars and rods with indentations, ribs, grooves or other deformations produced during the rolling process)"
72139190,C,0.038,1.364,"Bars and rods, hot-rolled, of iron or non-alloy steel, in irregularly wound coils, containing by weight > 0,75% of carbon, of circular cross-section measuring < 14 mm in diameter (excl. of free-cutting steel, bars and rods, smooth, for tyre cord and bars and rods with indentations, ribs, grooves and other deformations produced during the rolling process)"
72139190,D,,0.475,"Bars and rods, hot-rolled, of iron or non-alloy steel, in irregularly wound coils, containing by weight > 0,75% of carbon, of circular cross-section measuring < 14 mm in diameter (excl. of free-cutting steel, bars and rods, smooth, for tyre cord and bars and rods with indentations, ribs, grooves and other deformations produced during the rolling process)"
72139190,E,,0.066,"Bars and rods, hot-rolled, of iron or non-alloy steel, in irregularly wound coils, containing by weight > 0,75% of carbon, of circular cross-section measuring < 14 mm in diameter (excl. of free-cutting steel, bars and rods, smooth, for tyre cord and bars and rods with indentations, ribs, grooves and other deformations produced during the rolling process)"
72139910,C,0.038,1.364,"Bars and rods, of iron or non-alloy steel, hot-rolled, in irregularly wound coils, containing by weight < 0,25% carbon (excl. products of circular cross-section measuring < 14 mm in diameter, bars and rods of free-cutting steel, and bars and rods with indentations, ribs, grooves or other deformations produced during the rolling process)"
72139910,D,,0.475,"Bars and rods, of iron or non-alloy steel, hot-rolled, in irregularly wound coils, containing by weight < 0,25% carbon (excl. products of circular cross-section measuring < 14 mm in diameter, bars and rods of free-cutting steel, and bars and rods with indentations, ribs, grooves or other deformations produced during the rolling process)"
72139910,E,,0.066,"Bars and rods, of iron or non-alloy steel, hot-rolled, in irregularly wound coils, containing by weight < 0,25% carbon (excl. products of circular cross-section measuring < 14 mm in diameter, bars and rods of free-cutting steel, and bars and rods with indentations, ribs, grooves or other deformations produced during the rolling process)"
72139990,C,0.038,1.364,"Bars and rods, hot-rolled, in irregularly wound coils, of iron or non-alloy steel, containing by weight >= 0,25% carbon (excl. products of circular cross-section measuring < 14 mm diameter, bars and rods of free-cutting steel, and bars and rods with indentations, ribs, grooves or other deformations produced during the rolling process)"
72139990,D,,0.475,"Bars and rods, hot-rolled, in irregularly wound coils, of iron or non-alloy steel, containing by weight >= 0,25% carbon (excl. products of circular cross-section measuring < 14 mm diameter, bars and rods of free-cutting steel, and bars and rods with indentations, ribs, grooves or other deformations produced during the rolling process)"
72139990,E,,0.066,"Bars and rods, hot-rolled, in irregularly wound coils, of iron or non-alloy steel, containing by weight >= 0,25% carbon (excl. products of circular cross-section measuring < 14 mm diameter, bars and rods of free-cutting steel, and bars and rods with indentations, ribs, grooves or other deformations produced during the rolling process)"
72141000,C,0.303,1.629,"Bars and rods, of iron or non-alloy steel, not further worked than forged (excl. in irregularly wound coils)"
72141000,D,,0.74,"Bars and rods, of iron or non-alloy steel, not further worked than forged (excl. in irregularly wound coils)"
72141000,E,,0.331,"Bars and rods, of iron or non-alloy steel, not further worked than forged (excl. in irregularly wound coils)"
72142000,C,0.038,1.364,"Bars and rods, of iron or non-alloy steel, with indentations, ribs, groves or other deformations produced during the rolling process"
72142000,D,,0.475,"Bars and rods, of iron or non-alloy steel, with indentations, ribs, groves or other deformations produced during the rolling process"
72142000,E,,0.066,"Bars and rods, of iron or non-alloy steel, with indentations, ribs, groves or other deformations produced during the rolling process"
72143000,C,0.038,1.364,"Bars and rods, of non-alloy free-cutting steel, not further worked than hot-rolled, hot-drawn or hot-extruded (excl. containing indentations, ribs, grooves or other deformations produced during the rolling process or twisted after rolling)"
72143000,D,,0.475,"Bars and rods, of non-alloy free-cutting steel, not further worked than hot-rolled, hot-drawn or hot-extruded (excl. containing indentations, ribs, grooves or other deformations produced during the rolling process or twisted after rolling)"
72143000,E,,0.066,"Bars and rods, of non-alloy free-cutting steel, not further worked than hot-rolled, hot-drawn or hot-extruded (excl. containing indentations, ribs, grooves or other deformations produced during the rolling process or twisted after rolling)"
72149110,C,0.038,1.364,"Bars and rods of iron or non-alloy steel, not further worked than hot-rolled, hot-drawn or hot-extruded, containing by weight < 0,25% of carbon, of rectangular ""other than square"" cross-section (excl. those with indentations, ribs, grooves or other deformations produced during the rolling process, bars and rods twisted after rolling, and free-cutting steel)"
72149110,D,,0.475,"Bars and rods of iron or non-alloy steel, not further worked than hot-rolled, hot-drawn or hot-extruded, containing by weight < 0,25% of carbon, of rectangular ""other than square"" cross-section (excl. those with indentations, ribs, grooves or other deformations produced during the rolling process, bars and rods twisted after rolling, and free-cutting steel)"
72149110,E,,0.066,"Bars and rods of iron or non-alloy steel, not further worked than hot-rolled, hot-drawn or hot-extruded, containing by weight < 0,25% of carbon, of rectangular ""other than square"" cross-section (excl. those with indentations, ribs, grooves or other deformations produced during the rolling process, bars and rods twisted after rolling, and free-cutting steel)"
72149190,C,0.038,1.364,"Other bars and rods of iron or non-alloy steel, only hot-rolled, only hot-drawn or only hot-extruded, containing by weight >= 0,25% of carbon, of rectangular ""other than square"" cross-section (excl. those with indentations, ribs, grooves or other deformations produced during the rolling process, bars and rods twisted after rolling, and free-cutting steel)"
72149190,D,,0.475,"Other bars and rods of iron or non-alloy steel, only hot-rolled, only hot-drawn or only hot-extruded, containing by weight >= 0,25% of carbon, of rectangular ""other than square"" cross-section (excl. those with indentations, ribs, grooves or other deformations produced during the rolling process, bars and rods twisted after rolling, and free-cutting steel)"
72149190,E,,0.066,"Other bars and rods of iron or non-alloy steel, only hot-rolled, only hot-drawn or only hot-extruded, containing by weight >= 0,25% of carbon, of rectangular ""other than square"" cross-section (excl. those with indentations, ribs, grooves or other deformations produced during the rolling process, bars and rods twisted after rolling, and free-cutting steel)"
72149910,C,0.038,1.364,"Bars and rods of the type used for concrete reinforcement, smooth, of iron or non-alloy steel, only hot-rolled, only hot-drawn or only hot-extruded, containing < 0,25% of carbon, of square cross-section or of a cross-section other than rectangular"
72149910,D,,0.475,"Bars and rods of the type used for concrete reinforcement, smooth, of iron or non-alloy steel, only hot-rolled, only hot-drawn or only hot-extruded, containing < 0,25% of carbon, of square cross-section or of a cross-section other than rectangular"
72149910,E,,0.066,"Bars and rods of the type used for concrete reinforcement, smooth, of iron or non-alloy steel, only hot-rolled, only hot-drawn or only hot-extruded, containing < 0,25% of carbon, of square cross-section or of a cross-section other than rectangular"
72149931,C,0.038,1.364,"Bars and rods of iron or non-alloy steel, only hot-rolled, hot-drawn or hot-extruded, containing < 0,25% of carbon, of circular cross-section, of a maximum diameter of >= 80 mm (other than of free-cutting steel, smooth bars and rods, for reinfoced concrete, or bars and rods containing indentations, ribs, grooves or other deformations produced during the rolling process, or wound after rolling)"
72149931,D,,0.475,"Bars and rods of iron or non-alloy steel, only hot-rolled, hot-drawn or hot-extruded, containing < 0,25% of carbon, of circular cross-section, of a maximum diameter of >= 80 mm (other than of free-cutting steel, smooth bars and rods, for reinfoced concrete, or bars and rods containing indentations, ribs, grooves or other deformations produced during the rolling process, or wound after rolling)"
72149931,E,,0.066,"Bars and rods of iron or non-alloy steel, only hot-rolled, hot-drawn or hot-extruded, containing < 0,25% of carbon, of circular cross-section, of a maximum diameter of >= 80 mm (other than of free-cutting steel, smooth bars and rods, for reinfoced concrete, or bars and rods containing indentations, ribs, grooves or other deformations produced during the rolling process, or wound after rolling)"
72149939,C,0.038,1.364,"Bars and rods of iron or non-alloy steel, only hot-rolled, hot-drawn or hot-extruded, containing < 0,25% of carbon, of circular cross-section of a maximum diameter of < 80 mm (other than of free-cutting steel, smooth bars and rods, for reinforced concrete, or bars and rods containing indentations, ribs, grooves or other deformations produced during the rolling process, or wound after rolling)"
72149939,D,,0.475,"Bars and rods of iron or non-alloy steel, only hot-rolled, hot-drawn or hot-extruded, containing < 0,25% of carbon, of circular cross-section of a maximum diameter of < 80 mm (other than of free-cutting steel, smooth bars and rods, for reinforced concrete, or bars and rods containing indentations, ribs, grooves or other deformations produced during the rolling process, or wound after rolling)"
72149939,E,,0.066,"Bars and rods of iron or non-alloy steel, only hot-rolled, hot-drawn or hot-extruded, containing < 0,25% of carbon, of circular cross-section of a maximum diameter of < 80 mm (other than of free-cutting steel, smooth bars and rods, for reinforced concrete, or bars and rods containing indentations, ribs, grooves or other deformations produced during the rolling process, or wound after rolling)"
72149950,C,0.038,1.364,"Bars and rods of iron or non-alloy steel, only hot-rolled, hot-drawn or hot-extruded, containing by weight < 0,25% of carbon, of square cross-section or of a cross-section other than square or circular (other than of free-cutting steel, smooth bars and rods, for reinforced concrete, or bars and rods containing indentations, ribs, grooves or other deformations produced during the rolling process, or wound after rolling)"
72149950,D,,0.475,"Bars and rods of iron or non-alloy steel, only hot-rolled, hot-drawn or hot-extruded, containing by weight < 0,25% of carbon, of square cross-section or of a cross-section other than square or circular (other than of free-cutting steel, smooth bars and rods, for reinforced concrete, or bars and rods containing indentations, ribs, grooves or other deformations produced during the rolling process, or wound after rolling)"
72149950,E,,0.066,"Bars and rods of iron or non-alloy steel, only hot-rolled, hot-drawn or hot-extruded, containing by weight < 0,25% of carbon, of square cross-section or of a cross-section other than square or circular (other than of free-cutting steel, smooth bars and rods, for reinforced concrete, or bars and rods containing indentations, ribs, grooves or other deformations produced during the rolling process, or wound after rolling)"
72149971,C,0.038,1.364,"Bars and rods of iron or non-alloy steel, only hot-rolled, only hot-drawn or only hot-extruded, containing by weight >= 0,25% carbon, of circular cross-section measuring >= 80 mm in diameter (excl. bars and rods with indentations, ribs, grooves or other deformations produced during the rolling process, twisted after rolling, and of free-cutting steel)"
72149971,D,,0.475,"Bars and rods of iron or non-alloy steel, only hot-rolled, only hot-drawn or only hot-extruded, containing by weight >= 0,25% carbon, of circular cross-section measuring >= 80 mm in diameter (excl. bars and rods with indentations, ribs, grooves or other deformations produced during the rolling process, twisted after rolling, and of free-cutting steel)"
72149971,E,,0.066,"Bars and rods of iron or non-alloy steel, only hot-rolled, only hot-drawn or only hot-extruded, containing by weight >= 0,25% carbon, of circular cross-section measuring >= 80 mm in diameter (excl. bars and rods with indentations, ribs, grooves or other deformations produced during the rolling process, twisted after rolling, and of free-cutting steel)"
72149979,C,0.038,1.364,"Bars and rods of iron or non-alloy steel, only hot-rolled, only hot-drawn or only hot-extruded, containing by weight >= 0,25% carbon, of circular cross-section measuring < 80 mm in diameter (excl. bars and rods with indentations, ribs, grooves or other deformations produced during the rolling process, twisted after rolling, and of free-cutting steel)"
72149979,D,,0.475,"Bars and rods of iron or non-alloy steel, only hot-rolled, only hot-drawn or only hot-extruded, containing by weight >= 0,25% carbon, of circular cross-section measuring < 80 mm in diameter (excl. bars and rods with indentations, ribs, grooves or other deformations produced during the rolling process, twisted after rolling, and of free-cutting steel)"
72149979,E,,0.066,"Bars and rods of iron or non-alloy steel, only hot-rolled, only hot-drawn or only hot-extruded, containing by weight >= 0,25% carbon, of circular cross-section measuring < 80 mm in diameter (excl. bars and rods with indentations, ribs, grooves or other deformations produced during the rolling process, twisted after rolling, and of free-cutting steel)"
72149995,C,0.038,1.364,"Bars and rods of iron or non-alloy steel, only hot-rolled, only hot-drawn or only hot-extruded, containing by weight >= 0,25% carbon, of square or of other than rectangular or circular cross-section (excl. indentations, ribs, grooves or other deformations produced during the rolling process, twisted fter rolling, and of free-cutting steel)"
72149995,D,,0.475,"Bars and rods of iron or non-alloy steel, only hot-rolled, only hot-drawn or only hot-extruded, containing by weight >= 0,25% carbon, of square or of other than rectangular or circular cross-section (excl. indentations, ribs, grooves or other deformations produced during the rolling process, twisted fter rolling, and of free-cutting steel)"
72149995,E,,0.066,"Bars and rods of iron or non-alloy steel, only hot-rolled, only hot-drawn or only hot-extruded, containing by weight >= 0,25% carbon, of square or of other than rectangular or circular cross-section (excl. indentations, ribs, grooves or other deformations produced during the rolling process, twisted fter rolling, and of free-cutting steel)"
72151000,C,0.038,1.364,"Bars and rods, of non-alloy free-cutting steel, not further worked than cold-formed or cold-finished"
72151000,D,,0.475,"Bars and rods, of non-alloy free-cutting steel, not further worked than cold-formed or cold-finished"
72151000,E,,0.066,"Bars and rods, of non-alloy free-cutting steel, not further worked than cold-formed or cold-finished"
72155011,C,0.038,1.364,"Other bars and rods of iron or non-alloy steel, not further worked than cold-formed or cold-finished, containing by weight < 0,25% of carbon of rectangular ""other than square"" cross-section (excl. those of free-cutting steel)"
72155011,D,,0.475,"Other bars and rods of iron or non-alloy steel, not further worked than cold-formed or cold-finished, containing by weight < 0,25% of carbon of rectangular ""other than square"" cross-section (excl. those of free-cutting steel)"
72155011,E,,0.066,"Other bars and rods of iron or non-alloy steel, not further worked than cold-formed or cold-finished, containing by weight < 0,25% of carbon of rectangular ""other than square"" cross-section (excl. those of free-cutting steel)"
72155019,C,0.038,1.364,"Other bars and rods of iron or non-alloy steel, not further worked than cold-formed or cold-finished, containing by weight < 0,25% of carbon, of square or other than rectangular cross-section (excl. those of free-cutting steel)"
72155019,D,,0.475,"Other bars and rods of iron or non-alloy steel, not further worked than cold-formed or cold-finished, containing by weight < 0,25% of carbon, of square or other than rectangular cross-section (excl. those of free-cutting steel)"
72155019,E,,0.066,"Other bars and rods of iron or non-alloy steel, not further worked than cold-formed or cold-finished, containing by weight < 0,25% of carbon, of square or other than rectangular cross-section (excl. those of free-cutting steel)"
72155080,C,0.038,1.364,"Other bars and rods of iron or non-alloy steel, not further worked than cold-formed or cold-finished, containing by weight >= 0,25% of carbon (excl. those of free-cutting steel)"
72155080,D,,0.475,"Other bars and rods of iron or non-alloy steel, not further worked than cold-formed or cold-finished, containing by weight >= 0,25% of carbon (excl. those of free-cutting steel)"
72155080,E,,0.066,"Other bars and rods of iron or non-alloy steel, not further worked than cold-formed or cold-finished, containing by weight >= 0,25% of carbon (excl. those of free-cutting steel)"
72159000,C,0.038,1.364,"Bars or rods, of iron or non-alloy steel, cold-formed or cold-finished and further worked or hot-formed and further worked, n.e.s."
72159000,D,,0.475,"Bars or rods, of iron or non-alloy steel, cold-formed or cold-finished and further worked or hot-formed and further worked, n.e.s."
72159000,E,,0.066,"Bars or rods, of iron or non-alloy steel, cold-formed or cold-finished and further worked or hot-formed and further worked, n.e.s."
72161000,C,0.038,1.364,"U, I or H sections of iron or non-alloy steel, not further worked than hot-rolled, hot-drawn or extruded, of a height of < 80 mm"
72161000,D,,0.475,"U, I or H sections of iron or non-alloy steel, not further worked than hot-rolled, hot-drawn or extruded, of a height of < 80 mm"
72161000,E,,0.066,"U, I or H sections of iron or non-alloy steel, not further worked than hot-rolled, hot-drawn or extruded, of a height of < 80 mm"
72162100,C,0.038,1.364,"L sections of iron or non-alloy steel, not further worked than hot-rolled, hot-drawn or extruded, of a height of < 80 mm"
72162100,D,,0.475,"L sections of iron or non-alloy steel, not further worked than hot-rolled, hot-drawn or extruded, of a height of < 80 mm"
72162100,E,,0.066,"L sections of iron or non-alloy steel, not further worked than hot-rolled, hot-drawn or extruded, of a height of < 80 mm"
72162200,C,0.038,1.364,"T sections of iron or non-alloy steel, not further worked than hot-rolled, hot-drawn or extruded, of a height of < 80 mm"
72162200,D,,0.475,"T sections of iron or non-alloy steel, not further worked than hot-rolled, hot-drawn or extruded, of a height of < 80 mm"
72162200,E,,0.066,"T sections of iron or non-alloy steel, not further worked than hot-rolled, hot-drawn or extruded, of a height of < 80 mm"
72163110,C,0.038,1.364,"U sections of iron or non-alloy steel, simply hot-rolled, hot-drawn or extruded, of a height >= 80 mm but <= 220 mm"
72163110,D,,0.475,"U sections of iron or non-alloy steel, simply hot-rolled, hot-drawn or extruded, of a height >= 80 mm but <= 220 mm"
72163110,E,,0.066,"U sections of iron or non-alloy steel, simply hot-rolled, hot-drawn or extruded, of a height >= 80 mm but <= 220 mm"
72163190,C,0.038,1.364,"U sections of iron or non-alloy steel, simply hot-rolled, hot-drawn or extruded, of a height > 220 mm"
72163190,D,,0.475,"U sections of iron or non-alloy steel, simply hot-rolled, hot-drawn or extruded, of a height > 220 mm"
72163190,E,,0.066,"U sections of iron or non-alloy steel, simply hot-rolled, hot-drawn or extruded, of a height > 220 mm"
72163211,C,0.038,1.364,"I sections with parallel flange faces, of iron or non-alloy steel, simply hot-rolled, hot-drawn or extruded, of a height >= 80 mm but <= 220 mm"
72163211,D,,0.475,"I sections with parallel flange faces, of iron or non-alloy steel, simply hot-rolled, hot-drawn or extruded, of a height >= 80 mm but <= 220 mm"
72163211,E,,0.066,"I sections with parallel flange faces, of iron or non-alloy steel, simply hot-rolled, hot-drawn or extruded, of a height >= 80 mm but <= 220 mm"
72163219,C,0.038,1.364,"I sections of iron or non-alloy steel, simply hot-rolled, hot-drawn or extruded, of a height >= 80 mm but <= 220 mm (excl. 7216.32.11)"
72163219,D,,0.475,"I sections of iron or non-alloy steel, simply hot-rolled, hot-drawn or extruded, of a height >= 80 mm but <= 220 mm (excl. 7216.32.11)"
72163219,E,,0.066,"I sections of iron or non-alloy steel, simply hot-rolled, hot-drawn or extruded, of a height >= 80 mm but <= 220 mm (excl. 7216.32.11)"
72163291,C,0.038,1.364,"I sections with parallel flange faces, of iron or non-alloy steel, simply hot-rolled, hot-drawn or extruded, of a height > 220 mm"
72163291,D,,0.475,"I sections with parallel flange faces, of iron or non-alloy steel, simply hot-rolled, hot-drawn or extruded, of a height > 220 mm"
72163291,E,,0.066,"I sections with parallel flange faces, of iron or non-alloy steel, simply hot-rolled, hot-drawn or extruded, of a height > 220 mm"
72163299,C,0.038,1.364,"I sections of iron or non-alloy steel, simply hot-rolled, hot-drawn or extruded, of a height > 220 mm (excl. 7216.32.91)"
72163299,D,,0.475,"I sections of iron or non-alloy steel, simply hot-rolled, hot-drawn or extruded, of a height > 220 mm (excl. 7216.32.91)"
72163299,E,,0.066,"I sections of iron or non-alloy steel, simply hot-rolled, hot-drawn or extruded, of a height > 220 mm (excl. 7216.32.91)"
72163310,C,0.038,1.364,"H sections of iron or non-alloy steel, simply hot-rolled, hot-drawn or extruded, of a height >= 80 mm but <= 180 mm"
72163310,D,,0.475,"H sections of iron or non-alloy steel, simply hot-rolled, hot-drawn or extruded, of a height >= 80 mm but <= 180 mm"
72163310,E,,0.066,"H sections of iron or non-alloy steel, simply hot-rolled, hot-drawn or extruded, of a height >= 80 mm but <= 180 mm"
72163390,C,0.038,1.364,"H sections of iron or non-alloy steel, simply hot-rolled, hot-drawn or extruded, of a height > 180 mm"
72163390,D,,0.475,"H sections of iron or non-alloy steel, simply hot-rolled, hot-drawn or extruded, of a height > 180 mm"
72163390,E,,0.066,"H sections of iron or non-alloy steel, simply hot-rolled, hot-drawn or extruded, of a height > 180 mm"
72164010,C,0.038,1.364,"L sections of iron or non-alloy steel, not further worked than hot-rolled, hot-drawn or extruded, of a height of >= 80 mm"
72164010,D,,0.475,"L sections of iron or non-alloy steel, not further worked than hot-rolled, hot-drawn or extruded, of a height of >= 80 mm"
72164010,E,,0.066,"L sections of iron or non-alloy steel, not further worked than hot-rolled, hot-drawn or extruded, of a height of >= 80 mm"
72164090,C,0.038,1.364,"T sections of iron or non-alloy steel, not further worked than hot-rolled, hot-drawn or extruded, of a height of >= 80 mm"
72164090,D,,0.475,"T sections of iron or non-alloy steel, not further worked than hot-rolled, hot-drawn or extruded, of a height of >= 80 mm"
72164090,E,,0.066,"T sections of iron or non-alloy steel, not further worked than hot-rolled, hot-drawn or extruded, of a height of >= 80 mm"
72165010,C,0.038,1.364,"Sections of iron or non-alloy steel, not further worked than hot-rolled, hot-drawn or hot-extruded, with a cross-section which is capable of being enclosed in a square the side of which is <= 80 mm (excl. U, I, H, L or T sections)"
72165010,D,,0.475,"Sections of iron or non-alloy steel, not further worked than hot-rolled, hot-drawn or hot-extruded, with a cross-section which is capable of being enclosed in a square the side of which is <= 80 mm (excl. U, I, H, L or T sections)"
72165010,E,,0.066,"Sections of iron or non-alloy steel, not further worked than hot-rolled, hot-drawn or hot-extruded, with a cross-section which is capable of being enclosed in a square the side of which is <= 80 mm (excl. U, I, H, L or T sections)"
72165091,C,0.038,1.364,"Bulb sections ""bulb flat"", only hot-rolled, hot-drawn or hot-extruded"
72165091,D,,0.475,"Bulb sections ""bulb flat"", only hot-rolled, hot-drawn or hot-extruded"
72165091,E,,0.066,"Bulb sections ""bulb flat"", only hot-rolled, hot-drawn or hot-extruded"
72165099,C,0.038,1.364,"Profile of iron or non-alloy steel, only hot-rolled, hot-drawn or hot-extruded (other than with a cross-section which is capable of being enclosed in a square the side of which is <= 80 mm, and U-, I-, H-, L- or T-sections and ribbed sections [ribbed steel])"
72165099,D,,0.475,"Profile of iron or non-alloy steel, only hot-rolled, hot-drawn or hot-extruded (other than with a cross-section which is capable of being enclosed in a square the side of which is <= 80 mm, and U-, I-, H-, L- or T-sections and ribbed sections [ribbed steel])"
72165099,E,,0.066,"Profile of iron or non-alloy steel, only hot-rolled, hot-drawn or hot-extruded (other than with a cross-section which is capable of being enclosed in a square the side of which is <= 80 mm, and U-, I-, H-, L- or T-sections and ribbed sections [ribbed steel])"
72166110,C,0.038,1.364,"c, l, u, z, omega or open-ended sections of iron or non-alloy steel, simply cold-formed or cold-finished, obtained from flat-rolled products"
72166110,D,,0.475,"c, l, u, z, omega or open-ended sections of iron or non-alloy steel, simply cold-formed or cold-finished, obtained from flat-rolled products"
72166110,E,,0.066,"c, l, u, z, omega or open-ended sections of iron or non-alloy steel, simply cold-formed or cold-finished, obtained from flat-rolled products"
72166190,C,0.038,1.364,"Angles, shapes and sections (other than c, l, u, z, omega or open-ended sections) of iron or non-alloy steel, simply cold-formed or cold-finished, obtained from flat-rolled products"
72166190,D,,0.475,"Angles, shapes and sections (other than c, l, u, z, omega or open-ended sections) of iron or non-alloy steel, simply cold-formed or cold-finished, obtained from flat-rolled products"
72166190,E,,0.066,"Angles, shapes and sections (other than c, l, u, z, omega or open-ended sections) of iron or non-alloy steel, simply cold-formed or cold-finished, obtained from flat-rolled products"
72166900,C,0.038,1.364,"Angles, shapes and sections, of iron or non-alloy steel, not further worked than cold-formed or cold-finished (excl. profiled sheet)"
72166900,D,,0.475,"Angles, shapes and sections, of iron or non-alloy steel, not further worked than cold-formed or cold-finished (excl. profiled sheet)"
72166900,E,,0.066,"Angles, shapes and sections, of iron or non-alloy steel, not further worked than cold-formed or cold-finished (excl. profiled sheet)"
72169110,C,0.038,1.364,"Sheets of iron or non-alloy steel, cold-formed or cold finished, profiled ""ribbed"""
72169110,D,,0.475,"Sheets of iron or non-alloy steel, cold-formed or cold finished, profiled ""ribbed"""
72169110,E,,0.066,"Sheets of iron or non-alloy steel, cold-formed or cold finished, profiled ""ribbed"""
72169180,C,0.038,1.364,"Angles, shapes and sections, of iron or non-alloy steel, cold-formed or cold-finished from flat-rolled products and further worked (excl. profiled sheet)"
72169180,D,,0.475,"Angles, shapes and sections, of iron or non-alloy steel, cold-formed or cold-finished from flat-rolled products and further worked (excl. profiled sheet)"
72169180,E,,0.066,"Angles, shapes and sections, of iron or non-alloy steel, cold-formed or cold-finished from flat-rolled products and further worked (excl. profiled sheet)"
72169900,C,0.038,1.364,"Angles, shapes and sections, of iron or non-alloy steel, cold-formed or cold-finished and further worked, or hot-forged, or hot-formed by other means and further worked, n.e.s. (excl. from flat-rolled products)"
72169900,D,,0.475,"Angles, shapes and sections, of iron or non-alloy steel, cold-formed or cold-finished and further worked, or hot-forged, or hot-formed by other means and further worked, n.e.s. (excl. from flat-rolled products)"
72169900,E,,0.066,"Angles, shapes and sections, of iron or non-alloy steel, cold-formed or cold-finished and further worked, or hot-forged, or hot-formed by other means and further worked, n.e.s. (excl. from flat-rolled products)"
72171010,C,0.038,1.364,"Wire of iron or non-alloy steel, in coils, containing by weight < 0,25% carbon, not plated or coated, whether or not polished, with a maximum cross-sectional dimension of < 0,8 mm"
72171010,D,,0.475,"Wire of iron or non-alloy steel, in coils, containing by weight < 0,25% carbon, not plated or coated, whether or not polished, with a maximum cross-sectional dimension of < 0,8 mm"
72171010,E,,0.066,"Wire of iron or non-alloy steel, in coils, containing by weight < 0,25% carbon, not plated or coated, whether or not polished, with a maximum cross-sectional dimension of < 0,8 mm"
72171031,C,0.038,1.364,"Wire of iron or non-alloy steel, in coils, containing by weight < 0,25% carbon, with indentations, ribs, grooves or other deformations produced during the rolling process, not plated or coated, with a maximum cross-sectional dimension of >= 0,8 mm"
72171031,D,,0.475,"Wire of iron or non-alloy steel, in coils, containing by weight < 0,25% carbon, with indentations, ribs, grooves or other deformations produced during the rolling process, not plated or coated, with a maximum cross-sectional dimension of >= 0,8 mm"
72171031,E,,0.066,"Wire of iron or non-alloy steel, in coils, containing by weight < 0,25% carbon, with indentations, ribs, grooves or other deformations produced during the rolling process, not plated or coated, with a maximum cross-sectional dimension of >= 0,8 mm"
72171039,C,0.038,1.364,"Wire of iron or non-alloy steel, in coils, containing by weight < 0,25% carbon, not plated or coated, with a maximum cross-sectional dimension of >= 0,8 mm (without indentations, ribs, grooves or other deformations produced during the rolling process)"
72171039,D,,0.475,"Wire of iron or non-alloy steel, in coils, containing by weight < 0,25% carbon, not plated or coated, with a maximum cross-sectional dimension of >= 0,8 mm (without indentations, ribs, grooves or other deformations produced during the rolling process)"
72171039,E,,0.066,"Wire of iron or non-alloy steel, in coils, containing by weight < 0,25% carbon, not plated or coated, with a maximum cross-sectional dimension of >= 0,8 mm (without indentations, ribs, grooves or other deformations produced during the rolling process)"
72171050,C,0.038,1.364,"Wire of iron or non-alloy steel, in coils, containing by weight >= 0,25% but < 0,6% carbon, not plated or coated, whether or not polished (excl. hot-rolled bars and rods)"
72171050,D,,0.475,"Wire of iron or non-alloy steel, in coils, containing by weight >= 0,25% but < 0,6% carbon, not plated or coated, whether or not polished (excl. hot-rolled bars and rods)"
72171050,E,,0.066,"Wire of iron or non-alloy steel, in coils, containing by weight >= 0,25% but < 0,6% carbon, not plated or coated, whether or not polished (excl. hot-rolled bars and rods)"
72171090,C,0.038,1.364,"Wire of iron or non-alloy steel, in coils, containing by weight >= 0,6% carbon, not plated or coated, whether or not polished (excl. hot-rolled bars and rods)"
72171090,D,,0.475,"Wire of iron or non-alloy steel, in coils, containing by weight >= 0,6% carbon, not plated or coated, whether or not polished (excl. hot-rolled bars and rods)"
72171090,E,,0.066,"Wire of iron or non-alloy steel, in coils, containing by weight >= 0,6% carbon, not plated or coated, whether or not polished (excl. hot-rolled bars and rods)"
72172010,C,0.071,1.397,"Wire of iron or non-alloy steel, in coils, containing by weight < 0,25% carbon, plated or coated with zinc, with a maximum cross-sectional dimension of < 0,8 mm"
72172010,D,,0.508,"Wire of iron or non-alloy steel, in coils, containing by weight < 0,25% carbon, plated or coated with zinc, with a maximum cross-sectional dimension of < 0,8 mm"
72172010,E,,0.099,"Wire of iron or non-alloy steel, in coils, containing by weight < 0,25% carbon, plated or coated with zinc, with a maximum cross-sectional dimension of < 0,8 mm"
72172030,C,0.071,1.397,"Wire of iron or non-alloy steel, in coils, containing by weight < 0,25% carbon, plated or coated with zinc, with a maximum cross-sectional dimension of < 0,8 mm (excl. bars and rods)"
72172030,D,,0.508,"Wire of iron or non-alloy steel, in coils, containing by weight < 0,25% carbon, plated or coated with zinc, with a maximum cross-sectional dimension of < 0,8 mm (excl. bars and rods)"
72172030,E,,0.099,"Wire of iron or non-alloy steel, in coils, containing by weight < 0,25% carbon, plated or coated with zinc, with a maximum cross-sectional dimension of < 0,8 mm (excl. bars and rods)"
72172050,C,0.071,1.397,"Wire of iron or non-alloy steel, in coils, containing by weight >= 0,25% but < 0,6% carbon, plated or coated with zinc (excl. bars and rods)"
72172050,D,,0.508,"Wire of iron or non-alloy steel, in coils, containing by weight >= 0,25% but < 0,6% carbon, plated or coated with zinc (excl. bars and rods)"
72172050,E,,0.099,"Wire of iron or non-alloy steel, in coils, containing by weight >= 0,25% but < 0,6% carbon, plated or coated with zinc (excl. bars and rods)"
72172090,C,0.071,1.397,"Wire of iron or non-alloy steel, in coils, containing by weight >= 0,6% carbon, plated or coated with zinc (excl. bars and rods)"
72172090,D,,0.508,"Wire of iron or non-alloy steel, in coils, containing by weight >= 0,6% carbon, plated or coated with zinc (excl. bars and rods)"
72172090,E,,0.099,"Wire of iron or non-alloy steel, in coils, containing by weight >= 0,6% carbon, plated or coated with zinc (excl. bars and rods)"
72173041,C,0.071,1.397,"Wire of iron or non-alloy steel, in coils, containing by weight < 0,25% carbon, copper-coated (excl. bars and rods)"
72173041,D,,0.508,"Wire of iron or non-alloy steel, in coils, containing by weight < 0,25% carbon, copper-coated (excl. bars and rods)"
72173041,E,,0.099,"Wire of iron or non-alloy steel, in coils, containing by weight < 0,25% carbon, copper-coated (excl. bars and rods)"
72173049,C,0.071,1.397,"Wire of iron or non-alloy steel, in coils, containing by weight < 0,25% carbon, plated or coated with base metals (excl. products plated or coated with zinc or copper and bars and rods)"
72173049,D,,0.508,"Wire of iron or non-alloy steel, in coils, containing by weight < 0,25% carbon, plated or coated with base metals (excl. products plated or coated with zinc or copper and bars and rods)"
72173049,E,,0.099,"Wire of iron or non-alloy steel, in coils, containing by weight < 0,25% carbon, plated or coated with base metals (excl. products plated or coated with zinc or copper and bars and rods)"
72173050,C,0.071,1.397,"Wire of iron or non-alloy steel, in coils, containing by weight >= 0,25% but < 0,6% carbon, plated or coated with base metals (excl. products plated or coated with zinc, and bars and rods)"
72173050,D,,0.508,"Wire of iron or non-alloy steel, in coils, containing by weight >= 0,25% but < 0,6% carbon, plated or coated with base metals (excl. products plated or coated with zinc, and bars and rods)"
72173050,E,,0.099,"Wire of iron or non-alloy steel, in coils, containing by weight >= 0,25% but < 0,6% carbon, plated or coated with base metals (excl. products plated or coated with zinc, and bars and rods)"
72173090,C,0.071,1.397,"Wire of iron or non-alloy steel, in coils, containing by weight >= 0,6% carbon, plated or coated with base metals (excl. products plated or coated with zinc, and bars and rods)"
72173090,D,,0.508,"Wire of iron or non-alloy steel, in coils, containing by weight >= 0,6% carbon, plated or coated with base metals (excl. products plated or coated with zinc, and bars and rods)"
72173090,E,,0.099,"Wire of iron or non-alloy steel, in coils, containing by weight >= 0,6% carbon, plated or coated with base metals (excl. products plated or coated with zinc, and bars and rods)"
72179020,C,0.071,1.397,"Wire of iron or non-alloy steel, in coils, containing by weight < 0,25% carbon, plated or coated (excl. products plated or coated with base metals and bars and rods)"
72179020,D,,0.508,"Wire of iron or non-alloy steel, in coils, containing by weight < 0,25% carbon, plated or coated (excl. products plated or coated with base metals and bars and rods)"
72179020,E,,0.099,"Wire of iron or non-alloy steel, in coils, containing by weight < 0,25% carbon, plated or coated (excl. products plated or coated with base metals and bars and rods)"
72179050,C,0.071,1.397,"Wire of iron or non-alloy steel, in coils, containing by weight >= 0,25% but < 0,6% carbon, plated or coated (excl. products plated or coated with with base metals, and bars and rods)"
72179050,D,,0.508,"Wire of iron or non-alloy steel, in coils, containing by weight >= 0,25% but < 0,6% carbon, plated or coated (excl. products plated or coated with with base metals, and bars and rods)"
72179050,E,,0.099,"Wire of iron or non-alloy steel, in coils, containing by weight >= 0,25% but < 0,6% carbon, plated or coated (excl. products plated or coated with with base metals, and bars and rods)"
72179090,C,0.071,1.397,"Wire of iron or non-alloy steel, in coils, containing by weight >= 0,6% carbon, plated or coated (excl. products plated or coated with base metals, and bars and rods)"
72179090,D,,0.508,"Wire of iron or non-alloy steel, in coils, containing by weight >= 0,6% carbon, plated or coated (excl. products plated or coated with base metals, and bars and rods)"
72179090,E,,0.099,"Wire of iron or non-alloy steel, in coils, containing by weight >= 0,6% carbon, plated or coated (excl. products plated or coated with base metals, and bars and rods)"
72181000,1,0.358,1.419,"Steel, stainless, in ingots and other primary forms (excl. waste and scrap in ingot form, and products obtained by continuous casting)"
72181000,2,,1.381,"Steel, stainless, in ingots and other primary forms (excl. waste and scrap in ingot form, and products obtained by continuous casting)"
72189110,1,0.128,1.189,"Semi-finished products of stainless steel, of rectangular ""other than square"" cross-section, containing by weight >= 2,5% nickel"
72189110,2,,1.151,"Semi-finished products of stainless steel, of rectangular ""other than square"" cross-section, containing by weight >= 2,5% nickel"
72189180,1,0.128,1.189,"Semi-finished products of stainless steel, of rectangular ""other than square"" cross-section, containing by weight < 2,5 nickel"
72189180,2,,1.151,"Semi-finished products of stainless steel, of rectangular ""other than square"" cross-section, containing by weight < 2,5 nickel"
72189911,1,0.128,1.189,"Semi-finished products of stainless steel, of square cross-section, rolled or obtained by continuous casting"
72189911,2,,1.151,"Semi-finished products of stainless steel, of square cross-section, rolled or obtained by continuous casting"
72189919,1,0.358,1.419,"Semi-finished products of stainless steel, of square cross-section, forged"
72189919,2,,1.381,"Semi-finished products of stainless steel, of square cross-section, forged"
72189920,1,0.128,1.189,"Semi-finished products of stainless steel, of circular cross-section or of cross-section other than square or rectangular, rolled or obtained by continuous casting"
72189920,2,,1.151,"Semi-finished products of stainless steel, of circular cross-section or of cross-section other than square or rectangular, rolled or obtained by continuous casting"
72189980,1,0.358,1.419,"Semi-finished products of stainless steel, forged (excl. products of square or rectangular cross-section)"
72189980,2,,1.381,"Semi-finished products of stainless steel, forged (excl. products of square or rectangular cross-section)"
72191100,1,0.073,1.189,"Flat-rolled products of stainless steel, of a width of >= 600 mm, not further worked than hot-rolled, in coils, of a thickness of > 10 mm"
72191100,2,,1.151,"Flat-rolled products of stainless steel, of a width of >= 600 mm, not further worked than hot-rolled, in coils, of a thickness of > 10 mm"
72191210,1,0.073,1.189,"Flat-rolled products of stainless steel, of a width of >= 600 mm, not further worked than hot-rolled, in coils, of a thickness of >= 4,75 mm but <= 10 mm, containing by weight >= 2,5 nickel"
72191210,2,,1.151,"Flat-rolled products of stainless steel, of a width of >= 600 mm, not further worked than hot-rolled, in coils, of a thickness of >= 4,75 mm but <= 10 mm, containing by weight >= 2,5 nickel"
72191290,1,0.073,1.189,"Flat-rolled products of stainless steel, of a width of >= 600 mm, not further worked than hot-rolled, in coils, of a thickness of >= 4,75 mm but <= 10 mm, containing by weight < 2,5 nickel"
72191290,2,,1.151,"Flat-rolled products of stainless steel, of a width of >= 600 mm, not further worked than hot-rolled, in coils, of a thickness of >= 4,75 mm but <= 10 mm, containing by weight < 2,5 nickel"
72191310,1,0.073,1.189,"Flat-rolled products of stainless steel, of a width of >= 600 mm, not further worked than hot-rolled, in coils, of a thickness of >= 3 mm but <= 4,75 mm, containing by weight >= 2,5 nickel"
72191310,2,,1.151,"Flat-rolled products of stainless steel, of a width of >= 600 mm, not further worked than hot-rolled, in coils, of a thickness of >= 3 mm but <= 4,75 mm, containing by weight >= 2,5 nickel"
72191390,1,0.073,1.189,"Flat-rolled products of stainless steel, of a width of >= 600 mm, not further worked than hot-rolled, in coils, of a thickness of >= 3 mm but <= 4,75 mm, containing by weight < 2,5 nickel"
72191390,2,,1.151,"Flat-rolled products of stainless steel, of a width of >= 600 mm, not further worked than hot-rolled, in coils, of a thickness of >= 3 mm but <= 4,75 mm, containing by weight < 2,5 nickel"
72191410,1,0.073,1.189,"Flat-rolled products of stainless steel, of a width of >= 600 mm, not further worked than hot-rolled, in coils, of a thickness of < 3 mm, containing by weight >= 2,5 nickel"
72191410,2,,1.151,"Flat-rolled products of stainless steel, of a width of >= 600 mm, not further worked than hot-rolled, in coils, of a thickness of < 3 mm, containing by weight >= 2,5 nickel"
72191490,1,0.073,1.189,"Flat-rolled products of stainless steel, of a width of >= 600 mm, not further worked than hot-rolled, in coils, of a thickness of < 3 mm, containing by weight < 2,5 nickel"
72191490,2,,1.151,"Flat-rolled products of stainless steel, of a width of >= 600 mm, not further worked than hot-rolled, in coils, of a thickness of < 3 mm, containing by weight < 2,5 nickel"
72192110,1,0.073,1.189,"Flat-rolled products of stainless steel, of a width of >= 600 mm, not further worked than hot-rolled, not in coils, of a thickness of > 10 mm, containing by weight >= 2,5 nickel"
72192110,2,,1.151,"Flat-rolled products of stainless steel, of a width of >= 600 mm, not further worked than hot-rolled, not in coils, of a thickness of > 10 mm, containing by weight >= 2,5 nickel"
72192190,1,0.073,1.189,"Flat-rolled products of stainless steel, of a width of >= 600 mm, not further worked than hot-rolled, not in coils, of a thickness of > 10 mm, containing by weight < 2,5 nickel"
72192190,2,,1.151,"Flat-rolled products of stainless steel, of a width of >= 600 mm, not further worked than hot-rolled, not in coils, of a thickness of > 10 mm, containing by weight < 2,5 nickel"
72192210,1,0.073,1.189,"Flat-rolled products of stainless steel, of a width of >= 600 mm, not further worked than hot-rolled, not in coils, of a thickness of >= 4,75 mm but <= 10 mm, containing by weight >= 2,5% nickel"
72192210,2,,1.151,"Flat-rolled products of stainless steel, of a width of >= 600 mm, not further worked than hot-rolled, not in coils, of a thickness of >= 4,75 mm but <= 10 mm, containing by weight >= 2,5% nickel"
72192290,1,0.073,1.189,"Flat-rolled products of stainless steel, of a width of >= 600 mm, not further worked than hot-rolled, not in coils, of a thickness of >= 4,75 mm but <= 10 mm, containing by weight < 2,5% nickel"
72192290,2,,1.151,"Flat-rolled products of stainless steel, of a width of >= 600 mm, not further worked than hot-rolled, not in coils, of a thickness of >= 4,75 mm but <= 10 mm, containing by weight < 2,5% nickel"
72192300,1,0.073,1.189,"Flat-rolled products of stainless steel, of a width of >= 600 mm, not further worked than hot-rolled, not in coils, of a thickness of >= 3 mm and < 4,75 mm"
72192300,2,,1.151,"Flat-rolled products of stainless steel, of a width of >= 600 mm, not further worked than hot-rolled, not in coils, of a thickness of >= 3 mm and < 4,75 mm"
72192400,1,0.073,1.189,"Flat-rolled products of stainless steel, of a width of >= 600 mm, not further worked than hot-rolled, not in coils, of a thickness of < 3 mm"
72192400,2,,1.151,"Flat-rolled products of stainless steel, of a width of >= 600 mm, not further worked than hot-rolled, not in coils, of a thickness of < 3 mm"
72193100,1,0.109,1.27,"Flat-rolled products of stainless steel, of a width of >= 600 mm, not further worked than cold-rolled ""cold-reduced"", of a thickness of >= 4,75 mm"
72193100,2,,1.23,"Flat-rolled products of stainless steel, of a width of >= 600 mm, not further worked than cold-rolled ""cold-reduced"", of a thickness of >= 4,75 mm"
72193210,1,0.109,1.27,"Flat-rolled products of stainless steel, of a width of >= 600 mm, not further worked than cold-rolled ""cold-reduced"", of a thickness of >= 3 mm but <= 4,75 mm, containing by weight >= 2,5% nickel"
72193210,2,,1.23,"Flat-rolled products of stainless steel, of a width of >= 600 mm, not further worked than cold-rolled ""cold-reduced"", of a thickness of >= 3 mm but <= 4,75 mm, containing by weight >= 2,5% nickel"
72193290,1,0.109,1.27,"Flat-rolled products of stainless steel, of a width of >= 600 mm, not further worked than cold-rolled ""cold-reduced"", of a thickness of >= 3 mm but <= 4,75 mm, containing by weight < 2,5% nickel"
72193290,2,,1.23,"Flat-rolled products of stainless steel, of a width of >= 600 mm, not further worked than cold-rolled ""cold-reduced"", of a thickness of >= 3 mm but <= 4,75 mm, containing by weight < 2,5% nickel"
72193310,1,0.109,1.27,"Flat-rolled products of stainless steel, of a width of >= 600 mm, not further worked than cold-rolled ""cold-reduced"", of a thickness of > 1 mm but < 3 mm, containing by weight >= 2,5% nickel"
72193310,2,,1.23,"Flat-rolled products of stainless steel, of a width of >= 600 mm, not further worked than cold-rolled ""cold-reduced"", of a thickness of > 1 mm but < 3 mm, containing by weight >= 2,5% nickel"
72193390,1,0.109,1.27,"Flat-rolled products of stainless steel, of a width of >= 600 mm, not further worked than cold-rolled ""cold-reduced"", of a thickness of > 1 mm but < 3 mm, containing by weight < 2,5% nickel"
72193390,2,,1.23,"Flat-rolled products of stainless steel, of a width of >= 600 mm, not further worked than cold-rolled ""cold-reduced"", of a thickness of > 1 mm but < 3 mm, containing by weight < 2,5% nickel"
72193410,1,0.109,1.27,"Flat-rolled products of stainless steel, of a width of >= 600 mm, not further worked than cold-rolled ""cold-reduced"", of a thickness of >= 0,5 mm but <= 1 mm, containing by weight >= 2,5% nickel"
72193410,2,,1.23,"Flat-rolled products of stainless steel, of a width of >= 600 mm, not further worked than cold-rolled ""cold-reduced"", of a thickness of >= 0,5 mm but <= 1 mm, containing by weight >= 2,5% nickel"
72193490,1,0.109,1.27,"Flat-rolled products of stainless steel, of a width of >= 600 mm, not further worked than cold-rolled ""cold-reduced"", of a thickness of >= 0,5 mm but <= 1 mm, containing by weight < 2,5% nickel"
72193490,2,,1.23,"Flat-rolled products of stainless steel, of a width of >= 600 mm, not further worked than cold-rolled ""cold-reduced"", of a thickness of >= 0,5 mm but <= 1 mm, containing by weight < 2,5% nickel"
72193510,1,0.109,1.27,"Flat-rolled products of stainless steel, of a width of >= 600 mm, not further worked than cold-rolled ""cold-reduced"", of a thickness of < 0,5 mm, containing by weight >= 2,5% nickel"
72193510,2,,1.23,"Flat-rolled products of stainless steel, of a width of >= 600 mm, not further worked than cold-rolled ""cold-reduced"", of a thickness of < 0,5 mm, containing by weight >= 2,5% nickel"
72193590,1,0.109,1.27,"Flat-rolled products of stainless steel, of a width of >= 600 mm, not further worked than cold-rolled ""cold-reduced"", of a thickness of < 0,5 mm, containing by weight < 2,5% nickel"
72193590,2,,1.23,"Flat-rolled products of stainless steel, of a width of >= 600 mm, not further worked than cold-rolled ""cold-reduced"", of a thickness of < 0,5 mm, containing by weight < 2,5% nickel"
72199020,1,0.109,1.27,"Flat-rolled products of stainless steel, of a width of >= 600 mm, hot-rolled or cold-rolled ""cold-reduced"" and further worked, perforated"
72199020,2,,1.23,"Flat-rolled products of stainless steel, of a width of >= 600 mm, hot-rolled or cold-rolled ""cold-reduced"" and further worked, perforated"
72199080,1,0.109,1.27,"Flat-rolled products of stainless steel, of a width of >= 600 mm, hot-rolled or cold-rolled ""cold-reduced"" and further worked, non-perforated"
72199080,2,,1.23,"Flat-rolled products of stainless steel, of a width of >= 600 mm, hot-rolled or cold-rolled ""cold-reduced"" and further worked, non-perforated"
72201100,1,0.073,1.189,"Flat-rolled products of stainless steel, of a width of < 600 mm, not further worked than hot-rolled, of a thickness of >= 4,75 mm"
72201100,2,,1.151,"Flat-rolled products of stainless steel, of a width of < 600 mm, not further worked than hot-rolled, of a thickness of >= 4,75 mm"
72201200,1,0.073,1.189,"Flat-rolled products of stainless steel, of a width of < 600 mm, not further worked than hot-rolled, of a thickness of < 4,75 mm"
72201200,2,,1.151,"Flat-rolled products of stainless steel, of a width of < 600 mm, not further worked than hot-rolled, of a thickness of < 4,75 mm"
72202021,1,0.109,1.27,"Flat-rolled products of stainless steel, of a width of < 600 mm, not further worked than cold-rolled ""cold-reduced"", of a thickness of >= 3 mm and containing by weight >= 2,5% nickel"
72202021,2,,1.23,"Flat-rolled products of stainless steel, of a width of < 600 mm, not further worked than cold-rolled ""cold-reduced"", of a thickness of >= 3 mm and containing by weight >= 2,5% nickel"
72202029,1,0.109,1.27,"Flat-rolled products of stainless steel, of a width of < 600 mm, not further worked than cold-rolled ""cold-reduced"", of a thickness of >= 3 mm and containing by weight < 2,5% nickel"
72202029,2,,1.23,"Flat-rolled products of stainless steel, of a width of < 600 mm, not further worked than cold-rolled ""cold-reduced"", of a thickness of >= 3 mm and containing by weight < 2,5% nickel"
72202041,1,0.109,1.27,"Flat-rolled products of stainless steel, of a width of < 600 mm, not further worked than cold-rolled ""cold-reduced"", of a thickness of > 0,35 mm but < 3 mm, and containing by weight >= 2,5% nickel"
72202041,2,,1.23,"Flat-rolled products of stainless steel, of a width of < 600 mm, not further worked than cold-rolled ""cold-reduced"", of a thickness of > 0,35 mm but < 3 mm, and containing by weight >= 2,5% nickel"
72202049,1,0.109,1.27,"Flat-rolled products of stainless steel, of a width of < 600 mm, not further worked than cold-rolled ""cold-reduced"", of a thickness of > 0,35 mm but < 3 mm, and containing by weight < 2,5% nickel"
72202049,2,,1.23,"Flat-rolled products of stainless steel, of a width of < 600 mm, not further worked than cold-rolled ""cold-reduced"", of a thickness of > 0,35 mm but < 3 mm, and containing by weight < 2,5% nickel"
72202081,1,0.109,1.27,"Flat-rolled products of stainless steel, of a width of < 600 mm, not further worked than cold-rolled ""cold-reduced"", of a thickness of <= 0,35 mm and containing by weight >= 2,5% nickel"
72202081,2,,1.23,"Flat-rolled products of stainless steel, of a width of < 600 mm, not further worked than cold-rolled ""cold-reduced"", of a thickness of <= 0,35 mm and containing by weight >= 2,5% nickel"
72202089,1,0.109,1.27,"Flat-rolled products of stainless steel, of a width of < 600 mm, not further worked than cold-rolled ""cold-reduced"", of a thickness of <= 0,35 mm and containing by weight < 2,5% nickel"
72202089,2,,1.23,"Flat-rolled products of stainless steel, of a width of < 600 mm, not further worked than cold-rolled ""cold-reduced"", of a thickness of <= 0,35 mm and containing by weight < 2,5% nickel"
72209020,1,0.109,1.27,"Flat-rolled products of stainless steel, of a width of < 600 mm, hot-rolled or cold-rolled ""cold-reduced"" and further worked, perforated"
72209020,2,,1.23,"Flat-rolled products of stainless steel, of a width of < 600 mm, hot-rolled or cold-rolled ""cold-reduced"" and further worked, perforated"
72209080,1,0.109,1.27,"Flat-rolled products of stainless steel, of a width of < 600 mm, hot-rolled or cold-rolled ""cold-reduced"" and further worked, non-perforated"
72209080,2,,1.23,"Flat-rolled products of stainless steel, of a width of < 600 mm, hot-rolled or cold-rolled ""cold-reduced"" and further worked, non-perforated"
72210010,1,0.109,1.225,"Bars and rods of stainless steel, hot-rolled, in irregularly wound coils, containing by weight >= 2,5% nickel"
72210010,2,,1.187,"Bars and rods of stainless steel, hot-rolled, in irregularly wound coils, containing by weight >= 2,5% nickel"
72210090,1,0.109,1.225,"Bars and rods of stainless steel, hot-rolled, in irregularly wound coils, containing by weight < 2,5% nickel"
72210090,2,,1.187,"Bars and rods of stainless steel, hot-rolled, in irregularly wound coils, containing by weight < 2,5% nickel"
72221111,1,0.109,1.225,"Bars and rods of stainless steel, not further worked than hot-rolled, hot-drawn or extruded, of circular cross-section of a diameter of >= 800 mm, containing by weight >= 2,5% nickel"
72221111,2,,1.187,"Bars and rods of stainless steel, not further worked than hot-rolled, hot-drawn or extruded, of circular cross-section of a diameter of >= 800 mm, containing by weight >= 2,5% nickel"
72221119,1,0.109,1.225,"Bars and rods of stainless steel, not further worked than hot-rolled, hot-drawn or extruded, of circular cross-section of a diameter of >= 800 mm, containing by weight < 2,5% nickel"
72221119,2,,1.187,"Bars and rods of stainless steel, not further worked than hot-rolled, hot-drawn or extruded, of circular cross-section of a diameter of >= 800 mm, containing by weight < 2,5% nickel"
72221181,1,0.109,1.225,"Bars and rods of stainless steel, not further worked than hot-rolled, hot-drawn or extruded, of circular cross-section measuring < 80 mm and containing by weight >= 2,5% nickel"
72221181,2,,1.187,"Bars and rods of stainless steel, not further worked than hot-rolled, hot-drawn or extruded, of circular cross-section measuring < 80 mm and containing by weight >= 2,5% nickel"
72221189,1,0.109,1.225,"Bars and rods of stainless steel, not further worked than hot-rolled, hot-drawn or extruded, of circular cross-section measuring < 80 mm and containing by weight < 2,5% nickel"
72221189,2,,1.187,"Bars and rods of stainless steel, not further worked than hot-rolled, hot-drawn or extruded, of circular cross-section measuring < 80 mm and containing by weight < 2,5% nickel"
72221910,1,0.109,1.225,"Bars and rods of stainless steel, not further worked than hot-rolled, hot-drawn or extruded, containing by weight >= 2,5% nickel (excl. such products of circular cross-section)"
72221910,2,,1.187,"Bars and rods of stainless steel, not further worked than hot-rolled, hot-drawn or extruded, containing by weight >= 2,5% nickel (excl. such products of circular cross-section)"
72221990,1,0.109,1.225,"Bars and rods of stainless steel, not further worked than hot-rolled, hot-drawn or extruded, containing by weight < 2,5% nickel (excl. such products of circular cross-section)"
72221990,2,,1.187,"Bars and rods of stainless steel, not further worked than hot-rolled, hot-drawn or extruded, containing by weight < 2,5% nickel (excl. such products of circular cross-section)"
72222011,1,0.109,1.225,"Bars and rods of stainless steel, of circular cross-section of a diameter >= 80 mm, simply cold-formed or cold-finished, containing by weight >= 2,5% nickel"
72222011,2,,1.187,"Bars and rods of stainless steel, of circular cross-section of a diameter >= 80 mm, simply cold-formed or cold-finished, containing by weight >= 2,5% nickel"
72222019,1,0.109,1.225,"Bars and rods of stainless steel, of circular cross-section of a diameter >= 80 mm, simply cold-formed or cold-finished, containing by weight < 2,5% nickel"
72222019,2,,1.187,"Bars and rods of stainless steel, of circular cross-section of a diameter >= 80 mm, simply cold-formed or cold-finished, containing by weight < 2,5% nickel"
72222021,1,0.109,1.225,"Bars and rods of stainless steel, not further worked than cold-formed or cold-finished, of circular cross-section measuring >= 25 mm but < 80 mm and containing by weight >= 2,5% nickel"
72222021,2,,1.187,"Bars and rods of stainless steel, not further worked than cold-formed or cold-finished, of circular cross-section measuring >= 25 mm but < 80 mm and containing by weight >= 2,5% nickel"
72222029,1,0.109,1.225,"Bars and rods of stainless steel, not further worked than cold-formed or cold-finished, of circular cross-section measuring >= 25 mm but < 80 mm and containing by weight < 2,5% nickel"
72222029,2,,1.187,"Bars and rods of stainless steel, not further worked than cold-formed or cold-finished, of circular cross-section measuring >= 25 mm but < 80 mm and containing by weight < 2,5% nickel"
72222031,1,0.109,1.225,"Bars and rods of stainless steel, not further worked than cold-formed or cold-finished, of circular cross-section measuring < 25 mm and containing by weight >= 2,5% nickel"
72222031,2,,1.187,"Bars and rods of stainless steel, not further worked than cold-formed or cold-finished, of circular cross-section measuring < 25 mm and containing by weight >= 2,5% nickel"
72222039,1,0.109,1.225,"Bars and rods of stainless steel, not further worked than cold-formed or cold-finished, of circular cross-section measuring < 25 mm and containing by weight < 2,5% nickel"
72222039,2,,1.187,"Bars and rods of stainless steel, not further worked than cold-formed or cold-finished, of circular cross-section measuring < 25 mm and containing by weight < 2,5% nickel"
72222081,1,0.109,1.225,"Bars and rods of stainless steel, not further worked than cold-formed or cold-finished, containing by weight >= 2,5% nickel (excl. such products of circular cross-section)"
72222081,2,,1.187,"Bars and rods of stainless steel, not further worked than cold-formed or cold-finished, containing by weight >= 2,5% nickel (excl. such products of circular cross-section)"
72222089,1,0.109,1.225,"Bars and rods of stainless steel, not further worked than cold-formed or cold-finished, containing by weight < 2,5% nickel (excl. such products of circular cross-section)"
72222089,2,,1.187,"Bars and rods of stainless steel, not further worked than cold-formed or cold-finished, containing by weight < 2,5% nickel (excl. such products of circular cross-section)"
72223051,1,0.303,1.419,"Other bars and rods of stainless steel, containing by weight >= 2,5% of nickel, forged"
72223051,2,,1.381,"Other bars and rods of stainless steel, containing by weight >= 2,5% of nickel, forged"
72223091,1,0.303,1.419,"Other bars and rods of stainless steel, containing by weight < 2,5% of nickel, forged"
72223091,2,,1.381,"Other bars and rods of stainless steel, containing by weight < 2,5% of nickel, forged"
72223097,1,0.303,1.419,"Bars and rods of stainless steel, cold-formed or cold-finished and further worked, or hot-formed and further worked, n.e.s. (excl. forged products)"
72223097,2,,1.381,"Bars and rods of stainless steel, cold-formed or cold-finished and further worked, or hot-formed and further worked, n.e.s. (excl. forged products)"
72224010,1,0.109,1.225,"Angles, shapes and sections of stainless steel, only hot-rolled, only hot-drawn or only extruded"
72224010,2,,1.187,"Angles, shapes and sections of stainless steel, only hot-rolled, only hot-drawn or only extruded"
72224050,1,0.109,1.225,"Angles, shapes and sections of stainless steel, not further worked than cold-formed or cold-finished"
72224050,2,,1.187,"Angles, shapes and sections of stainless steel, not further worked than cold-formed or cold-finished"
72224090,1,0.109,1.225,"Angles, shapes and sections of stainless steel, cold-formed or cold-finished and further worked, or not further worked than forged, or forged, or hot-formed by other means and further worked, n.e.s."
72224090,2,,1.187,"Angles, shapes and sections of stainless steel, cold-formed or cold-finished and further worked, or not further worked than forged, or forged, or hot-formed by other means and further worked, n.e.s."
72230011,1,0.109,1.225,"Wire of stainless steel, in coils, containing by weight 28% to 31% nickel and 20% to 22% chromium (excl. bars and rods)"
72230011,2,,1.187,"Wire of stainless steel, in coils, containing by weight 28% to 31% nickel and 20% to 22% chromium (excl. bars and rods)"
72230019,1,0.109,1.225,"Wire of stainless steel, in coils, containing by weight >= 2,5% nickel (excl. such products containing 28% to 31% nickel and 20% to 22% chromium, and bars and rods)"
72230019,2,,1.187,"Wire of stainless steel, in coils, containing by weight >= 2,5% nickel (excl. such products containing 28% to 31% nickel and 20% to 22% chromium, and bars and rods)"
72230091,1,0.109,1.225,"Wire of stainless steel, in coils, containing by weight < 2,5% nickel, 13% to 25% chromium and 3,5% to 6% aluminium (excl. bars and rods)"
72230091,2,,1.187,"Wire of stainless steel, in coils, containing by weight < 2,5% nickel, 13% to 25% chromium and 3,5% to 6% aluminium (excl. bars and rods)"
72230099,1,0.109,1.225,"Wire of stainless steel, in coils, containing by weight < 2,5% nickel (excl. such products containing 13% to 25% chromium and 3,5% to 6% aluminium, and bars and rods)"
72230099,2,,1.187,"Wire of stainless steel, in coils, containing by weight < 2,5% nickel (excl. such products containing 13% to 25% chromium and 3,5% to 6% aluminium, and bars and rods)"
72241010,F)(1,0.453,1.807,"Ingots and other primary forms, of tool steel"
72241010,G)(1,0.33,0.982,"Ingots and other primary forms, of tool steel"
72241010,H)(1,0.33,0.64,"Ingots and other primary forms, of tool steel"
72241010,J)(1,0.358,1.18,"Ingots and other primary forms, of tool steel"
72241010,F)(2,,1.64,"Ingots and other primary forms, of tool steel"
72241010,G)(2,,0.969,"Ingots and other primary forms, of tool steel"
72241010,H)(2,,0.628,"Ingots and other primary forms, of tool steel"
72241010,J)(2,,1.148,"Ingots and other primary forms, of tool steel"
72241090,F)(1,0.453,1.807,"Steel, alloy, other than stainless, in ingots or other primary forms (excl. of tool steel, waste and scrap in ingot form and products obtained by continuous casting)"
72241090,G)(1,0.33,0.982,"Steel, alloy, other than stainless, in ingots or other primary forms (excl. of tool steel, waste and scrap in ingot form and products obtained by continuous casting)"
72241090,H)(1,0.33,0.64,"Steel, alloy, other than stainless, in ingots or other primary forms (excl. of tool steel, waste and scrap in ingot form and products obtained by continuous casting)"
72241090,J)(1,0.358,1.18,"Steel, alloy, other than stainless, in ingots or other primary forms (excl. of tool steel, waste and scrap in ingot form and products obtained by continuous casting)"
72241090,F)(2,,1.64,"Steel, alloy, other than stainless, in ingots or other primary forms (excl. of tool steel, waste and scrap in ingot form and products obtained by continuous casting)"
72241090,G)(2,,0.969,"Steel, alloy, other than stainless, in ingots or other primary forms (excl. of tool steel, waste and scrap in ingot form and products obtained by continuous casting)"
72241090,H)(2,,0.628,"Steel, alloy, other than stainless, in ingots or other primary forms (excl. of tool steel, waste and scrap in ingot form and products obtained by continuous casting)"
72241090,J)(2,,1.148,"Steel, alloy, other than stainless, in ingots or other primary forms (excl. of tool steel, waste and scrap in ingot form and products obtained by continuous casting)"
72249002,F)(1,0.223,1.577,Semi-finished products of tool steel
72249002,G)(1,0.1,0.752,Semi-finished products of tool steel
72249002,H)(1,0.1,0.41,Semi-finished products of tool steel
72249002,J)(1,0.128,0.95,Semi-finished products of tool steel
72249002,F)(2,,1.409,Semi-finished products of tool steel
72249002,G)(2,,0.739,Semi-finished products of tool steel
72249002,H)(2,,0.397,Semi-finished products of tool steel
72249002,J)(2,,0.918,Semi-finished products of tool steel
72249003,F)(1,0.223,1.577,"Semi-finished products of high-speed steel, of square or rectangular cross-section, hot-rolled or obtained by continuous casting the width measuring < twice the thickness"
72249003,G)(1,0.1,0.752,"Semi-finished products of high-speed steel, of square or rectangular cross-section, hot-rolled or obtained by continuous casting the width measuring < twice the thickness"
72249003,H)(1,0.1,0.41,"Semi-finished products of high-speed steel, of square or rectangular cross-section, hot-rolled or obtained by continuous casting the width measuring < twice the thickness"
72249003,J)(1,0.128,0.95,"Semi-finished products of high-speed steel, of square or rectangular cross-section, hot-rolled or obtained by continuous casting the width measuring < twice the thickness"
72249003,F)(2,,1.409,"Semi-finished products of high-speed steel, of square or rectangular cross-section, hot-rolled or obtained by continuous casting the width measuring < twice the thickness"
72249003,G)(2,,0.739,"Semi-finished products of high-speed steel, of square or rectangular cross-section, hot-rolled or obtained by continuous casting the width measuring < twice the thickness"
72249003,H)(2,,0.397,"Semi-finished products of high-speed steel, of square or rectangular cross-section, hot-rolled or obtained by continuous casting the width measuring < twice the thickness"
72249003,J)(2,,0.918,"Semi-finished products of high-speed steel, of square or rectangular cross-section, hot-rolled or obtained by continuous casting the width measuring < twice the thickness"
72249005,F)(1,0.223,1.577,"Semi-finished products of steel containing by weight <= 0,7% of carbon, 0,5% to 1,2% of manganese, 0,6% to 2,3% of silicon, or of steel containing by weight >= 0,0008% of boron with any other element < the minimum content referred to in Note 1 f to chapter 72, of square or rectangular cross-section, hot rolled or obtained by continuous casting, the width measuring < twice the thickness"
72249005,G)(1,0.1,0.752,"Semi-finished products of steel containing by weight <= 0,7% of carbon, 0,5% to 1,2% of manganese, 0,6% to 2,3% of silicon, or of steel containing by weight >= 0,0008% of boron with any other element < the minimum content referred to in Note 1 f to chapter 72, of square or rectangular cross-section, hot rolled or obtained by continuous casting, the width measuring < twice the thickness"
72249005,H)(1,0.1,0.41,"Semi-finished products of steel containing by weight <= 0,7% of carbon, 0,5% to 1,2% of manganese, 0,6% to 2,3% of silicon, or of steel containing by weight >= 0,0008% of boron with any other element < the minimum content referred to in Note 1 f to chapter 72, of square or rectangular cross-section, hot rolled or obtained by continuous casting, the width measuring < twice the thickness"
72249005,J)(1,0.128,0.95,"Semi-finished products of steel containing by weight <= 0,7% of carbon, 0,5% to 1,2% of manganese, 0,6% to 2,3% of silicon, or of steel containing by weight >= 0,0008% of boron with any other element < the minimum content referred to in Note 1 f to chapter 72, of square or rectangular cross-section, hot rolled or obtained by continuous casting, the width measuring < twice the thickness"
72249005,F)(2,,1.409,"Semi-finished products of steel containing by weight <= 0,7% of carbon, 0,5% to 1,2% of manganese, 0,6% to 2,3% of silicon, or of steel containing by weight >= 0,0008% of boron with any other element < the minimum content referred to in Note 1 f to chapter 72, of square or rectangular cross-section, hot rolled or obtained by continuous casting, the width measuring < twice the thickness"
72249005,G)(2,,0.739,"Semi-finished products of steel containing by weight <= 0,7% of carbon, 0,5% to 1,2% of manganese, 0,6% to 2,3% of silicon, or of steel containing by weight >= 0,0008% of boron with any other element < the minimum content referred to in Note 1 f to chapter 72, of square or rectangular cross-section, hot rolled or obtained by continuous casting, the width measuring < twice the thickness"
72249005,H)(2,,0.397,"Semi-finished products of steel containing by weight <= 0,7% of carbon, 0,5% to 1,2% of manganese, 0,6% to 2,3% of silicon, or of steel containing by weight >= 0,0008% of boron with any other element < the minimum content referred to in Note 1 f to chapter 72, of square or rectangular cross-section, hot rolled or obtained by continuous casting, the width measuring < twice the thickness"
72249005,J)(2,,0.918,"Semi-finished products of steel containing by weight <= 0,7% of carbon, 0,5% to 1,2% of manganese, 0,6% to 2,3% of silicon, or of steel containing by weight >= 0,0008% of boron with any other element < the minimum content referred to in Note 1 f to chapter 72, of square or rectangular cross-section, hot rolled or obtained by continuous casting, the width measuring < twice the thickness"
72249007,F)(1,0.223,1.577,"Semi-finished products of alloy steel other than stainless steel, of square or rectangular cross-section, hot-rolled or obtained by continuous casting, the width measuring < twice the thickness (excl. of tool steel, high-speed steel and articles of subheading 7224.90.05)"
72249007,G)(1,0.1,0.752,"Semi-finished products of alloy steel other than stainless steel, of square or rectangular cross-section, hot-rolled or obtained by continuous casting, the width measuring < twice the thickness (excl. of tool steel, high-speed steel and articles of subheading 7224.90.05)"
72249007,H)(1,0.1,0.41,"Semi-finished products of alloy steel other than stainless steel, of square or rectangular cross-section, hot-rolled or obtained by continuous casting, the width measuring < twice the thickness (excl. of tool steel, high-speed steel and articles of subheading 7224.90.05)"
72249007,J)(1,0.128,0.95,"Semi-finished products of alloy steel other than stainless steel, of square or rectangular cross-section, hot-rolled or obtained by continuous casting, the width measuring < twice the thickness (excl. of tool steel, high-speed steel and articles of subheading 7224.90.05)"
72249007,F)(2,,1.409,"Semi-finished products of alloy steel other than stainless steel, of square or rectangular cross-section, hot-rolled or obtained by continuous casting, the width measuring < twice the thickness (excl. of tool steel, high-speed steel and articles of subheading 7224.90.05)"
72249007,G)(2,,0.739,"Semi-finished products of alloy steel other than stainless steel, of square or rectangular cross-section, hot-rolled or obtained by continuous casting, the width measuring < twice the thickness (excl. of tool steel, high-speed steel and articles of subheading 7224.90.05)"
72249007,H)(2,,0.397,"Semi-finished products of alloy steel other than stainless steel, of square or rectangular cross-section, hot-rolled or obtained by continuous casting, the width measuring < twice the thickness (excl. of tool steel, high-speed steel and articles of subheading 7224.90.05)"
72249007,J)(2,,0.918,"Semi-finished products of alloy steel other than stainless steel, of square or rectangular cross-section, hot-rolled or obtained by continuous casting, the width measuring < twice the thickness (excl. of tool steel, high-speed steel and articles of subheading 7224.90.05)"
72249014,F)(1,0.223,1.577,"Semi-finished products of alloy steel other than stainless steel, of square or rectangular cross-section, hot-rolled or obtained by continuous casting, the width measuring >= twice the thickness (excl. of tool steel)"
72249014,G)(1,0.1,0.752,"Semi-finished products of alloy steel other than stainless steel, of square or rectangular cross-section, hot-rolled or obtained by continuous casting, the width measuring >= twice the thickness (excl. of tool steel)"
72249014,H)(1,0.1,0.41,"Semi-finished products of alloy steel other than stainless steel, of square or rectangular cross-section, hot-rolled or obtained by continuous casting, the width measuring >= twice the thickness (excl. of tool steel)"
72249014,J)(1,0.128,0.95,"Semi-finished products of alloy steel other than stainless steel, of square or rectangular cross-section, hot-rolled or obtained by continuous casting, the width measuring >= twice the thickness (excl. of tool steel)"
72249014,F)(2,,1.409,"Semi-finished products of alloy steel other than stainless steel, of square or rectangular cross-section, hot-rolled or obtained by continuous casting, the width measuring >= twice the thickness (excl. of tool steel)"
72249014,G)(2,,0.739,"Semi-finished products of alloy steel other than stainless steel, of square or rectangular cross-section, hot-rolled or obtained by continuous casting, the width measuring >= twice the thickness (excl. of tool steel)"
72249014,H)(2,,0.397,"Semi-finished products of alloy steel other than stainless steel, of square or rectangular cross-section, hot-rolled or obtained by continuous casting, the width measuring >= twice the thickness (excl. of tool steel)"
72249014,J)(2,,0.918,"Semi-finished products of alloy steel other than stainless steel, of square or rectangular cross-section, hot-rolled or obtained by continuous casting, the width measuring >= twice the thickness (excl. of tool steel)"
72249018,F)(1,0.453,1.807,"Semi-finished products of alloy steel other than stainless steel, of square or rectangular cross-section, forged (excl. of tool steel)"
72249018,G)(1,0.33,0.982,"Semi-finished products of alloy steel other than stainless steel, of square or rectangular cross-section, forged (excl. of tool steel)"
72249018,H)(1,0.33,0.64,"Semi-finished products of alloy steel other than stainless steel, of square or rectangular cross-section, forged (excl. of tool steel)"
72249018,J)(1,0.358,1.18,"Semi-finished products of alloy steel other than stainless steel, of square or rectangular cross-section, forged (excl. of tool steel)"
72249018,F)(2,,1.64,"Semi-finished products of alloy steel other than stainless steel, of square or rectangular cross-section, forged (excl. of tool steel)"
72249018,G)(2,,0.969,"Semi-finished products of alloy steel other than stainless steel, of square or rectangular cross-section, forged (excl. of tool steel)"
72249018,H)(2,,0.628,"Semi-finished products of alloy steel other than stainless steel, of square or rectangular cross-section, forged (excl. of tool steel)"
72249018,J)(2,,1.148,"Semi-finished products of alloy steel other than stainless steel, of square or rectangular cross-section, forged (excl. of tool steel)"
72249031,F)(1,0.223,1.577,"Semi-finished products of steel containing by weight 0,9% to 1,15% carbon, 0,5% to 2% of chromium and, if present, <= 0,5% of molybdenum, cut into shapes other than square or rectangular, hot-rolled or obtained by continuous casting"
72249031,G)(1,0.1,0.752,"Semi-finished products of steel containing by weight 0,9% to 1,15% carbon, 0,5% to 2% of chromium and, if present, <= 0,5% of molybdenum, cut into shapes other than square or rectangular, hot-rolled or obtained by continuous casting"
72249031,H)(1,0.1,0.41,"Semi-finished products of steel containing by weight 0,9% to 1,15% carbon, 0,5% to 2% of chromium and, if present, <= 0,5% of molybdenum, cut into shapes other than square or rectangular, hot-rolled or obtained by continuous casting"
72249031,J)(1,0.128,0.95,"Semi-finished products of steel containing by weight 0,9% to 1,15% carbon, 0,5% to 2% of chromium and, if present, <= 0,5% of molybdenum, cut into shapes other than square or rectangular, hot-rolled or obtained by continuous casting"
72249031,F)(2,,1.409,"Semi-finished products of steel containing by weight 0,9% to 1,15% carbon, 0,5% to 2% of chromium and, if present, <= 0,5% of molybdenum, cut into shapes other than square or rectangular, hot-rolled or obtained by continuous casting"
72249031,G)(2,,0.739,"Semi-finished products of steel containing by weight 0,9% to 1,15% carbon, 0,5% to 2% of chromium and, if present, <= 0,5% of molybdenum, cut into shapes other than square or rectangular, hot-rolled or obtained by continuous casting"
72249031,H)(2,,0.397,"Semi-finished products of steel containing by weight 0,9% to 1,15% carbon, 0,5% to 2% of chromium and, if present, <= 0,5% of molybdenum, cut into shapes other than square or rectangular, hot-rolled or obtained by continuous casting"
72249031,J)(2,,0.918,"Semi-finished products of steel containing by weight 0,9% to 1,15% carbon, 0,5% to 2% of chromium and, if present, <= 0,5% of molybdenum, cut into shapes other than square or rectangular, hot-rolled or obtained by continuous casting"
72249038,F)(1,0.223,1.577,"Semi-finished products of alloy steel, other than stainless steel, cut into shapes other than square or rectangular, hot-rolled or obtained by continuous casting (excl. of tool steel and products containing by weight 0,9% to 1,15% of carbon, 0,5% to 2% of chromium and, if present, <= 0,5% of molybdenum)"
72249038,G)(1,0.1,0.752,"Semi-finished products of alloy steel, other than stainless steel, cut into shapes other than square or rectangular, hot-rolled or obtained by continuous casting (excl. of tool steel and products containing by weight 0,9% to 1,15% of carbon, 0,5% to 2% of chromium and, if present, <= 0,5% of molybdenum)"
72249038,H)(1,0.1,0.41,"Semi-finished products of alloy steel, other than stainless steel, cut into shapes other than square or rectangular, hot-rolled or obtained by continuous casting (excl. of tool steel and products containing by weight 0,9% to 1,15% of carbon, 0,5% to 2% of chromium and, if present, <= 0,5% of molybdenum)"
72249038,J)(1,0.128,0.95,"Semi-finished products of alloy steel, other than stainless steel, cut into shapes other than square or rectangular, hot-rolled or obtained by continuous casting (excl. of tool steel and products containing by weight 0,9% to 1,15% of carbon, 0,5% to 2% of chromium and, if present, <= 0,5% of molybdenum)"
72249038,F)(2,,1.409,"Semi-finished products of alloy steel, other than stainless steel, cut into shapes other than square or rectangular, hot-rolled or obtained by continuous casting (excl. of tool steel and products containing by weight 0,9% to 1,15% of carbon, 0,5% to 2% of chromium and, if present, <= 0,5% of molybdenum)"
72249038,G)(2,,0.739,"Semi-finished products of alloy steel, other than stainless steel, cut into shapes other than square or rectangular, hot-rolled or obtained by continuous casting (excl. of tool steel and products containing by weight 0,9% to 1,15% of carbon, 0,5% to 2% of chromium and, if present, <= 0,5% of molybdenum)"
72249038,H)(2,,0.397,"Semi-finished products of alloy steel, other than stainless steel, cut into shapes other than square or rectangular, hot-rolled or obtained by continuous casting (excl. of tool steel and products containing by weight 0,9% to 1,15% of carbon, 0,5% to 2% of chromium and, if present, <= 0,5% of molybdenum)"
72249038,J)(2,,0.918,"Semi-finished products of alloy steel, other than stainless steel, cut into shapes other than square or rectangular, hot-rolled or obtained by continuous casting (excl. of tool steel and products containing by weight 0,9% to 1,15% of carbon, 0,5% to 2% of chromium and, if present, <= 0,5% of molybdenum)"
72249090,F)(1,0.453,1.807,"Semi-finished products of alloy steel, other than stainless steel, forged (excl. of tool steel and products of square or rectangular, circular or polygamol cross-section)"
72249090,G)(1,0.33,0.982,"Semi-finished products of alloy steel, other than stainless steel, forged (excl. of tool steel and products of square or rectangular, circular or polygamol cross-section)"
72249090,H)(1,0.33,0.64,"Semi-finished products of alloy steel, other than stainless steel, forged (excl. of tool steel and products of square or rectangular, circular or polygamol cross-section)"
72249090,J)(1,0.358,1.18,"Semi-finished products of alloy steel, other than stainless steel, forged (excl. of tool steel and products of square or rectangular, circular or polygamol cross-section)"
72249090,F)(2,,1.64,"Semi-finished products of alloy steel, other than stainless steel, forged (excl. of tool steel and products of square or rectangular, circular or polygamol cross-section)"
72249090,G)(2,,0.969,"Semi-finished products of alloy steel, other than stainless steel, forged (excl. of tool steel and products of square or rectangular, circular or polygamol cross-section)"
72249090,H)(2,,0.628,"Semi-finished products of alloy steel, other than stainless steel, forged (excl. of tool steel and products of square or rectangular, circular or polygamol cross-section)"
72249090,J)(2,,1.148,"Semi-finished products of alloy steel, other than stainless steel, forged (excl. of tool steel and products of square or rectangular, circular or polygamol cross-section)"
72251100,C,0.073,1.779,"Flat-rolled products of silicon-electrical steel, of a width of >= 600 mm, grain-oriented"
72251100,D,,0.635,"Flat-rolled products of silicon-electrical steel, of a width of >= 600 mm, grain-oriented"
72251100,E,,0.109,"Flat-rolled products of silicon-electrical steel, of a width of >= 600 mm, grain-oriented"
72251910,C,0.073,1.399,"Flat-rolled products of silicon-electrical steel, of a width of >= 600 mm, hot-rolled"
72251910,D,,0.51,"Flat-rolled products of silicon-electrical steel, of a width of >= 600 mm, hot-rolled"
72251910,E,,0.101,"Flat-rolled products of silicon-electrical steel, of a width of >= 600 mm, hot-rolled"
72251990,C,0.109,1.488,"Flat-rolled products of silicon-electrical steel, of a width of >= 600 mm, cold-rolled ""cold-reduced"", non-grain-oriented"
72251990,D,,0.563,"Flat-rolled products of silicon-electrical steel, of a width of >= 600 mm, cold-rolled ""cold-reduced"", non-grain-oriented"
72251990,E,,0.138,"Flat-rolled products of silicon-electrical steel, of a width of >= 600 mm, cold-rolled ""cold-reduced"", non-grain-oriented"
72253010,F)(1,0.073,1.577,"Flat-rolled products of tool steel, of a width of >= 600 mm, not further worked than hot-rolled, in coils"
72253010,G)(1,,0.752,"Flat-rolled products of tool steel, of a width of >= 600 mm, not further worked than hot-rolled, in coils"
72253010,H)(1,,0.41,"Flat-rolled products of tool steel, of a width of >= 600 mm, not further worked than hot-rolled, in coils"
72253010,J)(1,,0.95,"Flat-rolled products of tool steel, of a width of >= 600 mm, not further worked than hot-rolled, in coils"
72253010,F)(2,,1.409,"Flat-rolled products of tool steel, of a width of >= 600 mm, not further worked than hot-rolled, in coils"
72253010,G)(2,,0.739,"Flat-rolled products of tool steel, of a width of >= 600 mm, not further worked than hot-rolled, in coils"
72253010,H)(2,,0.397,"Flat-rolled products of tool steel, of a width of >= 600 mm, not further worked than hot-rolled, in coils"
72253010,J)(2,,0.918,"Flat-rolled products of tool steel, of a width of >= 600 mm, not further worked than hot-rolled, in coils"
72253030,F)(1,0.073,1.577,"Flat-rolled products of high-speed steel, of a width of >= 600 mm, not further worked than hot-rolled, in coils"
72253030,G)(1,,0.752,"Flat-rolled products of high-speed steel, of a width of >= 600 mm, not further worked than hot-rolled, in coils"
72253030,H)(1,,0.41,"Flat-rolled products of high-speed steel, of a width of >= 600 mm, not further worked than hot-rolled, in coils"
72253030,J)(1,,0.95,"Flat-rolled products of high-speed steel, of a width of >= 600 mm, not further worked than hot-rolled, in coils"
72253030,F)(2,,1.409,"Flat-rolled products of high-speed steel, of a width of >= 600 mm, not further worked than hot-rolled, in coils"
72253030,G)(2,,0.739,"Flat-rolled products of high-speed steel, of a width of >= 600 mm, not further worked than hot-rolled, in coils"
72253030,H)(2,,0.397,"Flat-rolled products of high-speed steel, of a width of >= 600 mm, not further worked than hot-rolled, in coils"
72253030,J)(2,,0.918,"Flat-rolled products of high-speed steel, of a width of >= 600 mm, not further worked than hot-rolled, in coils"
72253090,F)(1,0.073,1.577,"Flat-rolled products of alloy steel other than stainless, of a width of >= 600 mm, not further worked than hot-rolled, in coils (excl. products of tool steel, high-speed steel or silicon-electrical steel)"
72253090,G)(1,,0.752,"Flat-rolled products of alloy steel other than stainless, of a width of >= 600 mm, not further worked than hot-rolled, in coils (excl. products of tool steel, high-speed steel or silicon-electrical steel)"
72253090,H)(1,,0.41,"Flat-rolled products of alloy steel other than stainless, of a width of >= 600 mm, not further worked than hot-rolled, in coils (excl. products of tool steel, high-speed steel or silicon-electrical steel)"
72253090,J)(1,,0.95,"Flat-rolled products of alloy steel other than stainless, of a width of >= 600 mm, not further worked than hot-rolled, in coils (excl. products of tool steel, high-speed steel or silicon-electrical steel)"
72253090,F)(2,,1.409,"Flat-rolled products of alloy steel other than stainless, of a width of >= 600 mm, not further worked than hot-rolled, in coils (excl. products of tool steel, high-speed steel or silicon-electrical steel)"
72253090,G)(2,,0.739,"Flat-rolled products of alloy steel other than stainless, of a width of >= 600 mm, not further worked than hot-rolled, in coils (excl. products of tool steel, high-speed steel or silicon-electrical steel)"
72253090,H)(2,,0.397,"Flat-rolled products of alloy steel other than stainless, of a width of >= 600 mm, not further worked than hot-rolled, in coils (excl. products of tool steel, high-speed steel or silicon-electrical steel)"
72253090,J)(2,,0.918,"Flat-rolled products of alloy steel other than stainless, of a width of >= 600 mm, not further worked than hot-rolled, in coils (excl. products of tool steel, high-speed steel or silicon-electrical steel)"
72254012,F)(1,0.073,1.577,"Flat-rolled products of tool steel, of a width of >= 600 mm, not further worked than hot-rolled, not in coils"
72254012,G)(1,,0.752,"Flat-rolled products of tool steel, of a width of >= 600 mm, not further worked than hot-rolled, not in coils"
72254012,H)(1,,0.41,"Flat-rolled products of tool steel, of a width of >= 600 mm, not further worked than hot-rolled, not in coils"
72254012,J)(1,,0.95,"Flat-rolled products of tool steel, of a width of >= 600 mm, not further worked than hot-rolled, not in coils"
72254012,F)(2,,1.409,"Flat-rolled products of tool steel, of a width of >= 600 mm, not further worked than hot-rolled, not in coils"
72254012,G)(2,,0.739,"Flat-rolled products of tool steel, of a width of >= 600 mm, not further worked than hot-rolled, not in coils"
72254012,H)(2,,0.397,"Flat-rolled products of tool steel, of a width of >= 600 mm, not further worked than hot-rolled, not in coils"
72254012,J)(2,,0.918,"Flat-rolled products of tool steel, of a width of >= 600 mm, not further worked than hot-rolled, not in coils"
72254015,F)(1,0.073,1.577,"Flat-rolled products of high-speed steel, of a width of >= 600 mm, not further worked than hot-rolled, not in coils"
72254015,G)(1,,0.752,"Flat-rolled products of high-speed steel, of a width of >= 600 mm, not further worked than hot-rolled, not in coils"
72254015,H)(1,,0.41,"Flat-rolled products of high-speed steel, of a width of >= 600 mm, not further worked than hot-rolled, not in coils"
72254015,J)(1,,0.95,"Flat-rolled products of high-speed steel, of a width of >= 600 mm, not further worked than hot-rolled, not in coils"
72254015,F)(2,,1.409,"Flat-rolled products of high-speed steel, of a width of >= 600 mm, not further worked than hot-rolled, not in coils"
72254015,G)(2,,0.739,"Flat-rolled products of high-speed steel, of a width of >= 600 mm, not further worked than hot-rolled, not in coils"
72254015,H)(2,,0.397,"Flat-rolled products of high-speed steel, of a width of >= 600 mm, not further worked than hot-rolled, not in coils"
72254015,J)(2,,0.918,"Flat-rolled products of high-speed steel, of a width of >= 600 mm, not further worked than hot-rolled, not in coils"
72254040,F)(1,0.073,1.577,"Flat-rolled products of alloy steel other than stainless, of a width of >= 600 mm, not further worked than hot-rolled, not in coils, of a thickness of > 10 mm (excl. products of tool steel, high-speed steel or silicon-electrical steel)"
72254040,G)(1,,0.752,"Flat-rolled products of alloy steel other than stainless, of a width of >= 600 mm, not further worked than hot-rolled, not in coils, of a thickness of > 10 mm (excl. products of tool steel, high-speed steel or silicon-electrical steel)"
72254040,H)(1,,0.41,"Flat-rolled products of alloy steel other than stainless, of a width of >= 600 mm, not further worked than hot-rolled, not in coils, of a thickness of > 10 mm (excl. products of tool steel, high-speed steel or silicon-electrical steel)"
72254040,J)(1,,0.95,"Flat-rolled products of alloy steel other than stainless, of a width of >= 600 mm, not further worked than hot-rolled, not in coils, of a thickness of > 10 mm (excl. products of tool steel, high-speed steel or silicon-electrical steel)"
72254040,F)(2,,1.409,"Flat-rolled products of alloy steel other than stainless, of a width of >= 600 mm, not further worked than hot-rolled, not in coils, of a thickness of > 10 mm (excl. products of tool steel, high-speed steel or silicon-electrical steel)"
72254040,G)(2,,0.739,"Flat-rolled products of alloy steel other than stainless, of a width of >= 600 mm, not further worked than hot-rolled, not in coils, of a thickness of > 10 mm (excl. products of tool steel, high-speed steel or silicon-electrical steel)"
72254040,H)(2,,0.397,"Flat-rolled products of alloy steel other than stainless, of a width of >= 600 mm, not further worked than hot-rolled, not in coils, of a thickness of > 10 mm (excl. products of tool steel, high-speed steel or silicon-electrical steel)"
72254040,J)(2,,0.918,"Flat-rolled products of alloy steel other than stainless, of a width of >= 600 mm, not further worked than hot-rolled, not in coils, of a thickness of > 10 mm (excl. products of tool steel, high-speed steel or silicon-electrical steel)"
72254060,F)(1,0.073,1.577,"Flat-rolled products of alloy steel other than stainless, of a width of >= 600 mm, not further worked than hot-rolled, not in coils, of a thickness of >= 4,75 mm but <= 10 mm (excl. products of tool steel, high-speed steel or silicon-electrical steel)"
72254060,G)(1,,0.752,"Flat-rolled products of alloy steel other than stainless, of a width of >= 600 mm, not further worked than hot-rolled, not in coils, of a thickness of >= 4,75 mm but <= 10 mm (excl. products of tool steel, high-speed steel or silicon-electrical steel)"
72254060,H)(1,,0.41,"Flat-rolled products of alloy steel other than stainless, of a width of >= 600 mm, not further worked than hot-rolled, not in coils, of a thickness of >= 4,75 mm but <= 10 mm (excl. products of tool steel, high-speed steel or silicon-electrical steel)"
72254060,J)(1,,0.95,"Flat-rolled products of alloy steel other than stainless, of a width of >= 600 mm, not further worked than hot-rolled, not in coils, of a thickness of >= 4,75 mm but <= 10 mm (excl. products of tool steel, high-speed steel or silicon-electrical steel)"
72254060,F)(2,,1.409,"Flat-rolled products of alloy steel other than stainless, of a width of >= 600 mm, not further worked than hot-rolled, not in coils, of a thickness of >= 4,75 mm but <= 10 mm (excl. products of tool steel, high-speed steel or silicon-electrical steel)"
72254060,G)(2,,0.739,"Flat-rolled products of alloy steel other than stainless, of a width of >= 600 mm, not further worked than hot-rolled, not in coils, of a thickness of >= 4,75 mm but <= 10 mm (excl. products of tool steel, high-speed steel or silicon-electrical steel)"
72254060,H)(2,,0.397,"Flat-rolled products of alloy steel other than stainless, of a width of >= 600 mm, not further worked than hot-rolled, not in coils, of a thickness of >= 4,75 mm but <= 10 mm (excl. products of tool steel, high-speed steel or silicon-electrical steel)"
72254060,J)(2,,0.918,"Flat-rolled products of alloy steel other than stainless, of a width of >= 600 mm, not further worked than hot-rolled, not in coils, of a thickness of >= 4,75 mm but <= 10 mm (excl. products of tool steel, high-speed steel or silicon-electrical steel)"
72254090,F)(1,0.073,1.577,"Flat-rolled products of alloy steel other than stainless, of a width of >= 600 mm, not further worked than hot-rolled, not in coils, of a thickness of < 4,75 mm (excl. products of tool steel, high-speed steel or silicon-electrical steel)"
72254090,G)(1,,0.752,"Flat-rolled products of alloy steel other than stainless, of a width of >= 600 mm, not further worked than hot-rolled, not in coils, of a thickness of < 4,75 mm (excl. products of tool steel, high-speed steel or silicon-electrical steel)"
72254090,H)(1,,0.41,"Flat-rolled products of alloy steel other than stainless, of a width of >= 600 mm, not further worked than hot-rolled, not in coils, of a thickness of < 4,75 mm (excl. products of tool steel, high-speed steel or silicon-electrical steel)"
72254090,J)(1,,0.95,"Flat-rolled products of alloy steel other than stainless, of a width of >= 600 mm, not further worked than hot-rolled, not in coils, of a thickness of < 4,75 mm (excl. products of tool steel, high-speed steel or silicon-electrical steel)"
72254090,F)(2,,1.409,"Flat-rolled products of alloy steel other than stainless, of a width of >= 600 mm, not further worked than hot-rolled, not in coils, of a thickness of < 4,75 mm (excl. products of tool steel, high-speed steel or silicon-electrical steel)"
72254090,G)(2,,0.739,"Flat-rolled products of alloy steel other than stainless, of a width of >= 600 mm, not further worked than hot-rolled, not in coils, of a thickness of < 4,75 mm (excl. products of tool steel, high-speed steel or silicon-electrical steel)"
72254090,H)(2,,0.397,"Flat-rolled products of alloy steel other than stainless, of a width of >= 600 mm, not further worked than hot-rolled, not in coils, of a thickness of < 4,75 mm (excl. products of tool steel, high-speed steel or silicon-electrical steel)"
72254090,J)(2,,0.918,"Flat-rolled products of alloy steel other than stainless, of a width of >= 600 mm, not further worked than hot-rolled, not in coils, of a thickness of < 4,75 mm (excl. products of tool steel, high-speed steel or silicon-electrical steel)"
72255020,F)(1,0.109,1.673,"Flat-rolled products of high-speed steel, of a width of >= 600 mm, not further worked than cold-rolled ""cold-reduced"""
72255020,G)(1,,0.815,"Flat-rolled products of high-speed steel, of a width of >= 600 mm, not further worked than cold-rolled ""cold-reduced"""
72255020,H)(1,,0.46,"Flat-rolled products of high-speed steel, of a width of >= 600 mm, not further worked than cold-rolled ""cold-reduced"""
72255020,J)(1,,1.021,"Flat-rolled products of high-speed steel, of a width of >= 600 mm, not further worked than cold-rolled ""cold-reduced"""
72255020,F)(2,,1.499,"Flat-rolled products of high-speed steel, of a width of >= 600 mm, not further worked than cold-rolled ""cold-reduced"""
72255020,G)(2,,0.801,"Flat-rolled products of high-speed steel, of a width of >= 600 mm, not further worked than cold-rolled ""cold-reduced"""
72255020,H)(2,,0.446,"Flat-rolled products of high-speed steel, of a width of >= 600 mm, not further worked than cold-rolled ""cold-reduced"""
72255020,J)(2,,0.987,"Flat-rolled products of high-speed steel, of a width of >= 600 mm, not further worked than cold-rolled ""cold-reduced"""
72255080,F)(1,0.109,1.673,"Flat-rolled products of alloy steel other than stainless, of a width of >= 600 mm, not further worked than cold-rolled ""cold-reduced"" (excl. products of high-speed steel or silicon-electrical steel)"
72255080,G)(1,,0.815,"Flat-rolled products of alloy steel other than stainless, of a width of >= 600 mm, not further worked than cold-rolled ""cold-reduced"" (excl. products of high-speed steel or silicon-electrical steel)"
72255080,H)(1,,0.46,"Flat-rolled products of alloy steel other than stainless, of a width of >= 600 mm, not further worked than cold-rolled ""cold-reduced"" (excl. products of high-speed steel or silicon-electrical steel)"
72255080,J)(1,,1.021,"Flat-rolled products of alloy steel other than stainless, of a width of >= 600 mm, not further worked than cold-rolled ""cold-reduced"" (excl. products of high-speed steel or silicon-electrical steel)"
72255080,F)(2,,1.499,"Flat-rolled products of alloy steel other than stainless, of a width of >= 600 mm, not further worked than cold-rolled ""cold-reduced"" (excl. products of high-speed steel or silicon-electrical steel)"
72255080,G)(2,,0.801,"Flat-rolled products of alloy steel other than stainless, of a width of >= 600 mm, not further worked than cold-rolled ""cold-reduced"" (excl. products of high-speed steel or silicon-electrical steel)"
72255080,H)(2,,0.446,"Flat-rolled products of alloy steel other than stainless, of a width of >= 600 mm, not further worked than cold-rolled ""cold-reduced"" (excl. products of high-speed steel or silicon-electrical steel)"
72255080,J)(2,,0.987,"Flat-rolled products of alloy steel other than stainless, of a width of >= 600 mm, not further worked than cold-rolled ""cold-reduced"" (excl. products of high-speed steel or silicon-electrical steel)"
72259100,F)(1,0.142,1.706,"Flat-rolled products of alloy steel other than stainless, of a width of >= 600 mm, hot-rolled or cold-rolled ""cold-reduced"" and electrolytically plated or coated with zinc (excl. products of silicon-electrical steel)"
72259100,G)(1,,0.848,"Flat-rolled products of alloy steel other than stainless, of a width of >= 600 mm, hot-rolled or cold-rolled ""cold-reduced"" and electrolytically plated or coated with zinc (excl. products of silicon-electrical steel)"
72259100,H)(1,,0.493,"Flat-rolled products of alloy steel other than stainless, of a width of >= 600 mm, hot-rolled or cold-rolled ""cold-reduced"" and electrolytically plated or coated with zinc (excl. products of silicon-electrical steel)"
72259100,J)(1,,1.054,"Flat-rolled products of alloy steel other than stainless, of a width of >= 600 mm, hot-rolled or cold-rolled ""cold-reduced"" and electrolytically plated or coated with zinc (excl. products of silicon-electrical steel)"
72259100,F)(2,,1.532,"Flat-rolled products of alloy steel other than stainless, of a width of >= 600 mm, hot-rolled or cold-rolled ""cold-reduced"" and electrolytically plated or coated with zinc (excl. products of silicon-electrical steel)"
72259100,G)(2,,0.835,"Flat-rolled products of alloy steel other than stainless, of a width of >= 600 mm, hot-rolled or cold-rolled ""cold-reduced"" and electrolytically plated or coated with zinc (excl. products of silicon-electrical steel)"
72259100,H)(2,,0.48,"Flat-rolled products of alloy steel other than stainless, of a width of >= 600 mm, hot-rolled or cold-rolled ""cold-reduced"" and electrolytically plated or coated with zinc (excl. products of silicon-electrical steel)"
72259100,J)(2,,1.021,"Flat-rolled products of alloy steel other than stainless, of a width of >= 600 mm, hot-rolled or cold-rolled ""cold-reduced"" and electrolytically plated or coated with zinc (excl. products of silicon-electrical steel)"
72259200,F)(1,0.142,1.706,"Flat-rolled products of alloy steel other than stainless, of a width of >= 600 mm, hot-rolled or cold-rolled ""cold-reduced"" and plated or coated with zinc (excl. electrolytically plated or coated and products of silicon-electrical steel)"
72259200,G)(1,,0.848,"Flat-rolled products of alloy steel other than stainless, of a width of >= 600 mm, hot-rolled or cold-rolled ""cold-reduced"" and plated or coated with zinc (excl. electrolytically plated or coated and products of silicon-electrical steel)"
72259200,H)(1,,0.493,"Flat-rolled products of alloy steel other than stainless, of a width of >= 600 mm, hot-rolled or cold-rolled ""cold-reduced"" and plated or coated with zinc (excl. electrolytically plated or coated and products of silicon-electrical steel)"
72259200,J)(1,,1.054,"Flat-rolled products of alloy steel other than stainless, of a width of >= 600 mm, hot-rolled or cold-rolled ""cold-reduced"" and plated or coated with zinc (excl. electrolytically plated or coated and products of silicon-electrical steel)"
72259200,F)(2,,1.532,"Flat-rolled products of alloy steel other than stainless, of a width of >= 600 mm, hot-rolled or cold-rolled ""cold-reduced"" and plated or coated with zinc (excl. electrolytically plated or coated and products of silicon-electrical steel)"
72259200,G)(2,,0.835,"Flat-rolled products of alloy steel other than stainless, of a width of >= 600 mm, hot-rolled or cold-rolled ""cold-reduced"" and plated or coated with zinc (excl. electrolytically plated or coated and products of silicon-electrical steel)"
72259200,H)(2,,0.48,"Flat-rolled products of alloy steel other than stainless, of a width of >= 600 mm, hot-rolled or cold-rolled ""cold-reduced"" and plated or coated with zinc (excl. electrolytically plated or coated and products of silicon-electrical steel)"
72259200,J)(2,,1.021,"Flat-rolled products of alloy steel other than stainless, of a width of >= 600 mm, hot-rolled or cold-rolled ""cold-reduced"" and plated or coated with zinc (excl. electrolytically plated or coated and products of silicon-electrical steel)"
72259900,F)(1,0.142,1.706,"Flat-rolled products of alloy steel other than stainless, of a width of >= 600 mm, hot-rolled or cold-rolled ""cold-reduced"" and further worked (excl. plated or coated with zinc and products of silicon-electrical steel)"
72259900,G)(1,,0.848,"Flat-rolled products of alloy steel other than stainless, of a width of >= 600 mm, hot-rolled or cold-rolled ""cold-reduced"" and further worked (excl. plated or coated with zinc and products of silicon-electrical steel)"
72259900,H)(1,,0.493,"Flat-rolled products of alloy steel other than stainless, of a width of >= 600 mm, hot-rolled or cold-rolled ""cold-reduced"" and further worked (excl. plated or coated with zinc and products of silicon-electrical steel)"
72259900,J)(1,,1.054,"Flat-rolled products of alloy steel other than stainless, of a width of >= 600 mm, hot-rolled or cold-rolled ""cold-reduced"" and further worked (excl. plated or coated with zinc and products of silicon-electrical steel)"
72259900,F)(2,,1.532,"Flat-rolled products of alloy steel other than stainless, of a width of >= 600 mm, hot-rolled or cold-rolled ""cold-reduced"" and further worked (excl. plated or coated with zinc and products of silicon-electrical steel)"
72259900,G)(2,,0.835,"Flat-rolled products of alloy steel other than stainless, of a width of >= 600 mm, hot-rolled or cold-rolled ""cold-reduced"" and further worked (excl. plated or coated with zinc and products of silicon-electrical steel)"
72259900,H)(2,,0.48,"Flat-rolled products of alloy steel other than stainless, of a width of >= 600 mm, hot-rolled or cold-rolled ""cold-reduced"" and further worked (excl. plated or coated with zinc and products of silicon-electrical steel)"
72259900,J)(2,,1.021,"Flat-rolled products of alloy steel other than stainless, of a width of >= 600 mm, hot-rolled or cold-rolled ""cold-reduced"" and further worked (excl. plated or coated with zinc and products of silicon-electrical steel)"
72261100,C,0.073,1.779,"Flat-rolled products of silicon-electrical steel, of a width of < 600 mm, hot-rolled or cold-rolled ""cold-reduced"", grain-oriented"
72261100,D,,0.635,"Flat-rolled products of silicon-electrical steel, of a width of < 600 mm, hot-rolled or cold-rolled ""cold-reduced"", grain-oriented"
72261100,E,,0.109,"Flat-rolled products of silicon-electrical steel, of a width of < 600 mm, hot-rolled or cold-rolled ""cold-reduced"", grain-oriented"
72261910,C,0.073,1.399,"Flat-rolled products of silicon-electrical steel, of a width of < 600 mm, not further worked than hot-rolled"
72261910,D,,0.51,"Flat-rolled products of silicon-electrical steel, of a width of < 600 mm, not further worked than hot-rolled"
72261910,E,,0.101,"Flat-rolled products of silicon-electrical steel, of a width of < 600 mm, not further worked than hot-rolled"
72261980,C,0.109,1.488,"Flat-rolled products of silicon-electrical steel, of a width of < 600 mm, cold-rolled ""cold-reduced"", whether or not further worked, or hot-rolled and further worked, non-grain-oriented"
72261980,D,,0.563,"Flat-rolled products of silicon-electrical steel, of a width of < 600 mm, cold-rolled ""cold-reduced"", whether or not further worked, or hot-rolled and further worked, non-grain-oriented"
72261980,E,,0.138,"Flat-rolled products of silicon-electrical steel, of a width of < 600 mm, cold-rolled ""cold-reduced"", whether or not further worked, or hot-rolled and further worked, non-grain-oriented"
72262000,F)(1,0.073,1.577,"Flat-rolled products of high-speed steel, of a width of <= 600 mm, hot-rolled or cold-rolled ""cold-reduced"""
72262000,G)(1,,0.752,"Flat-rolled products of high-speed steel, of a width of <= 600 mm, hot-rolled or cold-rolled ""cold-reduced"""
72262000,H)(1,,0.41,"Flat-rolled products of high-speed steel, of a width of <= 600 mm, hot-rolled or cold-rolled ""cold-reduced"""
72262000,J)(1,,0.95,"Flat-rolled products of high-speed steel, of a width of <= 600 mm, hot-rolled or cold-rolled ""cold-reduced"""
72262000,F)(2,,1.409,"Flat-rolled products of high-speed steel, of a width of <= 600 mm, hot-rolled or cold-rolled ""cold-reduced"""
72262000,G)(2,,0.739,"Flat-rolled products of high-speed steel, of a width of <= 600 mm, hot-rolled or cold-rolled ""cold-reduced"""
72262000,H)(2,,0.397,"Flat-rolled products of high-speed steel, of a width of <= 600 mm, hot-rolled or cold-rolled ""cold-reduced"""
72262000,J)(2,,0.918,"Flat-rolled products of high-speed steel, of a width of <= 600 mm, hot-rolled or cold-rolled ""cold-reduced"""
72269120,F)(1,0.073,1.577,"Flat-rolled products of tool steel, of a width of < 600 mm, simply hot-rolled"
72269120,G)(1,,0.752,"Flat-rolled products of tool steel, of a width of < 600 mm, simply hot-rolled"
72269120,H)(1,,0.41,"Flat-rolled products of tool steel, of a width of < 600 mm, simply hot-rolled"
72269120,J)(1,,0.95,"Flat-rolled products of tool steel, of a width of < 600 mm, simply hot-rolled"
72269120,F)(2,,1.409,"Flat-rolled products of tool steel, of a width of < 600 mm, simply hot-rolled"
72269120,G)(2,,0.739,"Flat-rolled products of tool steel, of a width of < 600 mm, simply hot-rolled"
72269120,H)(2,,0.397,"Flat-rolled products of tool steel, of a width of < 600 mm, simply hot-rolled"
72269120,J)(2,,0.918,"Flat-rolled products of tool steel, of a width of < 600 mm, simply hot-rolled"
72269191,F)(1,0.073,1.577,"Flat-rolled products of alloy steel other than stainless steel, simply hot-rolled, of a thickness of >= 4,75 mm, of a width of < 600 mm (excl. of tool steel, silicon-electrical steel or high speed steel)"
72269191,G)(1,,0.752,"Flat-rolled products of alloy steel other than stainless steel, simply hot-rolled, of a thickness of >= 4,75 mm, of a width of < 600 mm (excl. of tool steel, silicon-electrical steel or high speed steel)"
72269191,H)(1,,0.41,"Flat-rolled products of alloy steel other than stainless steel, simply hot-rolled, of a thickness of >= 4,75 mm, of a width of < 600 mm (excl. of tool steel, silicon-electrical steel or high speed steel)"
72269191,J)(1,,0.95,"Flat-rolled products of alloy steel other than stainless steel, simply hot-rolled, of a thickness of >= 4,75 mm, of a width of < 600 mm (excl. of tool steel, silicon-electrical steel or high speed steel)"
72269191,F)(2,,1.409,"Flat-rolled products of alloy steel other than stainless steel, simply hot-rolled, of a thickness of >= 4,75 mm, of a width of < 600 mm (excl. of tool steel, silicon-electrical steel or high speed steel)"
72269191,G)(2,,0.739,"Flat-rolled products of alloy steel other than stainless steel, simply hot-rolled, of a thickness of >= 4,75 mm, of a width of < 600 mm (excl. of tool steel, silicon-electrical steel or high speed steel)"
72269191,H)(2,,0.397,"Flat-rolled products of alloy steel other than stainless steel, simply hot-rolled, of a thickness of >= 4,75 mm, of a width of < 600 mm (excl. of tool steel, silicon-electrical steel or high speed steel)"
72269191,J)(2,,0.918,"Flat-rolled products of alloy steel other than stainless steel, simply hot-rolled, of a thickness of >= 4,75 mm, of a width of < 600 mm (excl. of tool steel, silicon-electrical steel or high speed steel)"
72269199,F)(1,0.073,1.577,"Flat-rolled products of alloy steel other than stainless steel, simply hot-rolled, of a thickness of < 4,75 mm, of a width of < 600 mm (excl. of tool steel, silicon-electrical steel or high speed steel)"
72269199,G)(1,,0.752,"Flat-rolled products of alloy steel other than stainless steel, simply hot-rolled, of a thickness of < 4,75 mm, of a width of < 600 mm (excl. of tool steel, silicon-electrical steel or high speed steel)"
72269199,H)(1,,0.41,"Flat-rolled products of alloy steel other than stainless steel, simply hot-rolled, of a thickness of < 4,75 mm, of a width of < 600 mm (excl. of tool steel, silicon-electrical steel or high speed steel)"
72269199,J)(1,,0.95,"Flat-rolled products of alloy steel other than stainless steel, simply hot-rolled, of a thickness of < 4,75 mm, of a width of < 600 mm (excl. of tool steel, silicon-electrical steel or high speed steel)"
72269199,F)(2,,1.409,"Flat-rolled products of alloy steel other than stainless steel, simply hot-rolled, of a thickness of < 4,75 mm, of a width of < 600 mm (excl. of tool steel, silicon-electrical steel or high speed steel)"
72269199,G)(2,,0.739,"Flat-rolled products of alloy steel other than stainless steel, simply hot-rolled, of a thickness of < 4,75 mm, of a width of < 600 mm (excl. of tool steel, silicon-electrical steel or high speed steel)"
72269199,H)(2,,0.397,"Flat-rolled products of alloy steel other than stainless steel, simply hot-rolled, of a thickness of < 4,75 mm, of a width of < 600 mm (excl. of tool steel, silicon-electrical steel or high speed steel)"
72269199,J)(2,,0.918,"Flat-rolled products of alloy steel other than stainless steel, simply hot-rolled, of a thickness of < 4,75 mm, of a width of < 600 mm (excl. of tool steel, silicon-electrical steel or high speed steel)"
72269200,F)(1,0.109,1.673,"Flat-rolled products of alloy steel other than stainless, of a width of < 600 mm, not further worked than cold-rolled ""cold-reduced"" (excl. products of high-speed steel or silicon-electrical steel)"
72269200,G)(1,,0.815,"Flat-rolled products of alloy steel other than stainless, of a width of < 600 mm, not further worked than cold-rolled ""cold-reduced"" (excl. products of high-speed steel or silicon-electrical steel)"
72269200,H)(1,,0.46,"Flat-rolled products of alloy steel other than stainless, of a width of < 600 mm, not further worked than cold-rolled ""cold-reduced"" (excl. products of high-speed steel or silicon-electrical steel)"
72269200,J)(1,,1.021,"Flat-rolled products of alloy steel other than stainless, of a width of < 600 mm, not further worked than cold-rolled ""cold-reduced"" (excl. products of high-speed steel or silicon-electrical steel)"
72269200,F)(2,,1.499,"Flat-rolled products of alloy steel other than stainless, of a width of < 600 mm, not further worked than cold-rolled ""cold-reduced"" (excl. products of high-speed steel or silicon-electrical steel)"
72269200,G)(2,,0.801,"Flat-rolled products of alloy steel other than stainless, of a width of < 600 mm, not further worked than cold-rolled ""cold-reduced"" (excl. products of high-speed steel or silicon-electrical steel)"
72269200,H)(2,,0.446,"Flat-rolled products of alloy steel other than stainless, of a width of < 600 mm, not further worked than cold-rolled ""cold-reduced"" (excl. products of high-speed steel or silicon-electrical steel)"
72269200,J)(2,,0.987,"Flat-rolled products of alloy steel other than stainless, of a width of < 600 mm, not further worked than cold-rolled ""cold-reduced"" (excl. products of high-speed steel or silicon-electrical steel)"
72269910,F)(1,0.142,1.706,"Flat-rolled products of alloy steel other than stainless, of a width of < 600 mm, hot-rolled or cold-rolled ""cold-reduced"" and electrolytically plated or coated with zinc (excl. products of high-speed steel or silicon-electrical steel)"
72269910,G)(1,,0.848,"Flat-rolled products of alloy steel other than stainless, of a width of < 600 mm, hot-rolled or cold-rolled ""cold-reduced"" and electrolytically plated or coated with zinc (excl. products of high-speed steel or silicon-electrical steel)"
72269910,H)(1,,0.493,"Flat-rolled products of alloy steel other than stainless, of a width of < 600 mm, hot-rolled or cold-rolled ""cold-reduced"" and electrolytically plated or coated with zinc (excl. products of high-speed steel or silicon-electrical steel)"
72269910,J)(1,,1.054,"Flat-rolled products of alloy steel other than stainless, of a width of < 600 mm, hot-rolled or cold-rolled ""cold-reduced"" and electrolytically plated or coated with zinc (excl. products of high-speed steel or silicon-electrical steel)"
72269910,F)(2,,1.532,"Flat-rolled products of alloy steel other than stainless, of a width of < 600 mm, hot-rolled or cold-rolled ""cold-reduced"" and electrolytically plated or coated with zinc (excl. products of high-speed steel or silicon-electrical steel)"
72269910,G)(2,,0.835,"Flat-rolled products of alloy steel other than stainless, of a width of < 600 mm, hot-rolled or cold-rolled ""cold-reduced"" and electrolytically plated or coated with zinc (excl. products of high-speed steel or silicon-electrical steel)"
72269910,H)(2,,0.48,"Flat-rolled products of alloy steel other than stainless, of a width of < 600 mm, hot-rolled or cold-rolled ""cold-reduced"" and electrolytically plated or coated with zinc (excl. products of high-speed steel or silicon-electrical steel)"
72269910,J)(2,,1.021,"Flat-rolled products of alloy steel other than stainless, of a width of < 600 mm, hot-rolled or cold-rolled ""cold-reduced"" and electrolytically plated or coated with zinc (excl. products of high-speed steel or silicon-electrical steel)"
72269930,F)(1,0.142,1.706,"Flat-rolled products of alloy steel other than stainless, of a width of < 600 mm, hot-rolled or cold-rolled ""cold-reduced"" and plated or coated with zinc (excl. electrolytically plated or coated, and products of high-speed steel or silicon-electrical steel)"
72269930,G)(1,,0.848,"Flat-rolled products of alloy steel other than stainless, of a width of < 600 mm, hot-rolled or cold-rolled ""cold-reduced"" and plated or coated with zinc (excl. electrolytically plated or coated, and products of high-speed steel or silicon-electrical steel)"
72269930,H)(1,,0.493,"Flat-rolled products of alloy steel other than stainless, of a width of < 600 mm, hot-rolled or cold-rolled ""cold-reduced"" and plated or coated with zinc (excl. electrolytically plated or coated, and products of high-speed steel or silicon-electrical steel)"
72269930,J)(1,,1.054,"Flat-rolled products of alloy steel other than stainless, of a width of < 600 mm, hot-rolled or cold-rolled ""cold-reduced"" and plated or coated with zinc (excl. electrolytically plated or coated, and products of high-speed steel or silicon-electrical steel)"
72269930,F)(2,,1.532,"Flat-rolled products of alloy steel other than stainless, of a width of < 600 mm, hot-rolled or cold-rolled ""cold-reduced"" and plated or coated with zinc (excl. electrolytically plated or coated, and products of high-speed steel or silicon-electrical steel)"
72269930,G)(2,,0.835,"Flat-rolled products of alloy steel other than stainless, of a width of < 600 mm, hot-rolled or cold-rolled ""cold-reduced"" and plated or coated with zinc (excl. electrolytically plated or coated, and products of high-speed steel or silicon-electrical steel)"
72269930,H)(2,,0.48,"Flat-rolled products of alloy steel other than stainless, of a width of < 600 mm, hot-rolled or cold-rolled ""cold-reduced"" and plated or coated with zinc (excl. electrolytically plated or coated, and products of high-speed steel or silicon-electrical steel)"
72269930,J)(2,,1.021,"Flat-rolled products of alloy steel other than stainless, of a width of < 600 mm, hot-rolled or cold-rolled ""cold-reduced"" and plated or coated with zinc (excl. electrolytically plated or coated, and products of high-speed steel or silicon-electrical steel)"
72269970,F)(1,0.142,1.706,"Flat-rolled products of alloy steel other than stainless, of a width of < 600 mm, hot-rolled or cold-rolled ""cold-reduced"" and further worked (excl. plated or coated with zinc, and products of high-speed steel or silicon-electrical steel)"
72269970,G)(1,,0.848,"Flat-rolled products of alloy steel other than stainless, of a width of < 600 mm, hot-rolled or cold-rolled ""cold-reduced"" and further worked (excl. plated or coated with zinc, and products of high-speed steel or silicon-electrical steel)"
72269970,H)(1,,0.493,"Flat-rolled products of alloy steel other than stainless, of a width of < 600 mm, hot-rolled or cold-rolled ""cold-reduced"" and further worked (excl. plated or coated with zinc, and products of high-speed steel or silicon-electrical steel)"
72269970,J)(1,,1.054,"Flat-rolled products of alloy steel other than stainless, of a width of < 600 mm, hot-rolled or cold-rolled ""cold-reduced"" and further worked (excl. plated or coated with zinc, and products of high-speed steel or silicon-electrical steel)"
72269970,F)(2,,1.532,"Flat-rolled products of alloy steel other than stainless, of a width of < 600 mm, hot-rolled or cold-rolled ""cold-reduced"" and further worked (excl. plated or coated with zinc, and products of high-speed steel or silicon-electrical steel)"
72269970,G)(2,,0.835,"Flat-rolled products of alloy steel other than stainless, of a width of < 600 mm, hot-rolled or cold-rolled ""cold-reduced"" and further worked (excl. plated or coated with zinc, and products of high-speed steel or silicon-electrical steel)"
72269970,H)(2,,0.48,"Flat-rolled products of alloy steel other than stainless, of a width of < 600 mm, hot-rolled or cold-rolled ""cold-reduced"" and further worked (excl. plated or coated with zinc, and products of high-speed steel or silicon-electrical steel)"
72269970,J)(2,,1.021,"Flat-rolled products of alloy steel other than stainless, of a width of < 600 mm, hot-rolled or cold-rolled ""cold-reduced"" and further worked (excl. plated or coated with zinc, and products of high-speed steel or silicon-electrical steel)"
72271000,F)(1,0.109,1.613,"Bars and rods of high-speed steel, hot-rolled, in irregularly wound coils"
72271000,G)(1,,0.788,"Bars and rods of high-speed steel, hot-rolled, in irregularly wound coils"
72271000,H)(1,,0.446,"Bars and rods of high-speed steel, hot-rolled, in irregularly wound coils"
72271000,J)(1,,0.986,"Bars and rods of high-speed steel, hot-rolled, in irregularly wound coils"
72271000,F)(2,,1.446,"Bars and rods of high-speed steel, hot-rolled, in irregularly wound coils"
72271000,G)(2,,0.775,"Bars and rods of high-speed steel, hot-rolled, in irregularly wound coils"
72271000,H)(2,,0.433,"Bars and rods of high-speed steel, hot-rolled, in irregularly wound coils"
72271000,J)(2,,0.954,"Bars and rods of high-speed steel, hot-rolled, in irregularly wound coils"
72272000,F)(1,0.109,1.613,"Bars and rods of silico-manganese steel, hot-rolled, in irregularly wound coils"
72272000,G)(1,,0.788,"Bars and rods of silico-manganese steel, hot-rolled, in irregularly wound coils"
72272000,H)(1,,0.446,"Bars and rods of silico-manganese steel, hot-rolled, in irregularly wound coils"
72272000,J)(1,,0.986,"Bars and rods of silico-manganese steel, hot-rolled, in irregularly wound coils"
72272000,F)(2,,1.446,"Bars and rods of silico-manganese steel, hot-rolled, in irregularly wound coils"
72272000,G)(2,,0.775,"Bars and rods of silico-manganese steel, hot-rolled, in irregularly wound coils"
72272000,H)(2,,0.433,"Bars and rods of silico-manganese steel, hot-rolled, in irregularly wound coils"
72272000,J)(2,,0.954,"Bars and rods of silico-manganese steel, hot-rolled, in irregularly wound coils"
72279010,C,0.109,1.435,"Bars and rods, hot-rolled, of steel containing by weight >= 0,0008% of boron with any other element < the minimum content referred to in Note 1 f to this chapter, in irregularly wound coils"
72279010,D,,0.546,"Bars and rods, hot-rolled, of steel containing by weight >= 0,0008% of boron with any other element < the minimum content referred to in Note 1 f to this chapter, in irregularly wound coils"
72279010,E,,0.137,"Bars and rods, hot-rolled, of steel containing by weight >= 0,0008% of boron with any other element < the minimum content referred to in Note 1 f to this chapter, in irregularly wound coils"
72279050,C,0.109,1.435,"Bars and rods, hot-rolled, of steel containing by weight 0,9% to 1,15% carbon, 0,5% to 2% of chromium and, if present, <= 0,5 of molybdenum, in irregularly wound coils"
72279050,D,,0.546,"Bars and rods, hot-rolled, of steel containing by weight 0,9% to 1,15% carbon, 0,5% to 2% of chromium and, if present, <= 0,5 of molybdenum, in irregularly wound coils"
72279050,E,,0.137,"Bars and rods, hot-rolled, of steel containing by weight 0,9% to 1,15% carbon, 0,5% to 2% of chromium and, if present, <= 0,5 of molybdenum, in irregularly wound coils"
72279095,F)(1,0.109,1.613,"Bars and rods, hot-rolled, in irregularly wound coils of alloy steel other than stainless (excl. of high-speed steel or silico-manganese steel and bars and rods of subheadings 7227.90.10 and 7227.90.50)"
72279095,G)(1,,0.788,"Bars and rods, hot-rolled, in irregularly wound coils of alloy steel other than stainless (excl. of high-speed steel or silico-manganese steel and bars and rods of subheadings 7227.90.10 and 7227.90.50)"
72279095,H)(1,,0.446,"Bars and rods, hot-rolled, in irregularly wound coils of alloy steel other than stainless (excl. of high-speed steel or silico-manganese steel and bars and rods of subheadings 7227.90.10 and 7227.90.50)"
72279095,J)(1,,0.986,"Bars and rods, hot-rolled, in irregularly wound coils of alloy steel other than stainless (excl. of high-speed steel or silico-manganese steel and bars and rods of subheadings 7227.90.10 and 7227.90.50)"
72279095,F)(2,,1.446,"Bars and rods, hot-rolled, in irregularly wound coils of alloy steel other than stainless (excl. of high-speed steel or silico-manganese steel and bars and rods of subheadings 7227.90.10 and 7227.90.50)"
72279095,G)(2,,0.775,"Bars and rods, hot-rolled, in irregularly wound coils of alloy steel other than stainless (excl. of high-speed steel or silico-manganese steel and bars and rods of subheadings 7227.90.10 and 7227.90.50)"
72279095,H)(2,,0.433,"Bars and rods, hot-rolled, in irregularly wound coils of alloy steel other than stainless (excl. of high-speed steel or silico-manganese steel and bars and rods of subheadings 7227.90.10 and 7227.90.50)"
72279095,J)(2,,0.954,"Bars and rods, hot-rolled, in irregularly wound coils of alloy steel other than stainless (excl. of high-speed steel or silico-manganese steel and bars and rods of subheadings 7227.90.10 and 7227.90.50)"
72281020,F)(1,0.109,1.613,"Bars and rods of high-speed steel, not further worked than hot-rolled, hot-drawn or extruded, and hot-rolled, hot-drawn or extruded, not further worked than clad (excl. semi-finished products, flat-rolled products and hot-rolled bars and rods in irregularly wound coils)"
72281020,G)(1,,0.788,"Bars and rods of high-speed steel, not further worked than hot-rolled, hot-drawn or extruded, and hot-rolled, hot-drawn or extruded, not further worked than clad (excl. semi-finished products, flat-rolled products and hot-rolled bars and rods in irregularly wound coils)"
72281020,H)(1,,0.446,"Bars and rods of high-speed steel, not further worked than hot-rolled, hot-drawn or extruded, and hot-rolled, hot-drawn or extruded, not further worked than clad (excl. semi-finished products, flat-rolled products and hot-rolled bars and rods in irregularly wound coils)"
72281020,J)(1,,0.986,"Bars and rods of high-speed steel, not further worked than hot-rolled, hot-drawn or extruded, and hot-rolled, hot-drawn or extruded, not further worked than clad (excl. semi-finished products, flat-rolled products and hot-rolled bars and rods in irregularly wound coils)"
72281020,F)(2,,1.446,"Bars and rods of high-speed steel, not further worked than hot-rolled, hot-drawn or extruded, and hot-rolled, hot-drawn or extruded, not further worked than clad (excl. semi-finished products, flat-rolled products and hot-rolled bars and rods in irregularly wound coils)"
72281020,G)(2,,0.775,"Bars and rods of high-speed steel, not further worked than hot-rolled, hot-drawn or extruded, and hot-rolled, hot-drawn or extruded, not further worked than clad (excl. semi-finished products, flat-rolled products and hot-rolled bars and rods in irregularly wound coils)"
72281020,H)(2,,0.433,"Bars and rods of high-speed steel, not further worked than hot-rolled, hot-drawn or extruded, and hot-rolled, hot-drawn or extruded, not further worked than clad (excl. semi-finished products, flat-rolled products and hot-rolled bars and rods in irregularly wound coils)"
72281020,J)(2,,0.954,"Bars and rods of high-speed steel, not further worked than hot-rolled, hot-drawn or extruded, and hot-rolled, hot-drawn or extruded, not further worked than clad (excl. semi-finished products, flat-rolled products and hot-rolled bars and rods in irregularly wound coils)"
72281050,F)(1,0.303,1.807,"Bars and rods of high-speed steel, forged (excl. semi-finished products, flat-rolled products and hot-rolled bars and rods in irregularly wound coils)"
72281050,G)(1,,0.982,"Bars and rods of high-speed steel, forged (excl. semi-finished products, flat-rolled products and hot-rolled bars and rods in irregularly wound coils)"
72281050,H)(1,,0.64,"Bars and rods of high-speed steel, forged (excl. semi-finished products, flat-rolled products and hot-rolled bars and rods in irregularly wound coils)"
72281050,J)(1,,1.18,"Bars and rods of high-speed steel, forged (excl. semi-finished products, flat-rolled products and hot-rolled bars and rods in irregularly wound coils)"
72281050,F)(2,,1.64,"Bars and rods of high-speed steel, forged (excl. semi-finished products, flat-rolled products and hot-rolled bars and rods in irregularly wound coils)"
72281050,G)(2,,0.969,"Bars and rods of high-speed steel, forged (excl. semi-finished products, flat-rolled products and hot-rolled bars and rods in irregularly wound coils)"
72281050,H)(2,,0.628,"Bars and rods of high-speed steel, forged (excl. semi-finished products, flat-rolled products and hot-rolled bars and rods in irregularly wound coils)"
72281050,J)(2,,1.148,"Bars and rods of high-speed steel, forged (excl. semi-finished products, flat-rolled products and hot-rolled bars and rods in irregularly wound coils)"
72281090,F)(1,0.109,1.613,"Bars and rods of high-speed steel, not further worked than cold-formed or cold-finished, whether or not further worked, or hot-formed and further worked (excl. forged products, semi-finished products, flat-rolled products and hot-rolled bars and rods in irregularly wound coils)"
72281090,G)(1,,0.788,"Bars and rods of high-speed steel, not further worked than cold-formed or cold-finished, whether or not further worked, or hot-formed and further worked (excl. forged products, semi-finished products, flat-rolled products and hot-rolled bars and rods in irregularly wound coils)"
72281090,H)(1,,0.446,"Bars and rods of high-speed steel, not further worked than cold-formed or cold-finished, whether or not further worked, or hot-formed and further worked (excl. forged products, semi-finished products, flat-rolled products and hot-rolled bars and rods in irregularly wound coils)"
72281090,J)(1,,0.986,"Bars and rods of high-speed steel, not further worked than cold-formed or cold-finished, whether or not further worked, or hot-formed and further worked (excl. forged products, semi-finished products, flat-rolled products and hot-rolled bars and rods in irregularly wound coils)"
72281090,F)(2,,1.446,"Bars and rods of high-speed steel, not further worked than cold-formed or cold-finished, whether or not further worked, or hot-formed and further worked (excl. forged products, semi-finished products, flat-rolled products and hot-rolled bars and rods in irregularly wound coils)"
72281090,G)(2,,0.775,"Bars and rods of high-speed steel, not further worked than cold-formed or cold-finished, whether or not further worked, or hot-formed and further worked (excl. forged products, semi-finished products, flat-rolled products and hot-rolled bars and rods in irregularly wound coils)"
72281090,H)(2,,0.433,"Bars and rods of high-speed steel, not further worked than cold-formed or cold-finished, whether or not further worked, or hot-formed and further worked (excl. forged products, semi-finished products, flat-rolled products and hot-rolled bars and rods in irregularly wound coils)"
72281090,J)(2,,0.954,"Bars and rods of high-speed steel, not further worked than cold-formed or cold-finished, whether or not further worked, or hot-formed and further worked (excl. forged products, semi-finished products, flat-rolled products and hot-rolled bars and rods in irregularly wound coils)"
72282010,F)(1,0.109,1.613,"Bars and rods of silico-manganese steel, of rectangular ""other than square"" cross-section, hot-rolled on four faces (excl. semi-finished products, flat-rolled products and hot-rolled bars and rods in irregularly wound coils)"
72282010,G)(1,,0.788,"Bars and rods of silico-manganese steel, of rectangular ""other than square"" cross-section, hot-rolled on four faces (excl. semi-finished products, flat-rolled products and hot-rolled bars and rods in irregularly wound coils)"
72282010,H)(1,,0.446,"Bars and rods of silico-manganese steel, of rectangular ""other than square"" cross-section, hot-rolled on four faces (excl. semi-finished products, flat-rolled products and hot-rolled bars and rods in irregularly wound coils)"
72282010,J)(1,,0.986,"Bars and rods of silico-manganese steel, of rectangular ""other than square"" cross-section, hot-rolled on four faces (excl. semi-finished products, flat-rolled products and hot-rolled bars and rods in irregularly wound coils)"
72282010,F)(2,,1.446,"Bars and rods of silico-manganese steel, of rectangular ""other than square"" cross-section, hot-rolled on four faces (excl. semi-finished products, flat-rolled products and hot-rolled bars and rods in irregularly wound coils)"
72282010,G)(2,,0.775,"Bars and rods of silico-manganese steel, of rectangular ""other than square"" cross-section, hot-rolled on four faces (excl. semi-finished products, flat-rolled products and hot-rolled bars and rods in irregularly wound coils)"
72282010,H)(2,,0.433,"Bars and rods of silico-manganese steel, of rectangular ""other than square"" cross-section, hot-rolled on four faces (excl. semi-finished products, flat-rolled products and hot-rolled bars and rods in irregularly wound coils)"
72282010,J)(2,,0.954,"Bars and rods of silico-manganese steel, of rectangular ""other than square"" cross-section, hot-rolled on four faces (excl. semi-finished products, flat-rolled products and hot-rolled bars and rods in irregularly wound coils)"
72282091,F)(1,0.109,1.613,"Bars and rods of silico-manganese steel, of square or other than rectangular cross-section, not further worked than hot-rolled, hot-drawn or extruded, and hot-rolled, hot-drawn or extruded, not further worked than clad (excl. semi-finished products, flat-rolled products and hot-rolled bars and rods in irregularly wound coils)"
72282091,G)(1,,0.788,"Bars and rods of silico-manganese steel, of square or other than rectangular cross-section, not further worked than hot-rolled, hot-drawn or extruded, and hot-rolled, hot-drawn or extruded, not further worked than clad (excl. semi-finished products, flat-rolled products and hot-rolled bars and rods in irregularly wound coils)"
72282091,H)(1,,0.446,"Bars and rods of silico-manganese steel, of square or other than rectangular cross-section, not further worked than hot-rolled, hot-drawn or extruded, and hot-rolled, hot-drawn or extruded, not further worked than clad (excl. semi-finished products, flat-rolled products and hot-rolled bars and rods in irregularly wound coils)"
72282091,J)(1,,0.986,"Bars and rods of silico-manganese steel, of square or other than rectangular cross-section, not further worked than hot-rolled, hot-drawn or extruded, and hot-rolled, hot-drawn or extruded, not further worked than clad (excl. semi-finished products, flat-rolled products and hot-rolled bars and rods in irregularly wound coils)"
72282091,F)(2,,1.446,"Bars and rods of silico-manganese steel, of square or other than rectangular cross-section, not further worked than hot-rolled, hot-drawn or extruded, and hot-rolled, hot-drawn or extruded, not further worked than clad (excl. semi-finished products, flat-rolled products and hot-rolled bars and rods in irregularly wound coils)"
72282091,G)(2,,0.775,"Bars and rods of silico-manganese steel, of square or other than rectangular cross-section, not further worked than hot-rolled, hot-drawn or extruded, and hot-rolled, hot-drawn or extruded, not further worked than clad (excl. semi-finished products, flat-rolled products and hot-rolled bars and rods in irregularly wound coils)"
72282091,H)(2,,0.433,"Bars and rods of silico-manganese steel, of square or other than rectangular cross-section, not further worked than hot-rolled, hot-drawn or extruded, and hot-rolled, hot-drawn or extruded, not further worked than clad (excl. semi-finished products, flat-rolled products and hot-rolled bars and rods in irregularly wound coils)"
72282091,J)(2,,0.954,"Bars and rods of silico-manganese steel, of square or other than rectangular cross-section, not further worked than hot-rolled, hot-drawn or extruded, and hot-rolled, hot-drawn or extruded, not further worked than clad (excl. semi-finished products, flat-rolled products and hot-rolled bars and rods in irregularly wound coils)"
72282099,F)(1,0.109,1.613,"Bars and rods of silico-manganese stee, of square or other than rectangular cross-section, only cold-formed or cold-finished, incl. further worked, or hot-rolled and further worked (excl. hot-rolled, hot drawn or extruded, not further worked than clad, semi-finished products, flat-rolled products and hot-rolled bars and rods in irregularly wound coils)"
72282099,G)(1,,0.788,"Bars and rods of silico-manganese stee, of square or other than rectangular cross-section, only cold-formed or cold-finished, incl. further worked, or hot-rolled and further worked (excl. hot-rolled, hot drawn or extruded, not further worked than clad, semi-finished products, flat-rolled products and hot-rolled bars and rods in irregularly wound coils)"
72282099,H)(1,,0.446,"Bars and rods of silico-manganese stee, of square or other than rectangular cross-section, only cold-formed or cold-finished, incl. further worked, or hot-rolled and further worked (excl. hot-rolled, hot drawn or extruded, not further worked than clad, semi-finished products, flat-rolled products and hot-rolled bars and rods in irregularly wound coils)"
72282099,J)(1,,0.986,"Bars and rods of silico-manganese stee, of square or other than rectangular cross-section, only cold-formed or cold-finished, incl. further worked, or hot-rolled and further worked (excl. hot-rolled, hot drawn or extruded, not further worked than clad, semi-finished products, flat-rolled products and hot-rolled bars and rods in irregularly wound coils)"
72282099,F)(2,,1.446,"Bars and rods of silico-manganese stee, of square or other than rectangular cross-section, only cold-formed or cold-finished, incl. further worked, or hot-rolled and further worked (excl. hot-rolled, hot drawn or extruded, not further worked than clad, semi-finished products, flat-rolled products and hot-rolled bars and rods in irregularly wound coils)"
72282099,G)(2,,0.775,"Bars and rods of silico-manganese stee, of square or other than rectangular cross-section, only cold-formed or cold-finished, incl. further worked, or hot-rolled and further worked (excl. hot-rolled, hot drawn or extruded, not further worked than clad, semi-finished products, flat-rolled products and hot-rolled bars and rods in irregularly wound coils)"
72282099,H)(2,,0.433,"Bars and rods of silico-manganese stee, of square or other than rectangular cross-section, only cold-formed or cold-finished, incl. further worked, or hot-rolled and further worked (excl. hot-rolled, hot drawn or extruded, not further worked than clad, semi-finished products, flat-rolled products and hot-rolled bars and rods in irregularly wound coils)"
72282099,J)(2,,0.954,"Bars and rods of silico-manganese stee, of square or other than rectangular cross-section, only cold-formed or cold-finished, incl. further worked, or hot-rolled and further worked (excl. hot-rolled, hot drawn or extruded, not further worked than clad, semi-finished products, flat-rolled products and hot-rolled bars and rods in irregularly wound coils)"
72283020,F)(1,0.109,1.613,"Bars and rods of tool steel, only hot-rolled, only hot-drawn or only extruded (excl. semi-finished products, flat-rolled products and hot-rolled bars and rods in irregularly wound coils)"
72283020,G)(1,,0.788,"Bars and rods of tool steel, only hot-rolled, only hot-drawn or only extruded (excl. semi-finished products, flat-rolled products and hot-rolled bars and rods in irregularly wound coils)"
72283020,H)(1,,0.446,"Bars and rods of tool steel, only hot-rolled, only hot-drawn or only extruded (excl. semi-finished products, flat-rolled products and hot-rolled bars and rods in irregularly wound coils)"
72283020,J)(1,,0.986,"Bars and rods of tool steel, only hot-rolled, only hot-drawn or only extruded (excl. semi-finished products, flat-rolled products and hot-rolled bars and rods in irregularly wound coils)"
72283020,F)(2,,1.446,"Bars and rods of tool steel, only hot-rolled, only hot-drawn or only extruded (excl. semi-finished products, flat-rolled products and hot-rolled bars and rods in irregularly wound coils)"
72283020,G)(2,,0.775,"Bars and rods of tool steel, only hot-rolled, only hot-drawn or only extruded (excl. semi-finished products, flat-rolled products and hot-rolled bars and rods in irregularly wound coils)"
72283020,H)(2,,0.433,"Bars and rods of tool steel, only hot-rolled, only hot-drawn or only extruded (excl. semi-finished products, flat-rolled products and hot-rolled bars and rods in irregularly wound coils)"
72283020,J)(2,,0.954,"Bars and rods of tool steel, only hot-rolled, only hot-drawn or only extruded (excl. semi-finished products, flat-rolled products and hot-rolled bars and rods in irregularly wound coils)"
72283041,C,0.109,1.435,"Bars and rods of steel containing by weight 0,9 to 1,15% of carbon and 0,5 to 2% of chromium, and, if present, <= 0,5% of molybdenum, only hot-rolled, hot-drawn or hot-extruded, of a circular cross-section of a diameter of >= 80 mm (excl. semi-finished products, flat-rolled products and hot-rolled bars and rods in irregularly wound coils)"
72283041,D,,0.546,"Bars and rods of steel containing by weight 0,9 to 1,15% of carbon and 0,5 to 2% of chromium, and, if present, <= 0,5% of molybdenum, only hot-rolled, hot-drawn or hot-extruded, of a circular cross-section of a diameter of >= 80 mm (excl. semi-finished products, flat-rolled products and hot-rolled bars and rods in irregularly wound coils)"
72283041,E,,0.137,"Bars and rods of steel containing by weight 0,9 to 1,15% of carbon and 0,5 to 2% of chromium, and, if present, <= 0,5% of molybdenum, only hot-rolled, hot-drawn or hot-extruded, of a circular cross-section of a diameter of >= 80 mm (excl. semi-finished products, flat-rolled products and hot-rolled bars and rods in irregularly wound coils)"
72283049,C,0.109,1.435,"Bars and rods of steel containing by weight 0,9 to 1,15% of carbon and 0,5 to 2% of chromium, and, if present, <= 0,5% of molybdenum, only hot-rolled, only hot-drawn or hot-extruded (other than of circular cross-section, of a diameter of >= 80 mm and excl. semi-finished products, flat-rolled products and hot-rolled bars and rods in irregularly wound coils)"
72283049,D,,0.546,"Bars and rods of steel containing by weight 0,9 to 1,15% of carbon and 0,5 to 2% of chromium, and, if present, <= 0,5% of molybdenum, only hot-rolled, only hot-drawn or hot-extruded (other than of circular cross-section, of a diameter of >= 80 mm and excl. semi-finished products, flat-rolled products and hot-rolled bars and rods in irregularly wound coils)"
72283049,E,,0.137,"Bars and rods of steel containing by weight 0,9 to 1,15% of carbon and 0,5 to 2% of chromium, and, if present, <= 0,5% of molybdenum, only hot-rolled, only hot-drawn or hot-extruded (other than of circular cross-section, of a diameter of >= 80 mm and excl. semi-finished products, flat-rolled products and hot-rolled bars and rods in irregularly wound coils)"
72283061,F)(1,0.109,1.613,"Bars and rods of alloy steel other than stainless steel, only hot-rolled, hot-drawn or hot-extruded, of circular cross-section, of a diameter of >= 80 mm (other than of high-speed steel, silico-manganese steel, tool steel, articles of subheading 7228.30.41 and excl. semi-finished products, flat-rolled products and hot-rolled bars and rods in irregularly wound coils)"
72283061,G)(1,,0.788,"Bars and rods of alloy steel other than stainless steel, only hot-rolled, hot-drawn or hot-extruded, of circular cross-section, of a diameter of >= 80 mm (other than of high-speed steel, silico-manganese steel, tool steel, articles of subheading 7228.30.41 and excl. semi-finished products, flat-rolled products and hot-rolled bars and rods in irregularly wound coils)"
72283061,H)(1,,0.446,"Bars and rods of alloy steel other than stainless steel, only hot-rolled, hot-drawn or hot-extruded, of circular cross-section, of a diameter of >= 80 mm (other than of high-speed steel, silico-manganese steel, tool steel, articles of subheading 7228.30.41 and excl. semi-finished products, flat-rolled products and hot-rolled bars and rods in irregularly wound coils)"
72283061,J)(1,,0.986,"Bars and rods of alloy steel other than stainless steel, only hot-rolled, hot-drawn or hot-extruded, of circular cross-section, of a diameter of >= 80 mm (other than of high-speed steel, silico-manganese steel, tool steel, articles of subheading 7228.30.41 and excl. semi-finished products, flat-rolled products and hot-rolled bars and rods in irregularly wound coils)"
72283061,F)(2,,1.446,"Bars and rods of alloy steel other than stainless steel, only hot-rolled, hot-drawn or hot-extruded, of circular cross-section, of a diameter of >= 80 mm (other than of high-speed steel, silico-manganese steel, tool steel, articles of subheading 7228.30.41 and excl. semi-finished products, flat-rolled products and hot-rolled bars and rods in irregularly wound coils)"
72283061,G)(2,,0.775,"Bars and rods of alloy steel other than stainless steel, only hot-rolled, hot-drawn or hot-extruded, of circular cross-section, of a diameter of >= 80 mm (other than of high-speed steel, silico-manganese steel, tool steel, articles of subheading 7228.30.41 and excl. semi-finished products, flat-rolled products and hot-rolled bars and rods in irregularly wound coils)"
72283061,H)(2,,0.433,"Bars and rods of alloy steel other than stainless steel, only hot-rolled, hot-drawn or hot-extruded, of circular cross-section, of a diameter of >= 80 mm (other than of high-speed steel, silico-manganese steel, tool steel, articles of subheading 7228.30.41 and excl. semi-finished products, flat-rolled products and hot-rolled bars and rods in irregularly wound coils)"
72283061,J)(2,,0.954,"Bars and rods of alloy steel other than stainless steel, only hot-rolled, hot-drawn or hot-extruded, of circular cross-section, of a diameter of >= 80 mm (other than of high-speed steel, silico-manganese steel, tool steel, articles of subheading 7228.30.41 and excl. semi-finished products, flat-rolled products and hot-rolled bars and rods in irregularly wound coils)"
72283069,F)(1,0.109,1.613,"Bars and rods or alloy steel other than stainless steel, only hot-rolled, hot-drawn or hot-extruded, of circular cross-section, of a diameter of < 80 mm (other than of high-speed steel, silico-manganese steel, tool steel and articles of subheading 7228.30.49 and excl. semi-finished products, flat-rolled products and hot-rolled bars and rods in irregularly wound coils)"
72283069,G)(1,,0.788,"Bars and rods or alloy steel other than stainless steel, only hot-rolled, hot-drawn or hot-extruded, of circular cross-section, of a diameter of < 80 mm (other than of high-speed steel, silico-manganese steel, tool steel and articles of subheading 7228.30.49 and excl. semi-finished products, flat-rolled products and hot-rolled bars and rods in irregularly wound coils)"
72283069,H)(1,,0.446,"Bars and rods or alloy steel other than stainless steel, only hot-rolled, hot-drawn or hot-extruded, of circular cross-section, of a diameter of < 80 mm (other than of high-speed steel, silico-manganese steel, tool steel and articles of subheading 7228.30.49 and excl. semi-finished products, flat-rolled products and hot-rolled bars and rods in irregularly wound coils)"
72283069,J)(1,,0.986,"Bars and rods or alloy steel other than stainless steel, only hot-rolled, hot-drawn or hot-extruded, of circular cross-section, of a diameter of < 80 mm (other than of high-speed steel, silico-manganese steel, tool steel and articles of subheading 7228.30.49 and excl. semi-finished products, flat-rolled products and hot-rolled bars and rods in irregularly wound coils)"
72283069,F)(2,,1.446,"Bars and rods or alloy steel other than stainless steel, only hot-rolled, hot-drawn or hot-extruded, of circular cross-section, of a diameter of < 80 mm (other than of high-speed steel, silico-manganese steel, tool steel and articles of subheading 7228.30.49 and excl. semi-finished products, flat-rolled products and hot-rolled bars and rods in irregularly wound coils)"
72283069,G)(2,,0.775,"Bars and rods or alloy steel other than stainless steel, only hot-rolled, hot-drawn or hot-extruded, of circular cross-section, of a diameter of < 80 mm (other than of high-speed steel, silico-manganese steel, tool steel and articles of subheading 7228.30.49 and excl. semi-finished products, flat-rolled products and hot-rolled bars and rods in irregularly wound coils)"
72283069,H)(2,,0.433,"Bars and rods or alloy steel other than stainless steel, only hot-rolled, hot-drawn or hot-extruded, of circular cross-section, of a diameter of < 80 mm (other than of high-speed steel, silico-manganese steel, tool steel and articles of subheading 7228.30.49 and excl. semi-finished products, flat-rolled products and hot-rolled bars and rods in irregularly wound coils)"
72283069,J)(2,,0.954,"Bars and rods or alloy steel other than stainless steel, only hot-rolled, hot-drawn or hot-extruded, of circular cross-section, of a diameter of < 80 mm (other than of high-speed steel, silico-manganese steel, tool steel and articles of subheading 7228.30.49 and excl. semi-finished products, flat-rolled products and hot-rolled bars and rods in irregularly wound coils)"
72283070,F)(1,0.109,1.613,"Bars and rods of alloy steel other than stainless steel, of rectangular ""other than square"" cross-section, hot-rolled on four faces (other than of high-speed steel, silico-manganese steel, tool steel, articles of subheading 7228.30.41 and 7228.30.49 and excl. semi-finished products, flat-rolled products and hot-rolled bars and rods in irregularly wound coils)"
72283070,G)(1,,0.788,"Bars and rods of alloy steel other than stainless steel, of rectangular ""other than square"" cross-section, hot-rolled on four faces (other than of high-speed steel, silico-manganese steel, tool steel, articles of subheading 7228.30.41 and 7228.30.49 and excl. semi-finished products, flat-rolled products and hot-rolled bars and rods in irregularly wound coils)"
72283070,H)(1,,0.446,"Bars and rods of alloy steel other than stainless steel, of rectangular ""other than square"" cross-section, hot-rolled on four faces (other than of high-speed steel, silico-manganese steel, tool steel, articles of subheading 7228.30.41 and 7228.30.49 and excl. semi-finished products, flat-rolled products and hot-rolled bars and rods in irregularly wound coils)"
72283070,J)(1,,0.986,"Bars and rods of alloy steel other than stainless steel, of rectangular ""other than square"" cross-section, hot-rolled on four faces (other than of high-speed steel, silico-manganese steel, tool steel, articles of subheading 7228.30.41 and 7228.30.49 and excl. semi-finished products, flat-rolled products and hot-rolled bars and rods in irregularly wound coils)"
72283070,F)(2,,1.446,"Bars and rods of alloy steel other than stainless steel, of rectangular ""other than square"" cross-section, hot-rolled on four faces (other than of high-speed steel, silico-manganese steel, tool steel, articles of subheading 7228.30.41 and 7228.30.49 and excl. semi-finished products, flat-rolled products and hot-rolled bars and rods in irregularly wound coils)"
72283070,G)(2,,0.775,"Bars and rods of alloy steel other than stainless steel, of rectangular ""other than square"" cross-section, hot-rolled on four faces (other than of high-speed steel, silico-manganese steel, tool steel, articles of subheading 7228.30.41 and 7228.30.49 and excl. semi-finished products, flat-rolled products and hot-rolled bars and rods in irregularly wound coils)"
72283070,H)(2,,0.433,"Bars and rods of alloy steel other than stainless steel, of rectangular ""other than square"" cross-section, hot-rolled on four faces (other than of high-speed steel, silico-manganese steel, tool steel, articles of subheading 7228.30.41 and 7228.30.49 and excl. semi-finished products, flat-rolled products and hot-rolled bars and rods in irregularly wound coils)"
72283070,J)(2,,0.954,"Bars and rods of alloy steel other than stainless steel, of rectangular ""other than square"" cross-section, hot-rolled on four faces (other than of high-speed steel, silico-manganese steel, tool steel, articles of subheading 7228.30.41 and 7228.30.49 and excl. semi-finished products, flat-rolled products and hot-rolled bars and rods in irregularly wound coils)"
72283089,F)(1,0.109,1.613,"Bars and rods of alloy steel other than stainless steel, only hot-rolled, hot-drawn or hot-extruded, of other than rectangular [other than square] cross-section, rolled on four faces, or of circular cross-section (other than of high-speed steel, silico-manganese steel, tool steel, articles of subheading 7228.30.49 and excl. semi-finished products, flat-rolled products and hot-rolled bars and rods in irregularly wound coils)"
72283089,G)(1,,0.788,"Bars and rods of alloy steel other than stainless steel, only hot-rolled, hot-drawn or hot-extruded, of other than rectangular [other than square] cross-section, rolled on four faces, or of circular cross-section (other than of high-speed steel, silico-manganese steel, tool steel, articles of subheading 7228.30.49 and excl. semi-finished products, flat-rolled products and hot-rolled bars and rods in irregularly wound coils)"
72283089,H)(1,,0.446,"Bars and rods of alloy steel other than stainless steel, only hot-rolled, hot-drawn or hot-extruded, of other than rectangular [other than square] cross-section, rolled on four faces, or of circular cross-section (other than of high-speed steel, silico-manganese steel, tool steel, articles of subheading 7228.30.49 and excl. semi-finished products, flat-rolled products and hot-rolled bars and rods in irregularly wound coils)"
72283089,J)(1,,0.986,"Bars and rods of alloy steel other than stainless steel, only hot-rolled, hot-drawn or hot-extruded, of other than rectangular [other than square] cross-section, rolled on four faces, or of circular cross-section (other than of high-speed steel, silico-manganese steel, tool steel, articles of subheading 7228.30.49 and excl. semi-finished products, flat-rolled products and hot-rolled bars and rods in irregularly wound coils)"
72283089,F)(2,,1.446,"Bars and rods of alloy steel other than stainless steel, only hot-rolled, hot-drawn or hot-extruded, of other than rectangular [other than square] cross-section, rolled on four faces, or of circular cross-section (other than of high-speed steel, silico-manganese steel, tool steel, articles of subheading 7228.30.49 and excl. semi-finished products, flat-rolled products and hot-rolled bars and rods in irregularly wound coils)"
72283089,G)(2,,0.775,"Bars and rods of alloy steel other than stainless steel, only hot-rolled, hot-drawn or hot-extruded, of other than rectangular [other than square] cross-section, rolled on four faces, or of circular cross-section (other than of high-speed steel, silico-manganese steel, tool steel, articles of subheading 7228.30.49 and excl. semi-finished products, flat-rolled products and hot-rolled bars and rods in irregularly wound coils)"
72283089,H)(2,,0.433,"Bars and rods of alloy steel other than stainless steel, only hot-rolled, hot-drawn or hot-extruded, of other than rectangular [other than square] cross-section, rolled on four faces, or of circular cross-section (other than of high-speed steel, silico-manganese steel, tool steel, articles of subheading 7228.30.49 and excl. semi-finished products, flat-rolled products and hot-rolled bars and rods in irregularly wound coils)"
72283089,J)(2,,0.954,"Bars and rods of alloy steel other than stainless steel, only hot-rolled, hot-drawn or hot-extruded, of other than rectangular [other than square] cross-section, rolled on four faces, or of circular cross-section (other than of high-speed steel, silico-manganese steel, tool steel, articles of subheading 7228.30.49 and excl. semi-finished products, flat-rolled products and hot-rolled bars and rods in irregularly wound coils)"
72284010,F)(1,0.303,1.807,"Bars and rods of tool steel, only forged (excl. semi-finished products, flat-rolled products and hot-rolled bars and rods in irregularly wound coils)"
72284010,G)(1,,0.982,"Bars and rods of tool steel, only forged (excl. semi-finished products, flat-rolled products and hot-rolled bars and rods in irregularly wound coils)"
72284010,H)(1,,0.64,"Bars and rods of tool steel, only forged (excl. semi-finished products, flat-rolled products and hot-rolled bars and rods in irregularly wound coils)"
72284010,J)(1,,1.18,"Bars and rods of tool steel, only forged (excl. semi-finished products, flat-rolled products and hot-rolled bars and rods in irregularly wound coils)"
72284010,F)(2,,1.64,"Bars and rods of tool steel, only forged (excl. semi-finished products, flat-rolled products and hot-rolled bars and rods in irregularly wound coils)"
72284010,G)(2,,0.969,"Bars and rods of tool steel, only forged (excl. semi-finished products, flat-rolled products and hot-rolled bars and rods in irregularly wound coils)"
72284010,H)(2,,0.628,"Bars and rods of tool steel, only forged (excl. semi-finished products, flat-rolled products and hot-rolled bars and rods in irregularly wound coils)"
72284010,J)(2,,1.148,"Bars and rods of tool steel, only forged (excl. semi-finished products, flat-rolled products and hot-rolled bars and rods in irregularly wound coils)"
72284090,F)(1,0.303,1.807,"Bars and rods of alloy steel, other than stainless steel, only forged (excl. of high-speed steel, silico-manganese steel, tool steel, semi-finished products, flat-rolled products and hot-rolled bars and rods in irregularly wound coils)"
72284090,G)(1,,0.982,"Bars and rods of alloy steel, other than stainless steel, only forged (excl. of high-speed steel, silico-manganese steel, tool steel, semi-finished products, flat-rolled products and hot-rolled bars and rods in irregularly wound coils)"
72284090,H)(1,,0.64,"Bars and rods of alloy steel, other than stainless steel, only forged (excl. of high-speed steel, silico-manganese steel, tool steel, semi-finished products, flat-rolled products and hot-rolled bars and rods in irregularly wound coils)"
72284090,J)(1,,1.18,"Bars and rods of alloy steel, other than stainless steel, only forged (excl. of high-speed steel, silico-manganese steel, tool steel, semi-finished products, flat-rolled products and hot-rolled bars and rods in irregularly wound coils)"
72284090,F)(2,,1.64,"Bars and rods of alloy steel, other than stainless steel, only forged (excl. of high-speed steel, silico-manganese steel, tool steel, semi-finished products, flat-rolled products and hot-rolled bars and rods in irregularly wound coils)"
72284090,G)(2,,0.969,"Bars and rods of alloy steel, other than stainless steel, only forged (excl. of high-speed steel, silico-manganese steel, tool steel, semi-finished products, flat-rolled products and hot-rolled bars and rods in irregularly wound coils)"
72284090,H)(2,,0.628,"Bars and rods of alloy steel, other than stainless steel, only forged (excl. of high-speed steel, silico-manganese steel, tool steel, semi-finished products, flat-rolled products and hot-rolled bars and rods in irregularly wound coils)"
72284090,J)(2,,1.148,"Bars and rods of alloy steel, other than stainless steel, only forged (excl. of high-speed steel, silico-manganese steel, tool steel, semi-finished products, flat-rolled products and hot-rolled bars and rods in irregularly wound coils)"
72285020,F)(1,0.109,1.613,"Bars and rods of tool steel, only cold-formed or cold-finished (excl. semi-finished products, flat-rolled products and hot-rolled bars and rods in irregularly wound coils)"
72285020,G)(1,,0.788,"Bars and rods of tool steel, only cold-formed or cold-finished (excl. semi-finished products, flat-rolled products and hot-rolled bars and rods in irregularly wound coils)"
72285020,H)(1,,0.446,"Bars and rods of tool steel, only cold-formed or cold-finished (excl. semi-finished products, flat-rolled products and hot-rolled bars and rods in irregularly wound coils)"
72285020,J)(1,,0.986,"Bars and rods of tool steel, only cold-formed or cold-finished (excl. semi-finished products, flat-rolled products and hot-rolled bars and rods in irregularly wound coils)"
72285020,F)(2,,1.446,"Bars and rods of tool steel, only cold-formed or cold-finished (excl. semi-finished products, flat-rolled products and hot-rolled bars and rods in irregularly wound coils)"
72285020,G)(2,,0.775,"Bars and rods of tool steel, only cold-formed or cold-finished (excl. semi-finished products, flat-rolled products and hot-rolled bars and rods in irregularly wound coils)"
72285020,H)(2,,0.433,"Bars and rods of tool steel, only cold-formed or cold-finished (excl. semi-finished products, flat-rolled products and hot-rolled bars and rods in irregularly wound coils)"
72285020,J)(2,,0.954,"Bars and rods of tool steel, only cold-formed or cold-finished (excl. semi-finished products, flat-rolled products and hot-rolled bars and rods in irregularly wound coils)"
72285040,C,0.109,1.435,"Bars and rods of steel containing 0,9% to 1,15% of carbon, 0,5% to 2% of chromium and, if present <= 0,5% of molybdenum, only cold-formed or cold-finished (excl. semi-finished products, flat-rolled products and hot-rolled bars and rods in irregularly wound coils)"
72285040,D,,0.546,"Bars and rods of steel containing 0,9% to 1,15% of carbon, 0,5% to 2% of chromium and, if present <= 0,5% of molybdenum, only cold-formed or cold-finished (excl. semi-finished products, flat-rolled products and hot-rolled bars and rods in irregularly wound coils)"
72285040,E,,0.137,"Bars and rods of steel containing 0,9% to 1,15% of carbon, 0,5% to 2% of chromium and, if present <= 0,5% of molybdenum, only cold-formed or cold-finished (excl. semi-finished products, flat-rolled products and hot-rolled bars and rods in irregularly wound coils)"
72285061,F)(1,0.109,1.613,"Bars and rods of alloy steel, other than stainless steel, not further worked than cold-formed or cold-finished, of circular cross-section, of a diameter of >= 80 mm (excl. of high-speed steel, silico-manganese steel, tool steel, articles of subheading 7228.50.40, semi-finished products, flat-rolled products and hot-rolled bars and rods in irregularly wound coils)"
72285061,G)(1,,0.788,"Bars and rods of alloy steel, other than stainless steel, not further worked than cold-formed or cold-finished, of circular cross-section, of a diameter of >= 80 mm (excl. of high-speed steel, silico-manganese steel, tool steel, articles of subheading 7228.50.40, semi-finished products, flat-rolled products and hot-rolled bars and rods in irregularly wound coils)"
72285061,H)(1,,0.446,"Bars and rods of alloy steel, other than stainless steel, not further worked than cold-formed or cold-finished, of circular cross-section, of a diameter of >= 80 mm (excl. of high-speed steel, silico-manganese steel, tool steel, articles of subheading 7228.50.40, semi-finished products, flat-rolled products and hot-rolled bars and rods in irregularly wound coils)"
72285061,J)(1,,0.986,"Bars and rods of alloy steel, other than stainless steel, not further worked than cold-formed or cold-finished, of circular cross-section, of a diameter of >= 80 mm (excl. of high-speed steel, silico-manganese steel, tool steel, articles of subheading 7228.50.40, semi-finished products, flat-rolled products and hot-rolled bars and rods in irregularly wound coils)"
72285061,F)(2,,1.446,"Bars and rods of alloy steel, other than stainless steel, not further worked than cold-formed or cold-finished, of circular cross-section, of a diameter of >= 80 mm (excl. of high-speed steel, silico-manganese steel, tool steel, articles of subheading 7228.50.40, semi-finished products, flat-rolled products and hot-rolled bars and rods in irregularly wound coils)"
72285061,G)(2,,0.775,"Bars and rods of alloy steel, other than stainless steel, not further worked than cold-formed or cold-finished, of circular cross-section, of a diameter of >= 80 mm (excl. of high-speed steel, silico-manganese steel, tool steel, articles of subheading 7228.50.40, semi-finished products, flat-rolled products and hot-rolled bars and rods in irregularly wound coils)"
72285061,H)(2,,0.433,"Bars and rods of alloy steel, other than stainless steel, not further worked than cold-formed or cold-finished, of circular cross-section, of a diameter of >= 80 mm (excl. of high-speed steel, silico-manganese steel, tool steel, articles of subheading 7228.50.40, semi-finished products, flat-rolled products and hot-rolled bars and rods in irregularly wound coils)"
72285061,J)(2,,0.954,"Bars and rods of alloy steel, other than stainless steel, not further worked than cold-formed or cold-finished, of circular cross-section, of a diameter of >= 80 mm (excl. of high-speed steel, silico-manganese steel, tool steel, articles of subheading 7228.50.40, semi-finished products, flat-rolled products and hot-rolled bars and rods in irregularly wound coils)"
72285069,F)(1,0.109,1.613,"Bars and rods of alloy steel, other than stainless steel, not further worked than cold-formed or cold-finished, of circular cross-section, of a diameter of < 80 mm (excl. of high-speed steel, silico-manganese steel, tool steel, articles of subheading 7228.50.40, semi-finished products, flat-rolled products and hot-rolled bars and rods in irregularly wound coils)"
72285069,G)(1,,0.788,"Bars and rods of alloy steel, other than stainless steel, not further worked than cold-formed or cold-finished, of circular cross-section, of a diameter of < 80 mm (excl. of high-speed steel, silico-manganese steel, tool steel, articles of subheading 7228.50.40, semi-finished products, flat-rolled products and hot-rolled bars and rods in irregularly wound coils)"
72285069,H)(1,,0.446,"Bars and rods of alloy steel, other than stainless steel, not further worked than cold-formed or cold-finished, of circular cross-section, of a diameter of < 80 mm (excl. of high-speed steel, silico-manganese steel, tool steel, articles of subheading 7228.50.40, semi-finished products, flat-rolled products and hot-rolled bars and rods in irregularly wound coils)"
72285069,J)(1,,0.986,"Bars and rods of alloy steel, other than stainless steel, not further worked than cold-formed or cold-finished, of circular cross-section, of a diameter of < 80 mm (excl. of high-speed steel, silico-manganese steel, tool steel, articles of subheading 7228.50.40, semi-finished products, flat-rolled products and hot-rolled bars and rods in irregularly wound coils)"
72285069,F)(2,,1.446,"Bars and rods of alloy steel, other than stainless steel, not further worked than cold-formed or cold-finished, of circular cross-section, of a diameter of < 80 mm (excl. of high-speed steel, silico-manganese steel, tool steel, articles of subheading 7228.50.40, semi-finished products, flat-rolled products and hot-rolled bars and rods in irregularly wound coils)"
72285069,G)(2,,0.775,"Bars and rods of alloy steel, other than stainless steel, not further worked than cold-formed or cold-finished, of circular cross-section, of a diameter of < 80 mm (excl. of high-speed steel, silico-manganese steel, tool steel, articles of subheading 7228.50.40, semi-finished products, flat-rolled products and hot-rolled bars and rods in irregularly wound coils)"
72285069,H)(2,,0.433,"Bars and rods of alloy steel, other than stainless steel, not further worked than cold-formed or cold-finished, of circular cross-section, of a diameter of < 80 mm (excl. of high-speed steel, silico-manganese steel, tool steel, articles of subheading 7228.50.40, semi-finished products, flat-rolled products and hot-rolled bars and rods in irregularly wound coils)"
72285069,J)(2,,0.954,"Bars and rods of alloy steel, other than stainless steel, not further worked than cold-formed or cold-finished, of circular cross-section, of a diameter of < 80 mm (excl. of high-speed steel, silico-manganese steel, tool steel, articles of subheading 7228.50.40, semi-finished products, flat-rolled products and hot-rolled bars and rods in irregularly wound coils)"
72285080,F)(1,0.109,1.613,"Bars and rods of alloy steel, other than stainless steel, not further worked than cold-formed or cold-finished (excl. of circular cross-section and products of high-speed steel, silico-manganese steel, tool steel, articles of subheading 7228.50.40, semi-finished products, flat-rolled products and hot-rolled bars and rods in irregularly wound coils)"
72285080,G)(1,,0.788,"Bars and rods of alloy steel, other than stainless steel, not further worked than cold-formed or cold-finished (excl. of circular cross-section and products of high-speed steel, silico-manganese steel, tool steel, articles of subheading 7228.50.40, semi-finished products, flat-rolled products and hot-rolled bars and rods in irregularly wound coils)"
72285080,H)(1,,0.446,"Bars and rods of alloy steel, other than stainless steel, not further worked than cold-formed or cold-finished (excl. of circular cross-section and products of high-speed steel, silico-manganese steel, tool steel, articles of subheading 7228.50.40, semi-finished products, flat-rolled products and hot-rolled bars and rods in irregularly wound coils)"
72285080,J)(1,,0.986,"Bars and rods of alloy steel, other than stainless steel, not further worked than cold-formed or cold-finished (excl. of circular cross-section and products of high-speed steel, silico-manganese steel, tool steel, articles of subheading 7228.50.40, semi-finished products, flat-rolled products and hot-rolled bars and rods in irregularly wound coils)"
72285080,F)(2,,1.446,"Bars and rods of alloy steel, other than stainless steel, not further worked than cold-formed or cold-finished (excl. of circular cross-section and products of high-speed steel, silico-manganese steel, tool steel, articles of subheading 7228.50.40, semi-finished products, flat-rolled products and hot-rolled bars and rods in irregularly wound coils)"
72285080,G)(2,,0.775,"Bars and rods of alloy steel, other than stainless steel, not further worked than cold-formed or cold-finished (excl. of circular cross-section and products of high-speed steel, silico-manganese steel, tool steel, articles of subheading 7228.50.40, semi-finished products, flat-rolled products and hot-rolled bars and rods in irregularly wound coils)"
72285080,H)(2,,0.433,"Bars and rods of alloy steel, other than stainless steel, not further worked than cold-formed or cold-finished (excl. of circular cross-section and products of high-speed steel, silico-manganese steel, tool steel, articles of subheading 7228.50.40, semi-finished products, flat-rolled products and hot-rolled bars and rods in irregularly wound coils)"
72285080,J)(2,,0.954,"Bars and rods of alloy steel, other than stainless steel, not further worked than cold-formed or cold-finished (excl. of circular cross-section and products of high-speed steel, silico-manganese steel, tool steel, articles of subheading 7228.50.40, semi-finished products, flat-rolled products and hot-rolled bars and rods in irregularly wound coils)"
72286020,F)(1,0.109,1.613,"Bars and rods of tool steel, cold-formed or cold-finished and further worked or hot-formed and further worked (excl. semi-finished products, flat-rolled products and hot-rolled bars and rods in irregularly wound coils)"
72286020,G)(1,,0.788,"Bars and rods of tool steel, cold-formed or cold-finished and further worked or hot-formed and further worked (excl. semi-finished products, flat-rolled products and hot-rolled bars and rods in irregularly wound coils)"
72286020,H)(1,,0.446,"Bars and rods of tool steel, cold-formed or cold-finished and further worked or hot-formed and further worked (excl. semi-finished products, flat-rolled products and hot-rolled bars and rods in irregularly wound coils)"
72286020,J)(1,,0.986,"Bars and rods of tool steel, cold-formed or cold-finished and further worked or hot-formed and further worked (excl. semi-finished products, flat-rolled products and hot-rolled bars and rods in irregularly wound coils)"
72286020,F)(2,,1.446,"Bars and rods of tool steel, cold-formed or cold-finished and further worked or hot-formed and further worked (excl. semi-finished products, flat-rolled products and hot-rolled bars and rods in irregularly wound coils)"
72286020,G)(2,,0.775,"Bars and rods of tool steel, cold-formed or cold-finished and further worked or hot-formed and further worked (excl. semi-finished products, flat-rolled products and hot-rolled bars and rods in irregularly wound coils)"
72286020,H)(2,,0.433,"Bars and rods of tool steel, cold-formed or cold-finished and further worked or hot-formed and further worked (excl. semi-finished products, flat-rolled products and hot-rolled bars and rods in irregularly wound coils)"
72286020,J)(2,,0.954,"Bars and rods of tool steel, cold-formed or cold-finished and further worked or hot-formed and further worked (excl. semi-finished products, flat-rolled products and hot-rolled bars and rods in irregularly wound coils)"
72286080,F)(1,0.109,1.613,"Bars and rods of alloy steel, other than stainless steel, cold-formed or cold-finished and further worked or hot-formed and further worked (excl. bars and rods of high-speed steel, silico-manganese steel or tool steel, semi-finished products, flat-rolled products and hot-rolled bars and rods in irregularly wound coils)"
72286080,G)(1,,0.788,"Bars and rods of alloy steel, other than stainless steel, cold-formed or cold-finished and further worked or hot-formed and further worked (excl. bars and rods of high-speed steel, silico-manganese steel or tool steel, semi-finished products, flat-rolled products and hot-rolled bars and rods in irregularly wound coils)"
72286080,H)(1,,0.446,"Bars and rods of alloy steel, other than stainless steel, cold-formed or cold-finished and further worked or hot-formed and further worked (excl. bars and rods of high-speed steel, silico-manganese steel or tool steel, semi-finished products, flat-rolled products and hot-rolled bars and rods in irregularly wound coils)"
72286080,J)(1,,0.986,"Bars and rods of alloy steel, other than stainless steel, cold-formed or cold-finished and further worked or hot-formed and further worked (excl. bars and rods of high-speed steel, silico-manganese steel or tool steel, semi-finished products, flat-rolled products and hot-rolled bars and rods in irregularly wound coils)"
72286080,F)(2,,1.446,"Bars and rods of alloy steel, other than stainless steel, cold-formed or cold-finished and further worked or hot-formed and further worked (excl. bars and rods of high-speed steel, silico-manganese steel or tool steel, semi-finished products, flat-rolled products and hot-rolled bars and rods in irregularly wound coils)"
72286080,G)(2,,0.775,"Bars and rods of alloy steel, other than stainless steel, cold-formed or cold-finished and further worked or hot-formed and further worked (excl. bars and rods of high-speed steel, silico-manganese steel or tool steel, semi-finished products, flat-rolled products and hot-rolled bars and rods in irregularly wound coils)"
72286080,H)(2,,0.433,"Bars and rods of alloy steel, other than stainless steel, cold-formed or cold-finished and further worked or hot-formed and further worked (excl. bars and rods of high-speed steel, silico-manganese steel or tool steel, semi-finished products, flat-rolled products and hot-rolled bars and rods in irregularly wound coils)"
72286080,J)(2,,0.954,"Bars and rods of alloy steel, other than stainless steel, cold-formed or cold-finished and further worked or hot-formed and further worked (excl. bars and rods of high-speed steel, silico-manganese steel or tool steel, semi-finished products, flat-rolled products and hot-rolled bars and rods in irregularly wound coils)"
72287010,F)(1,0.109,1.613,"Angles, shapes and sections of alloy steel other than stainless, not further worked than hot-rolled, hot-drawn or extruded"
72287010,G)(1,,0.788,"Angles, shapes and sections of alloy steel other than stainless, not further worked than hot-rolled, hot-drawn or extruded"
72287010,H)(1,,0.446,"Angles, shapes and sections of alloy steel other than stainless, not further worked than hot-rolled, hot-drawn or extruded"
72287010,J)(1,,0.986,"Angles, shapes and sections of alloy steel other than stainless, not further worked than hot-rolled, hot-drawn or extruded"
72287010,F)(2,,1.446,"Angles, shapes and sections of alloy steel other than stainless, not further worked than hot-rolled, hot-drawn or extruded"
72287010,G)(2,,0.775,"Angles, shapes and sections of alloy steel other than stainless, not further worked than hot-rolled, hot-drawn or extruded"
72287010,H)(2,,0.433,"Angles, shapes and sections of alloy steel other than stainless, not further worked than hot-rolled, hot-drawn or extruded"
72287010,J)(2,,0.954,"Angles, shapes and sections of alloy steel other than stainless, not further worked than hot-rolled, hot-drawn or extruded"
72287090,F)(1,0.109,1.613,"Angles, shapes and sections of alloy steel other than stainless, n.e.s. (excl. products not further worked than hot-rolled, hot-drawn or extruded)"
72287090,G)(1,,0.788,"Angles, shapes and sections of alloy steel other than stainless, n.e.s. (excl. products not further worked than hot-rolled, hot-drawn or extruded)"
72287090,H)(1,,0.446,"Angles, shapes and sections of alloy steel other than stainless, n.e.s. (excl. products not further worked than hot-rolled, hot-drawn or extruded)"
72287090,J)(1,,0.986,"Angles, shapes and sections of alloy steel other than stainless, n.e.s. (excl. products not further worked than hot-rolled, hot-drawn or extruded)"
72287090,F)(2,,1.446,"Angles, shapes and sections of alloy steel other than stainless, n.e.s. (excl. products not further worked than hot-rolled, hot-drawn or extruded)"
72287090,G)(2,,0.775,"Angles, shapes and sections of alloy steel other than stainless, n.e.s. (excl. products not further worked than hot-rolled, hot-drawn or extruded)"
72287090,H)(2,,0.433,"Angles, shapes and sections of alloy steel other than stainless, n.e.s. (excl. products not further worked than hot-rolled, hot-drawn or extruded)"
72287090,J)(2,,0.954,"Angles, shapes and sections of alloy steel other than stainless, n.e.s. (excl. products not further worked than hot-rolled, hot-drawn or extruded)"
72288000,F)(1,0.109,1.613,"Hollow drill bars and rods, of alloy or non-alloy steel"
72288000,G)(1,,0.788,"Hollow drill bars and rods, of alloy or non-alloy steel"
72288000,H)(1,,0.446,"Hollow drill bars and rods, of alloy or non-alloy steel"
72288000,J)(1,,0.986,"Hollow drill bars and rods, of alloy or non-alloy steel"
72288000,F)(2,,1.446,"Hollow drill bars and rods, of alloy or non-alloy steel"
72288000,G)(2,,0.775,"Hollow drill bars and rods, of alloy or non-alloy steel"
72288000,H)(2,,0.433,"Hollow drill bars and rods, of alloy or non-alloy steel"
72288000,J)(2,,0.954,"Hollow drill bars and rods, of alloy or non-alloy steel"
72292000,F)(1,0.109,1.613,"Wire of silico-manganese steel, in coils (excl. bars and rods)"
72292000,G)(1,,0.788,"Wire of silico-manganese steel, in coils (excl. bars and rods)"
72292000,H)(1,,0.446,"Wire of silico-manganese steel, in coils (excl. bars and rods)"
72292000,J)(1,,0.986,"Wire of silico-manganese steel, in coils (excl. bars and rods)"
72292000,F)(2,,1.446,"Wire of silico-manganese steel, in coils (excl. bars and rods)"
72292000,G)(2,,0.775,"Wire of silico-manganese steel, in coils (excl. bars and rods)"
72292000,H)(2,,0.433,"Wire of silico-manganese steel, in coils (excl. bars and rods)"
72292000,J)(2,,0.954,"Wire of silico-manganese steel, in coils (excl. bars and rods)"
72299020,F)(1,0.109,1.613,"Wire of high-speed steel, in coils (excl. bars and rods)"
72299020,G)(1,,0.788,"Wire of high-speed steel, in coils (excl. bars and rods)"
72299020,H)(1,,0.446,"Wire of high-speed steel, in coils (excl. bars and rods)"
72299020,J)(1,,0.986,"Wire of high-speed steel, in coils (excl. bars and rods)"
72299020,F)(2,,1.446,"Wire of high-speed steel, in coils (excl. bars and rods)"
72299020,G)(2,,0.775,"Wire of high-speed steel, in coils (excl. bars and rods)"
72299020,H)(2,,0.433,"Wire of high-speed steel, in coils (excl. bars and rods)"
72299020,J)(2,,0.954,"Wire of high-speed steel, in coils (excl. bars and rods)"
72299050,C,0.109,1.435,"Wire of steel containing by weight 0,9% to 1,1% of carbon, 0,5% to 2% of chromium and, if present, <= 0,5% of molybdenum, in coils (excl. rolled bars and rods)"
72299050,D,,0.546,"Wire of steel containing by weight 0,9% to 1,1% of carbon, 0,5% to 2% of chromium and, if present, <= 0,5% of molybdenum, in coils (excl. rolled bars and rods)"
72299050,E,,0.137,"Wire of steel containing by weight 0,9% to 1,1% of carbon, 0,5% to 2% of chromium and, if present, <= 0,5% of molybdenum, in coils (excl. rolled bars and rods)"
72299090,F)(1,0.109,1.613,"Wire of alloy steel other than stainless, in coils (excl. rolled bars and rods, wire of high-speed steel or silico-manganese steel and articles of subheading 7229.90.50)"
72299090,G)(1,,0.788,"Wire of alloy steel other than stainless, in coils (excl. rolled bars and rods, wire of high-speed steel or silico-manganese steel and articles of subheading 7229.90.50)"
72299090,H)(1,,0.446,"Wire of alloy steel other than stainless, in coils (excl. rolled bars and rods, wire of high-speed steel or silico-manganese steel and articles of subheading 7229.90.50)"
72299090,J)(1,,0.986,"Wire of alloy steel other than stainless, in coils (excl. rolled bars and rods, wire of high-speed steel or silico-manganese steel and articles of subheading 7229.90.50)"
72299090,F)(2,,1.446,"Wire of alloy steel other than stainless, in coils (excl. rolled bars and rods, wire of high-speed steel or silico-manganese steel and articles of subheading 7229.90.50)"
72299090,G)(2,,0.775,"Wire of alloy steel other than stainless, in coils (excl. rolled bars and rods, wire of high-speed steel or silico-manganese steel and articles of subheading 7229.90.50)"
72299090,H)(2,,0.433,"Wire of alloy steel other than stainless, in coils (excl. rolled bars and rods, wire of high-speed steel or silico-manganese steel and articles of subheading 7229.90.50)"
72299090,J)(2,,0.954,"Wire of alloy steel other than stainless, in coils (excl. rolled bars and rods, wire of high-speed steel or silico-manganese steel and articles of subheading 7229.90.50)"
73011000,C,0.079,1.458,"Sheet piling of iron or steel, whether or not drilled, punched or made from assembled elements"
73011000,D,,0.533,"Sheet piling of iron or steel, whether or not drilled, punched or made from assembled elements"
73011000,E,,0.108,"Sheet piling of iron or steel, whether or not drilled, punched or made from assembled elements"
73012000,C,0.079,1.458,"Angles, shapes and sections, of iron or steel, welded"
73012000,D,,0.533,"Angles, shapes and sections, of iron or steel, welded"
73012000,E,,0.108,"Angles, shapes and sections, of iron or steel, welded"
73021010,C,0.057,1.383,"Current-conducting rails of iron or steel, with parts of non-ferrous metal, for railway or tramway track (excl. check-rails)"
73021010,D,,0.494,"Current-conducting rails of iron or steel, with parts of non-ferrous metal, for railway or tramway track (excl. check-rails)"
73021010,E,,0.085,"Current-conducting rails of iron or steel, with parts of non-ferrous metal, for railway or tramway track (excl. check-rails)"
73021022,C,0.057,1.383,"Vignole rails of iron or steel, for railway or tramway track, new, of a weight of >= 36 kg/m"
73021022,D,,0.494,"Vignole rails of iron or steel, for railway or tramway track, new, of a weight of >= 36 kg/m"
73021022,E,,0.085,"Vignole rails of iron or steel, for railway or tramway track, new, of a weight of >= 36 kg/m"
73021028,C,0.057,1.383,"Vignole rails of iron or steel, for railway or tramway track, new, of a weight of < 36 kg/m"
73021028,D,,0.494,"Vignole rails of iron or steel, for railway or tramway track, new, of a weight of < 36 kg/m"
73021028,E,,0.085,"Vignole rails of iron or steel, for railway or tramway track, new, of a weight of < 36 kg/m"
73021040,C,0.057,1.383,"Grooved rails of iron or steel, for railway or tramway track, new"
73021040,D,,0.494,"Grooved rails of iron or steel, for railway or tramway track, new"
73021040,E,,0.085,"Grooved rails of iron or steel, for railway or tramway track, new"
73021050,C,0.057,1.383,"Rails of iron or steel, for railway or tramway track, new (excl. vignole rails, grooved rails, and current-conducting rails with parts of non-ferrous metal)"
73021050,D,,0.494,"Rails of iron or steel, for railway or tramway track, new (excl. vignole rails, grooved rails, and current-conducting rails with parts of non-ferrous metal)"
73021050,E,,0.085,"Rails of iron or steel, for railway or tramway track, new (excl. vignole rails, grooved rails, and current-conducting rails with parts of non-ferrous metal)"
73021090,C,0.057,1.383,"Rails of iron or steel, for railway or tramway track, used (excl. current-conducting rails with parts of non-ferrous metal)"
73021090,D,,0.494,"Rails of iron or steel, for railway or tramway track, used (excl. current-conducting rails with parts of non-ferrous metal)"
73021090,E,,0.085,"Rails of iron or steel, for railway or tramway track, used (excl. current-conducting rails with parts of non-ferrous metal)"
73023000,C,0.057,1.383,"Switch blades, crossing frogs, point rods and other crossing pieces, for railway or tramway track, of iron or steel"
73023000,D,,0.494,"Switch blades, crossing frogs, point rods and other crossing pieces, for railway or tramway track, of iron or steel"
73023000,E,,0.085,"Switch blades, crossing frogs, point rods and other crossing pieces, for railway or tramway track, of iron or steel"
73024000,C,0.057,1.383,"Fish-plates and sole plates of iron or steel, for railways or tramways"
73024000,D,,0.494,"Fish-plates and sole plates of iron or steel, for railways or tramways"
73024000,E,,0.085,"Fish-plates and sole plates of iron or steel, for railways or tramways"
73029000,C,0.057,1.383,"Sleepers ""cross-ties"", check-rails, rack rails, chairs, chair wedges, rail clips, bedplates and ties and other specialised material for the jointing or fixing of railway or tramway track, of iron or steel (excl. rails, switch blades, crossing frogs, point rods and other crossing pieces, and fish-plates and sole plates)"
73029000,D,,0.494,"Sleepers ""cross-ties"", check-rails, rack rails, chairs, chair wedges, rail clips, bedplates and ties and other specialised material for the jointing or fixing of railway or tramway track, of iron or steel (excl. rails, switch blades, crossing frogs, point rods and other crossing pieces, and fish-plates and sole plates)"
73029000,E,,0.085,"Sleepers ""cross-ties"", check-rails, rack rails, chairs, chair wedges, rail clips, bedplates and ties and other specialised material for the jointing or fixing of railway or tramway track, of iron or steel (excl. rails, switch blades, crossing frogs, point rods and other crossing pieces, and fish-plates and sole plates)"
73030010,,0.163,1.484,"Tubes and pipes of a kind used in pressure systems, of cast iron"
73030090,,0.163,1.484,"Tubes, pipes and hollow profiles, of cast iron (excl. products of a kind used in pressure systems)"
73041100,1,0.057,1.173,"Line pipe of a kind used for oil or gas pipelines, seamless, of stainless steel"
73041100,2,,1.135,"Line pipe of a kind used for oil or gas pipelines, seamless, of stainless steel"
73041910,C,0.057,1.383,"Line pipe of a kind used for oil or gas pipelines, seamless, of iron or steel, of an external diameter of <= 168,3 mm (excl. products of stainless steel or of cast iron)"
73041910,D,,0.494,"Line pipe of a kind used for oil or gas pipelines, seamless, of iron or steel, of an external diameter of <= 168,3 mm (excl. products of stainless steel or of cast iron)"
73041910,E,,0.085,"Line pipe of a kind used for oil or gas pipelines, seamless, of iron or steel, of an external diameter of <= 168,3 mm (excl. products of stainless steel or of cast iron)"
73041930,C,0.057,1.383,"Line pipe of a kind used for oil or gas pipelines, seamless, of iron or steel, of an external diameter of > 168,3 mm but <= 406,4 mm (excl. products of stainless steel or of cast iron)"
73041930,D,,0.494,"Line pipe of a kind used for oil or gas pipelines, seamless, of iron or steel, of an external diameter of > 168,3 mm but <= 406,4 mm (excl. products of stainless steel or of cast iron)"
73041930,E,,0.085,"Line pipe of a kind used for oil or gas pipelines, seamless, of iron or steel, of an external diameter of > 168,3 mm but <= 406,4 mm (excl. products of stainless steel or of cast iron)"
73041990,C,0.057,1.383,"Line pipe of a kind used for oil or gas pipelines, seamless, of iron or steel, of an external diameter of > 406,4 mm (excl. products of stainless steel or of cast iron)"
73041990,D,,0.494,"Line pipe of a kind used for oil or gas pipelines, seamless, of iron or steel, of an external diameter of > 406,4 mm (excl. products of stainless steel or of cast iron)"
73041990,E,,0.085,"Line pipe of a kind used for oil or gas pipelines, seamless, of iron or steel, of an external diameter of > 406,4 mm (excl. products of stainless steel or of cast iron)"
73042200,1,0.057,1.173,"Drill pipe, seamless, of stainless steel, of a kind used in drilling for oil or gas"
73042200,2,,1.135,"Drill pipe, seamless, of stainless steel, of a kind used in drilling for oil or gas"
73042300,C,0.057,1.383,"Drill pipe, seamless, of a kind used in drilling for oil or gas, of iron or steel (excl. products of stainless steel or of cast iron)"
73042300,D,,0.494,"Drill pipe, seamless, of a kind used in drilling for oil or gas, of iron or steel (excl. products of stainless steel or of cast iron)"
73042300,E,,0.085,"Drill pipe, seamless, of a kind used in drilling for oil or gas, of iron or steel (excl. products of stainless steel or of cast iron)"
73042400,1,0.057,1.173,"Casing and tubing, seamless, of a kind used for drilling for oil or gas, of stainless steel"
73042400,2,,1.135,"Casing and tubing, seamless, of a kind used for drilling for oil or gas, of stainless steel"
73042910,C,0.057,1.383,"Casing and tubing of a kind used for drilling for oil or gas, seamless, of iron or steel, of an external diameter <= 168,3 mm (excl. products of cast iron)"
73042910,D,,0.494,"Casing and tubing of a kind used for drilling for oil or gas, seamless, of iron or steel, of an external diameter <= 168,3 mm (excl. products of cast iron)"
73042910,E,,0.085,"Casing and tubing of a kind used for drilling for oil or gas, seamless, of iron or steel, of an external diameter <= 168,3 mm (excl. products of cast iron)"
73042930,C,0.057,1.383,"Casing and tubing of a kind used for drilling for oil or gas, seamless, of iron or steel, of an external diameter > 168,3 mm, but <= 406,4 mm (excl. products of cast iron)"
73042930,D,,0.494,"Casing and tubing of a kind used for drilling for oil or gas, seamless, of iron or steel, of an external diameter > 168,3 mm, but <= 406,4 mm (excl. products of cast iron)"
73042930,E,,0.085,"Casing and tubing of a kind used for drilling for oil or gas, seamless, of iron or steel, of an external diameter > 168,3 mm, but <= 406,4 mm (excl. products of cast iron)"
73042990,C,0.057,1.383,"Casing and tubing of a kind used for drilling for oil or gas, seamless, of iron or steel, of an external diameter > 406,4 mm (excl. products of cast iron)"
73042990,D,,0.494,"Casing and tubing of a kind used for drilling for oil or gas, seamless, of iron or steel, of an external diameter > 406,4 mm (excl. products of cast iron)"
73042990,E,,0.085,"Casing and tubing of a kind used for drilling for oil or gas, seamless, of iron or steel, of an external diameter > 406,4 mm (excl. products of cast iron)"
73043120,C,0.057,1.383,"Precision tubes, seamless, of circular cross-section, of iron or non-alloy steel, cold-drawn or cold-rolled ""cold-reduced"" (excl. line pipe of a kind used for oil or gas pipelines or casing and tubing of a kind used for drilling for oil or gas)"
73043120,D,,0.494,"Precision tubes, seamless, of circular cross-section, of iron or non-alloy steel, cold-drawn or cold-rolled ""cold-reduced"" (excl. line pipe of a kind used for oil or gas pipelines or casing and tubing of a kind used for drilling for oil or gas)"
73043120,E,,0.085,"Precision tubes, seamless, of circular cross-section, of iron or non-alloy steel, cold-drawn or cold-rolled ""cold-reduced"" (excl. line pipe of a kind used for oil or gas pipelines or casing and tubing of a kind used for drilling for oil or gas)"
73043180,C,0.057,1.383,"Tubes, pipes and hollow profiles, seamless, of circular cross-section, of iron or non-alloy steel, cold-drawn or cold-rolled ""cold-reduced"" (excl. cast iron products, line pipe of a kind used for oil or gas pipelines, casing and tubing of a kind used for drilling for oil or gas and precision tubes)"
73043180,D,,0.494,"Tubes, pipes and hollow profiles, seamless, of circular cross-section, of iron or non-alloy steel, cold-drawn or cold-rolled ""cold-reduced"" (excl. cast iron products, line pipe of a kind used for oil or gas pipelines, casing and tubing of a kind used for drilling for oil or gas and precision tubes)"
73043180,E,,0.085,"Tubes, pipes and hollow profiles, seamless, of circular cross-section, of iron or non-alloy steel, cold-drawn or cold-rolled ""cold-reduced"" (excl. cast iron products, line pipe of a kind used for oil or gas pipelines, casing and tubing of a kind used for drilling for oil or gas and precision tubes)"
73043950,C,0.057,1.383,"Threaded or threadable tubes ""gas pipe"", seamless, of iron or non-alloy steel (excl. of cast iron)"
73043950,D,,0.494,"Threaded or threadable tubes ""gas pipe"", seamless, of iron or non-alloy steel (excl. of cast iron)"
73043950,E,,0.085,"Threaded or threadable tubes ""gas pipe"", seamless, of iron or non-alloy steel (excl. of cast iron)"
73043982,C,0.057,1.383,"Tubes, pipes and hollow profiles, seamless, of circular cross-section, of iron or non-alloy steel, of an external diameter of <= 168,3 mm (excl. cold-drawn or cold-rolled, of cast iron, line pipe of a kind used for oil or gas pipelines, casing, tubing and drill pipe of a kind used in drilling for oil or gas and tubes, and gas pipes of subheading 7304 39 50)"
73043982,D,,0.494,"Tubes, pipes and hollow profiles, seamless, of circular cross-section, of iron or non-alloy steel, of an external diameter of <= 168,3 mm (excl. cold-drawn or cold-rolled, of cast iron, line pipe of a kind used for oil or gas pipelines, casing, tubing and drill pipe of a kind used in drilling for oil or gas and tubes, and gas pipes of subheading 7304 39 50)"
73043982,E,,0.085,"Tubes, pipes and hollow profiles, seamless, of circular cross-section, of iron or non-alloy steel, of an external diameter of <= 168,3 mm (excl. cold-drawn or cold-rolled, of cast iron, line pipe of a kind used for oil or gas pipelines, casing, tubing and drill pipe of a kind used in drilling for oil or gas and tubes, and gas pipes of subheading 7304 39 50)"
73043983,C,0.057,1.383,"Tubes, pipes and hollow profiles, seamless, of circular cross-section, of iron or non-alloy steel, of an external diameter of > 168,3 mm but <= 406,4 mm (excl. cold-drawn or cold-rolled, of cast iron, line pipe of a kind used for oil or gas pipelines, casing, tubing and drill pipe of a kind used in drilling for oil or gas and tubes, and gas pipes of subheading 7304 39 50)"
73043983,D,,0.494,"Tubes, pipes and hollow profiles, seamless, of circular cross-section, of iron or non-alloy steel, of an external diameter of > 168,3 mm but <= 406,4 mm (excl. cold-drawn or cold-rolled, of cast iron, line pipe of a kind used for oil or gas pipelines, casing, tubing and drill pipe of a kind used in drilling for oil or gas and tubes, and gas pipes of subheading 7304 39 50)"
73043983,E,,0.085,"Tubes, pipes and hollow profiles, seamless, of circular cross-section, of iron or non-alloy steel, of an external diameter of > 168,3 mm but <= 406,4 mm (excl. cold-drawn or cold-rolled, of cast iron, line pipe of a kind used for oil or gas pipelines, casing, tubing and drill pipe of a kind used in drilling for oil or gas and tubes, and gas pipes of subheading 7304 39 50)"
73043988,C,0.057,1.383,"Tubes, pipes and hollow profiles, seamless, of circular cross-section, of iron or non-alloy steel, of an external diameter of > 406,4 mm (excl. cold-drawn or cold-rolled, of cast iron, line pipe of a kind used for oil or gas pipelines, casing, tubing and drill pipe of a kind used in drilling for oil or gas and tubes, and gas pipes of subheading 7304 39 50)"
73043988,D,,0.494,"Tubes, pipes and hollow profiles, seamless, of circular cross-section, of iron or non-alloy steel, of an external diameter of > 406,4 mm (excl. cold-drawn or cold-rolled, of cast iron, line pipe of a kind used for oil or gas pipelines, casing, tubing and drill pipe of a kind used in drilling for oil or gas and tubes, and gas pipes of subheading 7304 39 50)"
73043988,E,,0.085,"Tubes, pipes and hollow profiles, seamless, of circular cross-section, of iron or non-alloy steel, of an external diameter of > 406,4 mm (excl. cold-drawn or cold-rolled, of cast iron, line pipe of a kind used for oil or gas pipelines, casing, tubing and drill pipe of a kind used in drilling for oil or gas and tubes, and gas pipes of subheading 7304 39 50)"
73044100,1,0.057,1.173,"Tubes, pipes and hollow profiles, seamless, of circular cross-section, of stainless steel, cold-drawn or cold-rolled ""cold-reduced"" (excl. line pipe of a kind used for oil or gas pipelines, casing and tubing of a kind used for drilling for oil or gas)"
73044100,2,,1.135,"Tubes, pipes and hollow profiles, seamless, of circular cross-section, of stainless steel, cold-drawn or cold-rolled ""cold-reduced"" (excl. line pipe of a kind used for oil or gas pipelines, casing and tubing of a kind used for drilling for oil or gas)"
73044983,1,0.057,1.173,"Tubes, pipes and hollow profiles, seamless, of circular cross-section, of stainless steel, of an external diameter of <= 168,3 mm (excl. cold-drawn or cold-rolled, line pipe of a kind used for oil or gas pipelines, and casing and tubing of a kind used for drilling for oil or gas and tubes)"
73044983,2,,1.135,"Tubes, pipes and hollow profiles, seamless, of circular cross-section, of stainless steel, of an external diameter of <= 168,3 mm (excl. cold-drawn or cold-rolled, line pipe of a kind used for oil or gas pipelines, and casing and tubing of a kind used for drilling for oil or gas and tubes)"
73044985,1,0.057,1.173,"Tubes, pipes and hollow profiles, seamless, of circular cross-section, of stainless steel, of an external diameter of > 168,3 mm but <= 406,4 mm (excl. cold-drawn or cold-rolled, line pipe of a kind used for oil or gas pipelines, and casing and tubing of a kind used for drilling for oil or gas and tubes)"
73044985,2,,1.135,"Tubes, pipes and hollow profiles, seamless, of circular cross-section, of stainless steel, of an external diameter of > 168,3 mm but <= 406,4 mm (excl. cold-drawn or cold-rolled, line pipe of a kind used for oil or gas pipelines, and casing and tubing of a kind used for drilling for oil or gas and tubes)"
73044989,1,0.057,1.173,"Tubes, pipes and hollow profiles, seamless, of circular cross-section, of stainless steel, of an external diameter of > 406,4 mm (excl. cold-drawn or cold-rolled, line pipe of a kind used for oil or gas pipelines, and casing and tubing of a kind used for drilling for oil or gas and tubes)"
73044989,2,,1.135,"Tubes, pipes and hollow profiles, seamless, of circular cross-section, of stainless steel, of an external diameter of > 406,4 mm (excl. cold-drawn or cold-rolled, line pipe of a kind used for oil or gas pipelines, and casing and tubing of a kind used for drilling for oil or gas and tubes)"
73045110,F)(1,0.057,1.561,"Tubes, pipes and hollow profiles, seamless, of circular cross-section, of alloy steel other than stainless, cold-drawn or cold-rolled ""cold-reduced"", straight and of uniform wall-thickness, containing by weight >= 0,9% but <= 1,15% carbon and >= 0,5% but <= 2% chromium, whether or not containing by weight <= 0,5% molybdenum (excl. tubes, pipes and hollow profiles of subheadings 7304 19 to 7304 29)"
73045110,G)(1,,0.736,"Tubes, pipes and hollow profiles, seamless, of circular cross-section, of alloy steel other than stainless, cold-drawn or cold-rolled ""cold-reduced"", straight and of uniform wall-thickness, containing by weight >= 0,9% but <= 1,15% carbon and >= 0,5% but <= 2% chromium, whether or not containing by weight <= 0,5% molybdenum (excl. tubes, pipes and hollow profiles of subheadings 7304 19 to 7304 29)"
73045110,H)(1,,0.394,"Tubes, pipes and hollow profiles, seamless, of circular cross-section, of alloy steel other than stainless, cold-drawn or cold-rolled ""cold-reduced"", straight and of uniform wall-thickness, containing by weight >= 0,9% but <= 1,15% carbon and >= 0,5% but <= 2% chromium, whether or not containing by weight <= 0,5% molybdenum (excl. tubes, pipes and hollow profiles of subheadings 7304 19 to 7304 29)"
73045110,J)(1,,0.934,"Tubes, pipes and hollow profiles, seamless, of circular cross-section, of alloy steel other than stainless, cold-drawn or cold-rolled ""cold-reduced"", straight and of uniform wall-thickness, containing by weight >= 0,9% but <= 1,15% carbon and >= 0,5% but <= 2% chromium, whether or not containing by weight <= 0,5% molybdenum (excl. tubes, pipes and hollow profiles of subheadings 7304 19 to 7304 29)"
73045110,F)(2,,1.394,"Tubes, pipes and hollow profiles, seamless, of circular cross-section, of alloy steel other than stainless, cold-drawn or cold-rolled ""cold-reduced"", straight and of uniform wall-thickness, containing by weight >= 0,9% but <= 1,15% carbon and >= 0,5% but <= 2% chromium, whether or not containing by weight <= 0,5% molybdenum (excl. tubes, pipes and hollow profiles of subheadings 7304 19 to 7304 29)"
73045110,G)(2,,0.723,"Tubes, pipes and hollow profiles, seamless, of circular cross-section, of alloy steel other than stainless, cold-drawn or cold-rolled ""cold-reduced"", straight and of uniform wall-thickness, containing by weight >= 0,9% but <= 1,15% carbon and >= 0,5% but <= 2% chromium, whether or not containing by weight <= 0,5% molybdenum (excl. tubes, pipes and hollow profiles of subheadings 7304 19 to 7304 29)"
73045110,H)(2,,0.381,"Tubes, pipes and hollow profiles, seamless, of circular cross-section, of alloy steel other than stainless, cold-drawn or cold-rolled ""cold-reduced"", straight and of uniform wall-thickness, containing by weight >= 0,9% but <= 1,15% carbon and >= 0,5% but <= 2% chromium, whether or not containing by weight <= 0,5% molybdenum (excl. tubes, pipes and hollow profiles of subheadings 7304 19 to 7304 29)"
73045110,J)(2,,0.902,"Tubes, pipes and hollow profiles, seamless, of circular cross-section, of alloy steel other than stainless, cold-drawn or cold-rolled ""cold-reduced"", straight and of uniform wall-thickness, containing by weight >= 0,9% but <= 1,15% carbon and >= 0,5% but <= 2% chromium, whether or not containing by weight <= 0,5% molybdenum (excl. tubes, pipes and hollow profiles of subheadings 7304 19 to 7304 29)"
73045181,F)(1,0.057,1.561,"Precision tubes, seamless, of circular cross-section, of alloy steel other than stainless, cold-drawn or cold-rolled ""cold-reduced"" (excl. line pipe of a kind used for oil or gas pipelines, casing and tubing of a kind used for drilling for oil and tubes, and pipes and hollow profiles, straight and of uniform wall-thickness, containing by weight >= 0,9% but <= 1,15% carbon and >= 0,5% but <= 2% chrome, whether or not containing by weight <= 0,5% molybdenum)"
73045181,G)(1,,0.736,"Precision tubes, seamless, of circular cross-section, of alloy steel other than stainless, cold-drawn or cold-rolled ""cold-reduced"" (excl. line pipe of a kind used for oil or gas pipelines, casing and tubing of a kind used for drilling for oil and tubes, and pipes and hollow profiles, straight and of uniform wall-thickness, containing by weight >= 0,9% but <= 1,15% carbon and >= 0,5% but <= 2% chrome, whether or not containing by weight <= 0,5% molybdenum)"
73045181,H)(1,,0.394,"Precision tubes, seamless, of circular cross-section, of alloy steel other than stainless, cold-drawn or cold-rolled ""cold-reduced"" (excl. line pipe of a kind used for oil or gas pipelines, casing and tubing of a kind used for drilling for oil and tubes, and pipes and hollow profiles, straight and of uniform wall-thickness, containing by weight >= 0,9% but <= 1,15% carbon and >= 0,5% but <= 2% chrome, whether or not containing by weight <= 0,5% molybdenum)"
73045181,J)(1,,0.934,"Precision tubes, seamless, of circular cross-section, of alloy steel other than stainless, cold-drawn or cold-rolled ""cold-reduced"" (excl. line pipe of a kind used for oil or gas pipelines, casing and tubing of a kind used for drilling for oil and tubes, and pipes and hollow profiles, straight and of uniform wall-thickness, containing by weight >= 0,9% but <= 1,15% carbon and >= 0,5% but <= 2% chrome, whether or not containing by weight <= 0,5% molybdenum)"
73045181,F)(2,,1.394,"Precision tubes, seamless, of circular cross-section, of alloy steel other than stainless, cold-drawn or cold-rolled ""cold-reduced"" (excl. line pipe of a kind used for oil or gas pipelines, casing and tubing of a kind used for drilling for oil and tubes, and pipes and hollow profiles, straight and of uniform wall-thickness, containing by weight >= 0,9% but <= 1,15% carbon and >= 0,5% but <= 2% chrome, whether or not containing by weight <= 0,5% molybdenum)"
73045181,G)(2,,0.723,"Precision tubes, seamless, of circular cross-section, of alloy steel other than stainless, cold-drawn or cold-rolled ""cold-reduced"" (excl. line pipe of a kind used for oil or gas pipelines, casing and tubing of a kind used for drilling for oil and tubes, and pipes and hollow profiles, straight and of uniform wall-thickness, containing by weight >= 0,9% but <= 1,15% carbon and >= 0,5% but <= 2% chrome, whether or not containing by weight <= 0,5% molybdenum)"
73045181,H)(2,,0.381,"Precision tubes, seamless, of circular cross-section, of alloy steel other than stainless, cold-drawn or cold-rolled ""cold-reduced"" (excl. line pipe of a kind used for oil or gas pipelines, casing and tubing of a kind used for drilling for oil and tubes, and pipes and hollow profiles, straight and of uniform wall-thickness, containing by weight >= 0,9% but <= 1,15% carbon and >= 0,5% but <= 2% chrome, whether or not containing by weight <= 0,5% molybdenum)"
73045181,J)(2,,0.902,"Precision tubes, seamless, of circular cross-section, of alloy steel other than stainless, cold-drawn or cold-rolled ""cold-reduced"" (excl. line pipe of a kind used for oil or gas pipelines, casing and tubing of a kind used for drilling for oil and tubes, and pipes and hollow profiles, straight and of uniform wall-thickness, containing by weight >= 0,9% but <= 1,15% carbon and >= 0,5% but <= 2% chrome, whether or not containing by weight <= 0,5% molybdenum)"
73045189,F)(1,0.057,1.561,"Tubes, pipes and hollow profiles, seamless, of circular cross-section, of alloy steel other than stainless, not cold-drawn or cold-rolled ""cold-reduced"" (excl. line pipe of a kind used for oil or gas pipelines, casing and tubing of a kind used for drilling for oil, precision tubes, and , pipes and hollow profiles, straight and of uniform wall-thickness, containing by weight >= 0,9% but <= 1,15% carbon and >= 0,5% but <= 2% chrome, whether or not containing by weight <= 0,5% molybdenum)"
73045189,G)(1,,0.736,"Tubes, pipes and hollow profiles, seamless, of circular cross-section, of alloy steel other than stainless, not cold-drawn or cold-rolled ""cold-reduced"" (excl. line pipe of a kind used for oil or gas pipelines, casing and tubing of a kind used for drilling for oil, precision tubes, and , pipes and hollow profiles, straight and of uniform wall-thickness, containing by weight >= 0,9% but <= 1,15% carbon and >= 0,5% but <= 2% chrome, whether or not containing by weight <= 0,5% molybdenum)"
73045189,H)(1,,0.394,"Tubes, pipes and hollow profiles, seamless, of circular cross-section, of alloy steel other than stainless, not cold-drawn or cold-rolled ""cold-reduced"" (excl. line pipe of a kind used for oil or gas pipelines, casing and tubing of a kind used for drilling for oil, precision tubes, and , pipes and hollow profiles, straight and of uniform wall-thickness, containing by weight >= 0,9% but <= 1,15% carbon and >= 0,5% but <= 2% chrome, whether or not containing by weight <= 0,5% molybdenum)"
73045189,J)(1,,0.934,"Tubes, pipes and hollow profiles, seamless, of circular cross-section, of alloy steel other than stainless, not cold-drawn or cold-rolled ""cold-reduced"" (excl. line pipe of a kind used for oil or gas pipelines, casing and tubing of a kind used for drilling for oil, precision tubes, and , pipes and hollow profiles, straight and of uniform wall-thickness, containing by weight >= 0,9% but <= 1,15% carbon and >= 0,5% but <= 2% chrome, whether or not containing by weight <= 0,5% molybdenum)"
73045189,F)(2,,1.394,"Tubes, pipes and hollow profiles, seamless, of circular cross-section, of alloy steel other than stainless, not cold-drawn or cold-rolled ""cold-reduced"" (excl. line pipe of a kind used for oil or gas pipelines, casing and tubing of a kind used for drilling for oil, precision tubes, and , pipes and hollow profiles, straight and of uniform wall-thickness, containing by weight >= 0,9% but <= 1,15% carbon and >= 0,5% but <= 2% chrome, whether or not containing by weight <= 0,5% molybdenum)"
73045189,G)(2,,0.723,"Tubes, pipes and hollow profiles, seamless, of circular cross-section, of alloy steel other than stainless, not cold-drawn or cold-rolled ""cold-reduced"" (excl. line pipe of a kind used for oil or gas pipelines, casing and tubing of a kind used for drilling for oil, precision tubes, and , pipes and hollow profiles, straight and of uniform wall-thickness, containing by weight >= 0,9% but <= 1,15% carbon and >= 0,5% but <= 2% chrome, whether or not containing by weight <= 0,5% molybdenum)"
73045189,H)(2,,0.381,"Tubes, pipes and hollow profiles, seamless, of circular cross-section, of alloy steel other than stainless, not cold-drawn or cold-rolled ""cold-reduced"" (excl. line pipe of a kind used for oil or gas pipelines, casing and tubing of a kind used for drilling for oil, precision tubes, and , pipes and hollow profiles, straight and of uniform wall-thickness, containing by weight >= 0,9% but <= 1,15% carbon and >= 0,5% but <= 2% chrome, whether or not containing by weight <= 0,5% molybdenum)"
73045189,J)(2,,0.902,"Tubes, pipes and hollow profiles, seamless, of circular cross-section, of alloy steel other than stainless, not cold-drawn or cold-rolled ""cold-reduced"" (excl. line pipe of a kind used for oil or gas pipelines, casing and tubing of a kind used for drilling for oil, precision tubes, and , pipes and hollow profiles, straight and of uniform wall-thickness, containing by weight >= 0,9% but <= 1,15% carbon and >= 0,5% but <= 2% chrome, whether or not containing by weight <= 0,5% molybdenum)"
73045930,C,0.057,1.383,"Tubes, pipes and hollow profiles of alloy steel (excl. stainless), seamless, of circular cross-section (not cold-drawn or cold-rolled), straight and of uniform wall-thickness, containing by weight >= 0,9% but <= 1,15% carbon and >= 0,5% but <= 2% chromium, whether or not containing by weight <= 0,5% molybdenum (excl. tubes, pipes and hollow profiles of subheadings 7304 19 to 7304 29)"
73045930,D,,0.494,"Tubes, pipes and hollow profiles of alloy steel (excl. stainless), seamless, of circular cross-section (not cold-drawn or cold-rolled), straight and of uniform wall-thickness, containing by weight >= 0,9% but <= 1,15% carbon and >= 0,5% but <= 2% chromium, whether or not containing by weight <= 0,5% molybdenum (excl. tubes, pipes and hollow profiles of subheadings 7304 19 to 7304 29)"
73045930,E,,0.085,"Tubes, pipes and hollow profiles of alloy steel (excl. stainless), seamless, of circular cross-section (not cold-drawn or cold-rolled), straight and of uniform wall-thickness, containing by weight >= 0,9% but <= 1,15% carbon and >= 0,5% but <= 2% chromium, whether or not containing by weight <= 0,5% molybdenum (excl. tubes, pipes and hollow profiles of subheadings 7304 19 to 7304 29)"
73045982,F)(1,0.057,1.561,"Tubes, pipes and hollow profiles, seamless, of circular cross-section, of alloy steel other than stainless, of an external diameter of <= 168,3 mm (excl. cold-drawn or cold-rolled, line pipe of a kind used for oil or gas pipelines, casing and tubing of a kind used for drilling for oil or gas, and products of subheading 7304 59 30)"
73045982,G)(1,,0.736,"Tubes, pipes and hollow profiles, seamless, of circular cross-section, of alloy steel other than stainless, of an external diameter of <= 168,3 mm (excl. cold-drawn or cold-rolled, line pipe of a kind used for oil or gas pipelines, casing and tubing of a kind used for drilling for oil or gas, and products of subheading 7304 59 30)"
73045982,H)(1,,0.394,"Tubes, pipes and hollow profiles, seamless, of circular cross-section, of alloy steel other than stainless, of an external diameter of <= 168,3 mm (excl. cold-drawn or cold-rolled, line pipe of a kind used for oil or gas pipelines, casing and tubing of a kind used for drilling for oil or gas, and products of subheading 7304 59 30)"
73045982,J)(1,,0.934,"Tubes, pipes and hollow profiles, seamless, of circular cross-section, of alloy steel other than stainless, of an external diameter of <= 168,3 mm (excl. cold-drawn or cold-rolled, line pipe of a kind used for oil or gas pipelines, casing and tubing of a kind used for drilling for oil or gas, and products of subheading 7304 59 30)"
73045982,F)(2,,1.394,"Tubes, pipes and hollow profiles, seamless, of circular cross-section, of alloy steel other than stainless, of an external diameter of <= 168,3 mm (excl. cold-drawn or cold-rolled, line pipe of a kind used for oil or gas pipelines, casing and tubing of a kind used for drilling for oil or gas, and products of subheading 7304 59 30)"
73045982,G)(2,,0.723,"Tubes, pipes and hollow profiles, seamless, of circular cross-section, of alloy steel other than stainless, of an external diameter of <= 168,3 mm (excl. cold-drawn or cold-rolled, line pipe of a kind used for oil or gas pipelines, casing and tubing of a kind used for drilling for oil or gas, and products of subheading 7304 59 30)"
73045982,H)(2,,0.381,"Tubes, pipes and hollow profiles, seamless, of circular cross-section, of alloy steel other than stainless, of an external diameter of <= 168,3 mm (excl. cold-drawn or cold-rolled, line pipe of a kind used for oil or gas pipelines, casing and tubing of a kind used for drilling for oil or gas, and products of subheading 7304 59 30)"
73045982,J)(2,,0.902,"Tubes, pipes and hollow profiles, seamless, of circular cross-section, of alloy steel other than stainless, of an external diameter of <= 168,3 mm (excl. cold-drawn or cold-rolled, line pipe of a kind used for oil or gas pipelines, casing and tubing of a kind used for drilling for oil or gas, and products of subheading 7304 59 30)"
73045983,F)(1,0.057,1.561,"Tubes, pipes and hollow profiles, seamless, of circular cross-section, of alloy steel other than stainless, of an external diameter of > 168,3 mm but <= 406,4 mm (excl. cold-drawn or cold-rolled, line pipe of a kind used for oil or gas pipelines, casing and tubing of a kind used for drilling for oil or gas, and products of subheading 7304 59 30)"
73045983,G)(1,,0.736,"Tubes, pipes and hollow profiles, seamless, of circular cross-section, of alloy steel other than stainless, of an external diameter of > 168,3 mm but <= 406,4 mm (excl. cold-drawn or cold-rolled, line pipe of a kind used for oil or gas pipelines, casing and tubing of a kind used for drilling for oil or gas, and products of subheading 7304 59 30)"
73045983,H)(1,,0.394,"Tubes, pipes and hollow profiles, seamless, of circular cross-section, of alloy steel other than stainless, of an external diameter of > 168,3 mm but <= 406,4 mm (excl. cold-drawn or cold-rolled, line pipe of a kind used for oil or gas pipelines, casing and tubing of a kind used for drilling for oil or gas, and products of subheading 7304 59 30)"
73045983,J)(1,,0.934,"Tubes, pipes and hollow profiles, seamless, of circular cross-section, of alloy steel other than stainless, of an external diameter of > 168,3 mm but <= 406,4 mm (excl. cold-drawn or cold-rolled, line pipe of a kind used for oil or gas pipelines, casing and tubing of a kind used for drilling for oil or gas, and products of subheading 7304 59 30)"
73045983,F)(2,,1.394,"Tubes, pipes and hollow profiles, seamless, of circular cross-section, of alloy steel other than stainless, of an external diameter of > 168,3 mm but <= 406,4 mm (excl. cold-drawn or cold-rolled, line pipe of a kind used for oil or gas pipelines, casing and tubing of a kind used for drilling for oil or gas, and products of subheading 7304 59 30)"
73045983,G)(2,,0.723,"Tubes, pipes and hollow profiles, seamless, of circular cross-section, of alloy steel other than stainless, of an external diameter of > 168,3 mm but <= 406,4 mm (excl. cold-drawn or cold-rolled, line pipe of a kind used for oil or gas pipelines, casing and tubing of a kind used for drilling for oil or gas, and products of subheading 7304 59 30)"
73045983,H)(2,,0.381,"Tubes, pipes and hollow profiles, seamless, of circular cross-section, of alloy steel other than stainless, of an external diameter of > 168,3 mm but <= 406,4 mm (excl. cold-drawn or cold-rolled, line pipe of a kind used for oil or gas pipelines, casing and tubing of a kind used for drilling for oil or gas, and products of subheading 7304 59 30)"
73045983,J)(2,,0.902,"Tubes, pipes and hollow profiles, seamless, of circular cross-section, of alloy steel other than stainless, of an external diameter of > 168,3 mm but <= 406,4 mm (excl. cold-drawn or cold-rolled, line pipe of a kind used for oil or gas pipelines, casing and tubing of a kind used for drilling for oil or gas, and products of subheading 7304 59 30)"
73045989,F)(1,0.057,1.561,"Tubes, pipes and hollow profiles, seamless, of circular cross-section, of alloy steel other than stainless, of an external diameter of > 406,4 mm (excl. cold-drawn or cold-rolled, line pipe of a kind used for oil or gas pipelines, casing and tubing of a kind used for drilling for oil or gas, and products of subheading 7304 59 30)"
73045989,G)(1,,0.736,"Tubes, pipes and hollow profiles, seamless, of circular cross-section, of alloy steel other than stainless, of an external diameter of > 406,4 mm (excl. cold-drawn or cold-rolled, line pipe of a kind used for oil or gas pipelines, casing and tubing of a kind used for drilling for oil or gas, and products of subheading 7304 59 30)"
73045989,H)(1,,0.394,"Tubes, pipes and hollow profiles, seamless, of circular cross-section, of alloy steel other than stainless, of an external diameter of > 406,4 mm (excl. cold-drawn or cold-rolled, line pipe of a kind used for oil or gas pipelines, casing and tubing of a kind used for drilling for oil or gas, and products of subheading 7304 59 30)"
73045989,J)(1,,0.934,"Tubes, pipes and hollow profiles, seamless, of circular cross-section, of alloy steel other than stainless, of an external diameter of > 406,4 mm (excl. cold-drawn or cold-rolled, line pipe of a kind used for oil or gas pipelines, casing and tubing of a kind used for drilling for oil or gas, and products of subheading 7304 59 30)"
73045989,F)(2,,1.394,"Tubes, pipes and hollow profiles, seamless, of circular cross-section, of alloy steel other than stainless, of an external diameter of > 406,4 mm (excl. cold-drawn or cold-rolled, line pipe of a kind used for oil or gas pipelines, casing and tubing of a kind used for drilling for oil or gas, and products of subheading 7304 59 30)"
73045989,G)(2,,0.723,"Tubes, pipes and hollow profiles, seamless, of circular cross-section, of alloy steel other than stainless, of an external diameter of > 406,4 mm (excl. cold-drawn or cold-rolled, line pipe of a kind used for oil or gas pipelines, casing and tubing of a kind used for drilling for oil or gas, and products of subheading 7304 59 30)"
73045989,H)(2,,0.381,"Tubes, pipes and hollow profiles, seamless, of circular cross-section, of alloy steel other than stainless, of an external diameter of > 406,4 mm (excl. cold-drawn or cold-rolled, line pipe of a kind used for oil or gas pipelines, casing and tubing of a kind used for drilling for oil or gas, and products of subheading 7304 59 30)"
73045989,J)(2,,0.902,"Tubes, pipes and hollow profiles, seamless, of circular cross-section, of alloy steel other than stainless, of an external diameter of > 406,4 mm (excl. cold-drawn or cold-rolled, line pipe of a kind used for oil or gas pipelines, casing and tubing of a kind used for drilling for oil or gas, and products of subheading 7304 59 30)"
73049000,C,0.057,1.383,"Tubes, pipes and hollow profiles, seamless, of non-circular cross-section, of iron or steel (excl. products of cast iron)"
73049000,D,,0.494,"Tubes, pipes and hollow profiles, seamless, of non-circular cross-section, of iron or steel (excl. products of cast iron)"
73049000,E,,0.085,"Tubes, pipes and hollow profiles, seamless, of non-circular cross-section, of iron or steel (excl. products of cast iron)"
73051100,C,0.079,1.458,"Line pipe of a kind used for oil or gas pipelines, having circular cross-sections and an external diameter of > 406,4 mm, of iron or steel, longitudinally submerged arc welded"
73051100,D,,0.533,"Line pipe of a kind used for oil or gas pipelines, having circular cross-sections and an external diameter of > 406,4 mm, of iron or steel, longitudinally submerged arc welded"
73051100,E,,0.108,"Line pipe of a kind used for oil or gas pipelines, having circular cross-sections and an external diameter of > 406,4 mm, of iron or steel, longitudinally submerged arc welded"
73051200,C,0.079,1.458,"Line pipe of a kind used for oil or gas pipelines, having circular cross-sections and an external diameter of > 406,4 mm, of iron or steel, longitudinally arc welded (excl. products longitudinally submerged arc welded)"
73051200,D,,0.533,"Line pipe of a kind used for oil or gas pipelines, having circular cross-sections and an external diameter of > 406,4 mm, of iron or steel, longitudinally arc welded (excl. products longitudinally submerged arc welded)"
73051200,E,,0.108,"Line pipe of a kind used for oil or gas pipelines, having circular cross-sections and an external diameter of > 406,4 mm, of iron or steel, longitudinally arc welded (excl. products longitudinally submerged arc welded)"
73051900,C,0.079,1.458,"Line pipe of a kind used for oil or gas pipelines, having circular cross-sections and an external diameter of > 406,4 mm, of flat-rolled products of iron or steel (excl. products longitudinally arc welded)"
73051900,D,,0.533,"Line pipe of a kind used for oil or gas pipelines, having circular cross-sections and an external diameter of > 406,4 mm, of flat-rolled products of iron or steel (excl. products longitudinally arc welded)"
73051900,E,,0.108,"Line pipe of a kind used for oil or gas pipelines, having circular cross-sections and an external diameter of > 406,4 mm, of flat-rolled products of iron or steel (excl. products longitudinally arc welded)"
73052000,C,0.079,1.458,"Casing of a kind used in drilling for oil or gas, having circular cross-sections and an external diameter of > 406,4 mm, of flat-rolled products of iron or steel"
73052000,D,,0.533,"Casing of a kind used in drilling for oil or gas, having circular cross-sections and an external diameter of > 406,4 mm, of flat-rolled products of iron or steel"
73052000,E,,0.108,"Casing of a kind used in drilling for oil or gas, having circular cross-sections and an external diameter of > 406,4 mm, of flat-rolled products of iron or steel"
73053100,C,0.079,1.458,"Tubes and pipes having circular cross-sections and an external diameter of > 406,4 mm, of iron or steel, longitudinally welded (excl. products of a kind used for oil or gas pipelines or of a kind used in drilling for oil or gas)"
73053100,D,,0.533,"Tubes and pipes having circular cross-sections and an external diameter of > 406,4 mm, of iron or steel, longitudinally welded (excl. products of a kind used for oil or gas pipelines or of a kind used in drilling for oil or gas)"
73053100,E,,0.108,"Tubes and pipes having circular cross-sections and an external diameter of > 406,4 mm, of iron or steel, longitudinally welded (excl. products of a kind used for oil or gas pipelines or of a kind used in drilling for oil or gas)"
73053900,C,0.079,1.458,"Tubes and pipes having circular cross-sections and an external diameter of > 406,4 mm, of iron or steel, welded (excl. products longitudinally welded or of a kind used for oil or gas pipelines or of a kind used in drilling for oil or gas)"
73053900,D,,0.533,"Tubes and pipes having circular cross-sections and an external diameter of > 406,4 mm, of iron or steel, welded (excl. products longitudinally welded or of a kind used for oil or gas pipelines or of a kind used in drilling for oil or gas)"
73053900,E,,0.108,"Tubes and pipes having circular cross-sections and an external diameter of > 406,4 mm, of iron or steel, welded (excl. products longitudinally welded or of a kind used for oil or gas pipelines or of a kind used in drilling for oil or gas)"
73059000,C,0.079,1.458,"Tubes and pipes having circular cross-sections and an external diameter of > 406,4 mm, of flat-rolled products of iron or steel, welded (excl. welded products or products of a kind used for oil or gas pipelines or of a kind used in drilling for oil or gas)"
73059000,D,,0.533,"Tubes and pipes having circular cross-sections and an external diameter of > 406,4 mm, of flat-rolled products of iron or steel, welded (excl. welded products or products of a kind used for oil or gas pipelines or of a kind used in drilling for oil or gas)"
73059000,E,,0.108,"Tubes and pipes having circular cross-sections and an external diameter of > 406,4 mm, of flat-rolled products of iron or steel, welded (excl. welded products or products of a kind used for oil or gas pipelines or of a kind used in drilling for oil or gas)"
73061100,1,0.109,1.27,"Line pipe of a kind used for oil or gas pipelines, welded, of flat-rolled products of stainless steel, of an external diameter of <= 406,4 mm"
73061100,2,,1.23,"Line pipe of a kind used for oil or gas pipelines, welded, of flat-rolled products of stainless steel, of an external diameter of <= 406,4 mm"
73061900,C,0.079,1.458,"Line pipe of a kind used for oil or gas pipelines, welded, of flat-rolled products of iron or steel, of an external diameter of <= 406,4 mm (excl. products of stainless steel or of cast iron)"
73061900,D,,0.533,"Line pipe of a kind used for oil or gas pipelines, welded, of flat-rolled products of iron or steel, of an external diameter of <= 406,4 mm (excl. products of stainless steel or of cast iron)"
73061900,E,,0.108,"Line pipe of a kind used for oil or gas pipelines, welded, of flat-rolled products of iron or steel, of an external diameter of <= 406,4 mm (excl. products of stainless steel or of cast iron)"
73062100,1,0.109,1.27,"Casing and tubing of a kind used in drilling for oil or gas, welded, of flat-rolled products of stainless steel, of an external diameter of <= 406,4 mm"
73062100,2,,1.23,"Casing and tubing of a kind used in drilling for oil or gas, welded, of flat-rolled products of stainless steel, of an external diameter of <= 406,4 mm"
73062900,C,0.079,1.458,"Casing and tubing of a kind used in drilling for oil or gas, welded, of flat-rolled products of iron or steel, of an external diameter of <= 406,4 mm (excl. products of stainless steel or of cast iron)"
73062900,D,,0.533,"Casing and tubing of a kind used in drilling for oil or gas, welded, of flat-rolled products of iron or steel, of an external diameter of <= 406,4 mm (excl. products of stainless steel or of cast iron)"
73062900,E,,0.108,"Casing and tubing of a kind used in drilling for oil or gas, welded, of flat-rolled products of iron or steel, of an external diameter of <= 406,4 mm (excl. products of stainless steel or of cast iron)"
73063012,C,0.079,1.458,"Precision tubes, welded, of circular cross-section, of iron or non-alloy steel, cold-drawn or cold-rolled ""cold-reduced"""
73063012,D,,0.533,"Precision tubes, welded, of circular cross-section, of iron or non-alloy steel, cold-drawn or cold-rolled ""cold-reduced"""
73063012,E,,0.108,"Precision tubes, welded, of circular cross-section, of iron or non-alloy steel, cold-drawn or cold-rolled ""cold-reduced"""
73063018,C,0.044,1.37,"Precision tubes, welded, of circular cross-section, of iron or non-alloy steel (excl. cold-drawn or cold-rolled)"
73063018,D,,0.481,"Precision tubes, welded, of circular cross-section, of iron or non-alloy steel (excl. cold-drawn or cold-rolled)"
73063018,E,,0.072,"Precision tubes, welded, of circular cross-section, of iron or non-alloy steel (excl. cold-drawn or cold-rolled)"
73063041,C,0.112,1.491,"Threaded or threadable tubes ""gas pipe"", welded, of circular cross-section, of iron or non-alloy steel, plated or coated with zinc"
73063041,D,,0.567,"Threaded or threadable tubes ""gas pipe"", welded, of circular cross-section, of iron or non-alloy steel, plated or coated with zinc"
73063041,E,,0.141,"Threaded or threadable tubes ""gas pipe"", welded, of circular cross-section, of iron or non-alloy steel, plated or coated with zinc"
73063049,C,0.112,1.491,"Threaded or threadable tubes ""gas pipe"", welded, of circular cross-section, of iron or non-alloy steel (excl. products plated or coated with zinc)"
73063049,D,,0.567,"Threaded or threadable tubes ""gas pipe"", welded, of circular cross-section, of iron or non-alloy steel (excl. products plated or coated with zinc)"
73063049,E,,0.141,"Threaded or threadable tubes ""gas pipe"", welded, of circular cross-section, of iron or non-alloy steel (excl. products plated or coated with zinc)"
73063072,C,0.112,1.491,"Other tubes, pipes and hollow profiles, welded, of circular cross-section, of iron or non-alloy steel, of an external diameter of <= 168,3 mm, plated or coated with zinc (excl. line pipe of a kind used for oil or gas pipelines or casing and tubingof a kind used in drilling for oil or gas)"
73063072,D,,0.567,"Other tubes, pipes and hollow profiles, welded, of circular cross-section, of iron or non-alloy steel, of an external diameter of <= 168,3 mm, plated or coated with zinc (excl. line pipe of a kind used for oil or gas pipelines or casing and tubingof a kind used in drilling for oil or gas)"
73063072,E,,0.141,"Other tubes, pipes and hollow profiles, welded, of circular cross-section, of iron or non-alloy steel, of an external diameter of <= 168,3 mm, plated or coated with zinc (excl. line pipe of a kind used for oil or gas pipelines or casing and tubingof a kind used in drilling for oil or gas)"
73063077,C,0.112,1.491,"Other tubes, pipes and hollow profiles, welded, of circular cross-section, of iron or non-alloy steel of an external diameter of <= 168,3 mm (excl. plated or coated with zinc and line pipe of a kind used for oil or gas pipelines, casing and tubing of a kind used in drilling for oil or gas, precision tubes and threaded or threadable tubes ""gas pipe"")"
73063077,D,,0.567,"Other tubes, pipes and hollow profiles, welded, of circular cross-section, of iron or non-alloy steel of an external diameter of <= 168,3 mm (excl. plated or coated with zinc and line pipe of a kind used for oil or gas pipelines, casing and tubing of a kind used in drilling for oil or gas, precision tubes and threaded or threadable tubes ""gas pipe"")"
73063077,E,,0.141,"Other tubes, pipes and hollow profiles, welded, of circular cross-section, of iron or non-alloy steel of an external diameter of <= 168,3 mm (excl. plated or coated with zinc and line pipe of a kind used for oil or gas pipelines, casing and tubing of a kind used in drilling for oil or gas, precision tubes and threaded or threadable tubes ""gas pipe"")"
73063080,C,0.112,1.491,"Tubes, pipes and hollow profiles, welded, having a circular cross-section, of iron or steel, of an external diameter of > 168,3 mm but <= 406,4 mm (excl. line pipe of a kind used for oil or gas pipelines or casing and tubing of a kind used in drilling for oil or gas, or precision steel tubes, electrical conduit tubes or threaded or threadable tubes ""gas pipe"")"
73063080,D,,0.567,"Tubes, pipes and hollow profiles, welded, having a circular cross-section, of iron or steel, of an external diameter of > 168,3 mm but <= 406,4 mm (excl. line pipe of a kind used for oil or gas pipelines or casing and tubing of a kind used in drilling for oil or gas, or precision steel tubes, electrical conduit tubes or threaded or threadable tubes ""gas pipe"")"
73063080,E,,0.141,"Tubes, pipes and hollow profiles, welded, having a circular cross-section, of iron or steel, of an external diameter of > 168,3 mm but <= 406,4 mm (excl. line pipe of a kind used for oil or gas pipelines or casing and tubing of a kind used in drilling for oil or gas, or precision steel tubes, electrical conduit tubes or threaded or threadable tubes ""gas pipe"")"
73064020,1,0.109,1.27,"Tubes, pipes and hollow profiles, welded, of circular cross-section, of stainless steel, cold-drawn or cold-rolled ""cold-reduced"" (excl. products having internal and external circular cross-sections and an external diameter of > 406,4 mm, and line pipe of a kind used for oil or gas pipelines or casing and tubing of a kind used in drilling for oil or gas)"
73064020,2,,1.23,"Tubes, pipes and hollow profiles, welded, of circular cross-section, of stainless steel, cold-drawn or cold-rolled ""cold-reduced"" (excl. products having internal and external circular cross-sections and an external diameter of > 406,4 mm, and line pipe of a kind used for oil or gas pipelines or casing and tubing of a kind used in drilling for oil or gas)"
73064080,1,0.073,1.189,"Tubes, pipes and hollow profiles, welded, of circular cross-section, of stainless steel (excl. products cold-drawn or cold-rolled ""cold-reduced"", tubes and pipes having internal and external circular cross-sections and an external diameter of > 406,4 mm, and line pipe of a kind used for oil or gas pipelines or casing and tubing of a kind used in drilling for oil or gas)"
73064080,2,,1.151,"Tubes, pipes and hollow profiles, welded, of circular cross-section, of stainless steel (excl. products cold-drawn or cold-rolled ""cold-reduced"", tubes and pipes having internal and external circular cross-sections and an external diameter of > 406,4 mm, and line pipe of a kind used for oil or gas pipelines or casing and tubing of a kind used in drilling for oil or gas)"
73065021,F)(1,0.109,1.673,"Precision steel tubes, welded, of circular cross-section, of alloy steel other than stainless, cold-drawn or cold-rolled ""cold-reduced"""
73065021,G)(1,,0.815,"Precision steel tubes, welded, of circular cross-section, of alloy steel other than stainless, cold-drawn or cold-rolled ""cold-reduced"""
73065021,H)(1,,0.46,"Precision steel tubes, welded, of circular cross-section, of alloy steel other than stainless, cold-drawn or cold-rolled ""cold-reduced"""
73065021,J)(1,,1.021,"Precision steel tubes, welded, of circular cross-section, of alloy steel other than stainless, cold-drawn or cold-rolled ""cold-reduced"""
73065021,F)(2,,1.499,"Precision steel tubes, welded, of circular cross-section, of alloy steel other than stainless, cold-drawn or cold-rolled ""cold-reduced"""
73065021,G)(2,,0.801,"Precision steel tubes, welded, of circular cross-section, of alloy steel other than stainless, cold-drawn or cold-rolled ""cold-reduced"""
73065021,H)(2,,0.446,"Precision steel tubes, welded, of circular cross-section, of alloy steel other than stainless, cold-drawn or cold-rolled ""cold-reduced"""
73065021,J)(2,,0.987,"Precision steel tubes, welded, of circular cross-section, of alloy steel other than stainless, cold-drawn or cold-rolled ""cold-reduced"""
73065029,F)(1,0.073,1.577,"Precision steel tubes, welded, of circular cross-section, of alloy steel other than stainless (excl. cold-drawn or cold-rolled)"
73065029,G)(1,,0.752,"Precision steel tubes, welded, of circular cross-section, of alloy steel other than stainless (excl. cold-drawn or cold-rolled)"
73065029,H)(1,,0.41,"Precision steel tubes, welded, of circular cross-section, of alloy steel other than stainless (excl. cold-drawn or cold-rolled)"
73065029,J)(1,,0.95,"Precision steel tubes, welded, of circular cross-section, of alloy steel other than stainless (excl. cold-drawn or cold-rolled)"
73065029,F)(2,,1.409,"Precision steel tubes, welded, of circular cross-section, of alloy steel other than stainless (excl. cold-drawn or cold-rolled)"
73065029,G)(2,,0.739,"Precision steel tubes, welded, of circular cross-section, of alloy steel other than stainless (excl. cold-drawn or cold-rolled)"
73065029,H)(2,,0.397,"Precision steel tubes, welded, of circular cross-section, of alloy steel other than stainless (excl. cold-drawn or cold-rolled)"
73065029,J)(2,,0.918,"Precision steel tubes, welded, of circular cross-section, of alloy steel other than stainless (excl. cold-drawn or cold-rolled)"
73065080,F)(1,0.109,1.673,"Tubes, pipes and hollow profiles, welded, of circular cross-section, of alloy steel other than stainless (excl. tubes and pipes having internal and external circular cross-sections and an external diameter of > 406,4 mm, and line pipe of a kind used for oil or gas pipelines or casing and tubing of a kind used in drilling for oil or gas, and precision steel tubes)"
73065080,G)(1,,0.815,"Tubes, pipes and hollow profiles, welded, of circular cross-section, of alloy steel other than stainless (excl. tubes and pipes having internal and external circular cross-sections and an external diameter of > 406,4 mm, and line pipe of a kind used for oil or gas pipelines or casing and tubing of a kind used in drilling for oil or gas, and precision steel tubes)"
73065080,H)(1,,0.46,"Tubes, pipes and hollow profiles, welded, of circular cross-section, of alloy steel other than stainless (excl. tubes and pipes having internal and external circular cross-sections and an external diameter of > 406,4 mm, and line pipe of a kind used for oil or gas pipelines or casing and tubing of a kind used in drilling for oil or gas, and precision steel tubes)"
73065080,J)(1,,1.021,"Tubes, pipes and hollow profiles, welded, of circular cross-section, of alloy steel other than stainless (excl. tubes and pipes having internal and external circular cross-sections and an external diameter of > 406,4 mm, and line pipe of a kind used for oil or gas pipelines or casing and tubing of a kind used in drilling for oil or gas, and precision steel tubes)"
73065080,F)(2,,1.499,"Tubes, pipes and hollow profiles, welded, of circular cross-section, of alloy steel other than stainless (excl. tubes and pipes having internal and external circular cross-sections and an external diameter of > 406,4 mm, and line pipe of a kind used for oil or gas pipelines or casing and tubing of a kind used in drilling for oil or gas, and precision steel tubes)"
73065080,G)(2,,0.801,"Tubes, pipes and hollow profiles, welded, of circular cross-section, of alloy steel other than stainless (excl. tubes and pipes having internal and external circular cross-sections and an external diameter of > 406,4 mm, and line pipe of a kind used for oil or gas pipelines or casing and tubing of a kind used in drilling for oil or gas, and precision steel tubes)"
73065080,H)(2,,0.446,"Tubes, pipes and hollow profiles, welded, of circular cross-section, of alloy steel other than stainless (excl. tubes and pipes having internal and external circular cross-sections and an external diameter of > 406,4 mm, and line pipe of a kind used for oil or gas pipelines or casing and tubing of a kind used in drilling for oil or gas, and precision steel tubes)"
73065080,J)(2,,0.987,"Tubes, pipes and hollow profiles, welded, of circular cross-section, of alloy steel other than stainless (excl. tubes and pipes having internal and external circular cross-sections and an external diameter of > 406,4 mm, and line pipe of a kind used for oil or gas pipelines or casing and tubing of a kind used in drilling for oil or gas, and precision steel tubes)"
73066110,1,0.109,1.27,"Tubes and pipes and hollow profiles, welded, of square or rectangular cross-section, of stainless steel"
73066110,2,,1.23,"Tubes and pipes and hollow profiles, welded, of square or rectangular cross-section, of stainless steel"
73066192,C,0.112,1.491,"Tubes and pipes and hollow profiles, welded, of square or rectangular cross-section, of iron or steel other than stainless steel, with a wall thickness of <= 2 mm"
73066192,D,,0.567,"Tubes and pipes and hollow profiles, welded, of square or rectangular cross-section, of iron or steel other than stainless steel, with a wall thickness of <= 2 mm"
73066192,E,,0.141,"Tubes and pipes and hollow profiles, welded, of square or rectangular cross-section, of iron or steel other than stainless steel, with a wall thickness of <= 2 mm"
73066199,C,0.112,1.491,"Tubes and pipes and hollow profiles, welded, of square or rectangular cross-section, of iron or steel other than stainless steel, with a wall thickness of > 2 mm"
73066199,D,,0.567,"Tubes and pipes and hollow profiles, welded, of square or rectangular cross-section, of iron or steel other than stainless steel, with a wall thickness of > 2 mm"
73066199,E,,0.141,"Tubes and pipes and hollow profiles, welded, of square or rectangular cross-section, of iron or steel other than stainless steel, with a wall thickness of > 2 mm"
73066910,1,0.109,1.27,"Tubes, pipes and hollow profiles, welded, of non-circular cross-section, of stainless steel (excl. tubes and pipes having internal and external circular cross-sections and an external diameter of > 406,4 mm, line pipe of a kind used for oil or gas pipelines or casing and tubing of a kind used in drilling for oil or gas, and tubes and pipes and hollow profiles of square or rectangular cross-section)"
73066910,2,,1.23,"Tubes, pipes and hollow profiles, welded, of non-circular cross-section, of stainless steel (excl. tubes and pipes having internal and external circular cross-sections and an external diameter of > 406,4 mm, line pipe of a kind used for oil or gas pipelines or casing and tubing of a kind used in drilling for oil or gas, and tubes and pipes and hollow profiles of square or rectangular cross-section)"
73066990,C,0.112,1.491,"Tubes, pipes and hollow profiles, welded, of non-circular cross-section, of iron or steel other than stainless steel (excl. tubes and pipes having internal and external circular cross-sections and an external diameter of > 406,4 mm, line pipe of a kind used for oil or gas pipelines or casing and tubing of a kind used in drilling for oil or gas, and tubes and pipes and hollow profiles of square or rectangular cross-section)"
73066990,D,,0.567,"Tubes, pipes and hollow profiles, welded, of non-circular cross-section, of iron or steel other than stainless steel (excl. tubes and pipes having internal and external circular cross-sections and an external diameter of > 406,4 mm, line pipe of a kind used for oil or gas pipelines or casing and tubing of a kind used in drilling for oil or gas, and tubes and pipes and hollow profiles of square or rectangular cross-section)"
73066990,E,,0.141,"Tubes, pipes and hollow profiles, welded, of non-circular cross-section, of iron or steel other than stainless steel (excl. tubes and pipes having internal and external circular cross-sections and an external diameter of > 406,4 mm, line pipe of a kind used for oil or gas pipelines or casing and tubing of a kind used in drilling for oil or gas, and tubes and pipes and hollow profiles of square or rectangular cross-section)"
73069000,C,0.112,1.491,"Tubes, pipes and hollow profiles ""e.g., open seam, riveted or similarly closed"", of iron or steel (excl. of cast iron, seamless or welded tubes and pipes and tubes and pipes having internal and external circular cross-sections and an external diameter of > 406,4 mm)"
73069000,D,,0.567,"Tubes, pipes and hollow profiles ""e.g., open seam, riveted or similarly closed"", of iron or steel (excl. of cast iron, seamless or welded tubes and pipes and tubes and pipes having internal and external circular cross-sections and an external diameter of > 406,4 mm)"
73069000,E,,0.141,"Tubes, pipes and hollow profiles ""e.g., open seam, riveted or similarly closed"", of iron or steel (excl. of cast iron, seamless or welded tubes and pipes and tubes and pipes having internal and external circular cross-sections and an external diameter of > 406,4 mm)"
73071110,,0.163,1.409,"Tube or pipe fittings of non-malleable cast iron, of a kind used in pressure systems"
73071190,,0.163,1.409,Tube or pipe fittings of non-malleable cast iron (excl. products of a kind used in pressure systems)
73071910,,0.163,1.409,Tube or pipe fittings of cast iron (excl. of non-malleable)
73071990,C,0.303,1.629,Cast tube or pipe fittings of steel
73071990,D,,0.74,Cast tube or pipe fittings of steel
73071990,E,,0.331,Cast tube or pipe fittings of steel
73072100,1,0.057,1.173,Flanges of stainless steel (excl. cast products)
73072100,2,,1.135,Flanges of stainless steel (excl. cast products)
73072210,1,0.057,1.173,"Sleeves, of stainless steel, threaded (excl. cast products)"
73072210,2,,1.135,"Sleeves, of stainless steel, threaded (excl. cast products)"
73072290,1,0.057,1.173,"Elbows and bends, of stainless steel, threaded (excl. cast products)"
73072290,2,,1.135,"Elbows and bends, of stainless steel, threaded (excl. cast products)"
73072310,1,0.057,1.173,Butt welding elbows and bends of stainless steel (excl. cast products)
73072310,2,,1.135,Butt welding elbows and bends of stainless steel (excl. cast products)
73072390,1,0.057,1.173,Butt welding tube or pipe fittings of stainless steel (excl. cast products and elbows and bends)
73072390,2,,1.135,Butt welding tube or pipe fittings of stainless steel (excl. cast products and elbows and bends)
73072910,1,0.057,1.173,"Threaded tube or pipe fittings of stainless steel (excl. cast products, flanges, elbows, bends and sleeves)"
73072910,2,,1.135,"Threaded tube or pipe fittings of stainless steel (excl. cast products, flanges, elbows, bends and sleeves)"
73072980,1,0.057,1.173,"Tube or pipe fittings of stainless steel (excl. cast, threaded, butt welding fittings and flanges)"
73072980,2,,1.135,"Tube or pipe fittings of stainless steel (excl. cast, threaded, butt welding fittings and flanges)"
73079100,C,0.057,1.383,Flanges of iron or steel (excl. cast or stainless products)
73079100,D,,0.494,Flanges of iron or steel (excl. cast or stainless products)
73079100,E,,0.085,Flanges of iron or steel (excl. cast or stainless products)
73079210,C,0.057,1.383,"Sleeves of iron or steel, threaded (excl. cast or of stainless steel)"
73079210,D,,0.494,"Sleeves of iron or steel, threaded (excl. cast or of stainless steel)"
73079210,E,,0.085,"Sleeves of iron or steel, threaded (excl. cast or of stainless steel)"
73079290,C,0.057,1.383,"Elbows and bends, of iron or steel, threaded (excl. cast or of stainless steel)"
73079290,D,,0.494,"Elbows and bends, of iron or steel, threaded (excl. cast or of stainless steel)"
73079290,E,,0.085,"Elbows and bends, of iron or steel, threaded (excl. cast or of stainless steel)"
73079311,C,0.057,1.383,"Butt welding elbows and bends, of iron or steel, with greatest external diameter <= 609,6 mm (excl. cast iron or stainless steel products)"
73079311,D,,0.494,"Butt welding elbows and bends, of iron or steel, with greatest external diameter <= 609,6 mm (excl. cast iron or stainless steel products)"
73079311,E,,0.085,"Butt welding elbows and bends, of iron or steel, with greatest external diameter <= 609,6 mm (excl. cast iron or stainless steel products)"
73079319,C,0.057,1.383,"Butt welding fittings of iron or steel, with greatest external diameter <= 609,6 mm (excl. cast iron or stainless steel products, elbows, bends and flanges)"
73079319,D,,0.494,"Butt welding fittings of iron or steel, with greatest external diameter <= 609,6 mm (excl. cast iron or stainless steel products, elbows, bends and flanges)"
73079319,E,,0.085,"Butt welding fittings of iron or steel, with greatest external diameter <= 609,6 mm (excl. cast iron or stainless steel products, elbows, bends and flanges)"
73079391,C,0.057,1.383,"Butt welding elbows and bends, of iron or steel, with greatest external diameter > 609,6 mm (excl. cast iron or stainless steel products)"
73079391,D,,0.494,"Butt welding elbows and bends, of iron or steel, with greatest external diameter > 609,6 mm (excl. cast iron or stainless steel products)"
73079391,E,,0.085,"Butt welding elbows and bends, of iron or steel, with greatest external diameter > 609,6 mm (excl. cast iron or stainless steel products)"
73079399,C,0.057,1.383,"Butt welding fittings of iron or steel, with greatest external diameter > 609,6 mm (excl. cast iron or stainless steel products, elbows, bends and flanges)"
73079399,D,,0.494,"Butt welding fittings of iron or steel, with greatest external diameter > 609,6 mm (excl. cast iron or stainless steel products, elbows, bends and flanges)"
73079399,E,,0.085,"Butt welding fittings of iron or steel, with greatest external diameter > 609,6 mm (excl. cast iron or stainless steel products, elbows, bends and flanges)"
73079910,C,0.057,1.383,"Threaded tube or pipe fittings, of iron or steel (excl. cast iron or stainless steel products, flanges, elbows, bends and sleeves)"
73079910,D,,0.494,"Threaded tube or pipe fittings, of iron or steel (excl. cast iron or stainless steel products, flanges, elbows, bends and sleeves)"
73079910,E,,0.085,"Threaded tube or pipe fittings, of iron or steel (excl. cast iron or stainless steel products, flanges, elbows, bends and sleeves)"
73079980,C,0.057,1.383,"Tube or pipe fittings, of iron or steel (excl. of cast iron or stainless steel, threaded, butt welding fittings, and flanges)"
73079980,D,,0.494,"Tube or pipe fittings, of iron or steel (excl. of cast iron or stainless steel, threaded, butt welding fittings, and flanges)"
73079980,E,,0.085,"Tube or pipe fittings, of iron or steel (excl. of cast iron or stainless steel, threaded, butt welding fittings, and flanges)"
73081000,C,0.112,1.491,"Bridges and bridge-sections, of iron or steel"
73081000,D,,0.567,"Bridges and bridge-sections, of iron or steel"
73081000,E,,0.141,"Bridges and bridge-sections, of iron or steel"
73082000,C,0.112,1.491,"Towers and lattice masts, of iron or steel"
73082000,D,,0.567,"Towers and lattice masts, of iron or steel"
73082000,E,,0.141,"Towers and lattice masts, of iron or steel"
73083000,C,0.112,1.491,"Doors, windows and their frames and thresholds for doors, of iron or steel"
73083000,D,,0.567,"Doors, windows and their frames and thresholds for doors, of iron or steel"
73083000,E,,0.141,"Doors, windows and their frames and thresholds for doors, of iron or steel"
73084000,C,0.112,1.491,"Equipment for scaffolding, shuttering, propping or pit-propping (excl. composite sheetpiling products and formwork panels for poured-in-place concrete, which have the characteristics of moulds)"
73084000,D,,0.567,"Equipment for scaffolding, shuttering, propping or pit-propping (excl. composite sheetpiling products and formwork panels for poured-in-place concrete, which have the characteristics of moulds)"
73084000,E,,0.141,"Equipment for scaffolding, shuttering, propping or pit-propping (excl. composite sheetpiling products and formwork panels for poured-in-place concrete, which have the characteristics of moulds)"
73089051,C,0.112,1.491,"Panels comprising two walls of profiled ""ribbed"" sheet, of iron or steel, with an insulating core"
73089051,D,,0.567,"Panels comprising two walls of profiled ""ribbed"" sheet, of iron or steel, with an insulating core"
73089051,E,,0.141,"Panels comprising two walls of profiled ""ribbed"" sheet, of iron or steel, with an insulating core"
73089059,C,0.112,1.491,"Structures and parts of structures, of iron or steel, solely or principally of sheet, n.e.s. (excl. doors and windows and their frames, and panels comprising two walls of profiled ""ribbed"" sheet, of iron or steel, with an insulating core)"
73089059,D,,0.567,"Structures and parts of structures, of iron or steel, solely or principally of sheet, n.e.s. (excl. doors and windows and their frames, and panels comprising two walls of profiled ""ribbed"" sheet, of iron or steel, with an insulating core)"
73089059,E,,0.141,"Structures and parts of structures, of iron or steel, solely or principally of sheet, n.e.s. (excl. doors and windows and their frames, and panels comprising two walls of profiled ""ribbed"" sheet, of iron or steel, with an insulating core)"
73089098,C,0.112,1.491,"Structures and parts of structures of iron or steel, n.e.s. (excl. bridges and bridge-sections; towers; lattice masts; doors, windows and their frames and thresholds; equipment for scaffolding, shuttering, propping or pit-propping, and products made principally of sheet)"
73089098,D,,0.567,"Structures and parts of structures of iron or steel, n.e.s. (excl. bridges and bridge-sections; towers; lattice masts; doors, windows and their frames and thresholds; equipment for scaffolding, shuttering, propping or pit-propping, and products made principally of sheet)"
73089098,E,,0.141,"Structures and parts of structures of iron or steel, n.e.s. (excl. bridges and bridge-sections; towers; lattice masts; doors, windows and their frames and thresholds; equipment for scaffolding, shuttering, propping or pit-propping, and products made principally of sheet)"
73090010,C,0.112,1.491,"Reservoirs, tanks, vats and similar containers, of iron or steel, for gases other than compressed or liquefied gas, of a capacity of > 300 l (excl. containers fitted with mechanical or thermal equipment and containers specifically constructed or equipped for one or more types of transport)"
73090010,D,,0.567,"Reservoirs, tanks, vats and similar containers, of iron or steel, for gases other than compressed or liquefied gas, of a capacity of > 300 l (excl. containers fitted with mechanical or thermal equipment and containers specifically constructed or equipped for one or more types of transport)"
73090010,E,,0.141,"Reservoirs, tanks, vats and similar containers, of iron or steel, for gases other than compressed or liquefied gas, of a capacity of > 300 l (excl. containers fitted with mechanical or thermal equipment and containers specifically constructed or equipped for one or more types of transport)"
73090030,C,0.112,1.491,"Reservoirs, tanks, vats and similar containers, of iron or steel, for liquids, lined or heat-insulated and of a capacity of > 300 l (excl. containers fitted with mechanical or thermal equipment and containers specifically constructed or equipped for one or more types of transport)"
73090030,D,,0.567,"Reservoirs, tanks, vats and similar containers, of iron or steel, for liquids, lined or heat-insulated and of a capacity of > 300 l (excl. containers fitted with mechanical or thermal equipment and containers specifically constructed or equipped for one or more types of transport)"
73090030,E,,0.141,"Reservoirs, tanks, vats and similar containers, of iron or steel, for liquids, lined or heat-insulated and of a capacity of > 300 l (excl. containers fitted with mechanical or thermal equipment and containers specifically constructed or equipped for one or more types of transport)"
73090051,C,0.112,1.491,"Reservoirs, tanks, vats and similar containers, of iron or steel, for liquids, of a capacity of > 100.000 l (excl. containers lined or heat-insulated or fitted with mechanical or thermal equipment and containers specifically constructed or equipped for one or more types of transport)"
73090051,D,,0.567,"Reservoirs, tanks, vats and similar containers, of iron or steel, for liquids, of a capacity of > 100.000 l (excl. containers lined or heat-insulated or fitted with mechanical or thermal equipment and containers specifically constructed or equipped for one or more types of transport)"
73090051,E,,0.141,"Reservoirs, tanks, vats and similar containers, of iron or steel, for liquids, of a capacity of > 100.000 l (excl. containers lined or heat-insulated or fitted with mechanical or thermal equipment and containers specifically constructed or equipped for one or more types of transport)"
73090059,C,0.112,1.491,"Reservoirs, tanks, vats and similar containers, of iron or steel, for liquids, of a capacity of <= 100.000 l but > 300 l (excl. containers lined or heat-insulated or fitted with mechanical or thermal equipment and containers specifically constructed or equipped for one or more types of transport)"
73090059,D,,0.567,"Reservoirs, tanks, vats and similar containers, of iron or steel, for liquids, of a capacity of <= 100.000 l but > 300 l (excl. containers lined or heat-insulated or fitted with mechanical or thermal equipment and containers specifically constructed or equipped for one or more types of transport)"
73090059,E,,0.141,"Reservoirs, tanks, vats and similar containers, of iron or steel, for liquids, of a capacity of <= 100.000 l but > 300 l (excl. containers lined or heat-insulated or fitted with mechanical or thermal equipment and containers specifically constructed or equipped for one or more types of transport)"
73090090,C,0.112,1.491,"Reservoirs, tanks, vats and similar containers, of iron or steel, for solids, of a capacity of > 300 l (excl. containers lined or heat-insulated or fitted with mechanical or thermal equipment and containers specifically constructed or equipped for one or more types of transport)"
73090090,D,,0.567,"Reservoirs, tanks, vats and similar containers, of iron or steel, for solids, of a capacity of > 300 l (excl. containers lined or heat-insulated or fitted with mechanical or thermal equipment and containers specifically constructed or equipped for one or more types of transport)"
73090090,E,,0.141,"Reservoirs, tanks, vats and similar containers, of iron or steel, for solids, of a capacity of > 300 l (excl. containers lined or heat-insulated or fitted with mechanical or thermal equipment and containers specifically constructed or equipped for one or more types of transport)"
73101000,C,0.112,1.491,"Tanks, casks, drums, cans, boxes and similar containers, of iron or steel, for any material, of a capacity of >= 50 l but <= 300 l, n.e.s. (excl. containers for compressed or liquefied gas, or containers fitted with mechanical or thermal equipment)"
73101000,D,,0.567,"Tanks, casks, drums, cans, boxes and similar containers, of iron or steel, for any material, of a capacity of >= 50 l but <= 300 l, n.e.s. (excl. containers for compressed or liquefied gas, or containers fitted with mechanical or thermal equipment)"
73101000,E,,0.141,"Tanks, casks, drums, cans, boxes and similar containers, of iron or steel, for any material, of a capacity of >= 50 l but <= 300 l, n.e.s. (excl. containers for compressed or liquefied gas, or containers fitted with mechanical or thermal equipment)"
73102111,C,0.112,1.491,"Cans of iron or steel, of a capacity of < 50 l, which are to be closed by soldering or crimping, of a kind used for preserving food"
73102111,D,,0.567,"Cans of iron or steel, of a capacity of < 50 l, which are to be closed by soldering or crimping, of a kind used for preserving food"
73102111,E,,0.141,"Cans of iron or steel, of a capacity of < 50 l, which are to be closed by soldering or crimping, of a kind used for preserving food"
73102119,C,0.112,1.491,"Cans of iron or steel, of a capacity of < 50 l, which are to be closed by soldering or crimping, of a kind used for preserving drink"
73102119,D,,0.567,"Cans of iron or steel, of a capacity of < 50 l, which are to be closed by soldering or crimping, of a kind used for preserving drink"
73102119,E,,0.141,"Cans of iron or steel, of a capacity of < 50 l, which are to be closed by soldering or crimping, of a kind used for preserving drink"
73102191,C,0.112,1.491,"Cans of iron or steel, of a capacity of < 50 l, which are to be closed by soldering or crimping, of a wall thickness of < 0,5 mm (excl. cans for compressed or liquefied gas, and cans of a kind used for preserving food and drink)"
73102191,D,,0.567,"Cans of iron or steel, of a capacity of < 50 l, which are to be closed by soldering or crimping, of a wall thickness of < 0,5 mm (excl. cans for compressed or liquefied gas, and cans of a kind used for preserving food and drink)"
73102191,E,,0.141,"Cans of iron or steel, of a capacity of < 50 l, which are to be closed by soldering or crimping, of a wall thickness of < 0,5 mm (excl. cans for compressed or liquefied gas, and cans of a kind used for preserving food and drink)"
73102199,C,0.112,1.491,"Cans of iron or steel, of a capacity of < 50 l, which are to be closed by soldering or crimping, of a wall thickness of >= 0,5 mm (excl. cans for compressed or liquefied gas, and cans of a kind used for preserving food and drink)"
73102199,D,,0.567,"Cans of iron or steel, of a capacity of < 50 l, which are to be closed by soldering or crimping, of a wall thickness of >= 0,5 mm (excl. cans for compressed or liquefied gas, and cans of a kind used for preserving food and drink)"
73102199,E,,0.141,"Cans of iron or steel, of a capacity of < 50 l, which are to be closed by soldering or crimping, of a wall thickness of >= 0,5 mm (excl. cans for compressed or liquefied gas, and cans of a kind used for preserving food and drink)"
73102910,C,0.112,1.491,"Tanks, casks, drums, cans, boxes and similar containers, of iron or steel, for any material, of a capacity of < 50 l and of a wall thickness of < 0,5 mm, n.e.s. (excl. containers for compressed or liquefied gas, or containers fitted with mechanical or thermal equipment, and cans which are to be closed by soldering or crimping)"
73102910,D,,0.567,"Tanks, casks, drums, cans, boxes and similar containers, of iron or steel, for any material, of a capacity of < 50 l and of a wall thickness of < 0,5 mm, n.e.s. (excl. containers for compressed or liquefied gas, or containers fitted with mechanical or thermal equipment, and cans which are to be closed by soldering or crimping)"
73102910,E,,0.141,"Tanks, casks, drums, cans, boxes and similar containers, of iron or steel, for any material, of a capacity of < 50 l and of a wall thickness of < 0,5 mm, n.e.s. (excl. containers for compressed or liquefied gas, or containers fitted with mechanical or thermal equipment, and cans which are to be closed by soldering or crimping)"
73102990,C,0.112,1.491,"Tanks, casks, drums, cans, boxes and similar containers, of iron or steel, for any material, of a capacity of < 50 l and of a wall thickness of >= 0,5 mm, n.e.s. (excl. containers for compressed or liquefied gas, or containers fitted with mechanical or thermal equipment, and cans which are to be closed by soldering or crimping)"
73102990,D,,0.567,"Tanks, casks, drums, cans, boxes and similar containers, of iron or steel, for any material, of a capacity of < 50 l and of a wall thickness of >= 0,5 mm, n.e.s. (excl. containers for compressed or liquefied gas, or containers fitted with mechanical or thermal equipment, and cans which are to be closed by soldering or crimping)"
73102990,E,,0.141,"Tanks, casks, drums, cans, boxes and similar containers, of iron or steel, for any material, of a capacity of < 50 l and of a wall thickness of >= 0,5 mm, n.e.s. (excl. containers for compressed or liquefied gas, or containers fitted with mechanical or thermal equipment, and cans which are to be closed by soldering or crimping)"
73110011,C,0.038,1.364,"Containers of iron or steel, seamless, for compressed or liquefied gas, for a pressure >= 165 bar, of a capacity < 20 l (excl. containers specifically constructed or equipped for one or more types of transport)"
73110011,D,,0.475,"Containers of iron or steel, seamless, for compressed or liquefied gas, for a pressure >= 165 bar, of a capacity < 20 l (excl. containers specifically constructed or equipped for one or more types of transport)"
73110011,E,,0.066,"Containers of iron or steel, seamless, for compressed or liquefied gas, for a pressure >= 165 bar, of a capacity < 20 l (excl. containers specifically constructed or equipped for one or more types of transport)"
73110013,C,0.038,1.364,"Containers of iron or steel, seamless, for compressed or liquefied gas, for a pressure >= 165 bar, of a capacity >= 20 l to <= 50 l (excl. containers specifically constructed or equipped for one or more types of transport)"
73110013,D,,0.475,"Containers of iron or steel, seamless, for compressed or liquefied gas, for a pressure >= 165 bar, of a capacity >= 20 l to <= 50 l (excl. containers specifically constructed or equipped for one or more types of transport)"
73110013,E,,0.066,"Containers of iron or steel, seamless, for compressed or liquefied gas, for a pressure >= 165 bar, of a capacity >= 20 l to <= 50 l (excl. containers specifically constructed or equipped for one or more types of transport)"
73110019,C,0.038,1.364,"Containers of iron or steel, seamless, for compressed or liquefied gas, for a pressure >= 165 bar, of a capacity > 50 l (excl. containers specifically constructed or equipped for one or more types of transport)"
73110019,D,,0.475,"Containers of iron or steel, seamless, for compressed or liquefied gas, for a pressure >= 165 bar, of a capacity > 50 l (excl. containers specifically constructed or equipped for one or more types of transport)"
73110019,E,,0.066,"Containers of iron or steel, seamless, for compressed or liquefied gas, for a pressure >= 165 bar, of a capacity > 50 l (excl. containers specifically constructed or equipped for one or more types of transport)"
73110030,C,0.038,1.364,"Containers of iron or steel, seamless, for compressed or liquefied gas, for a pressure < 165 bar (excl. containers specifically constructed or equipped for one or more types of transport)"
73110030,D,,0.475,"Containers of iron or steel, seamless, for compressed or liquefied gas, for a pressure < 165 bar (excl. containers specifically constructed or equipped for one or more types of transport)"
73110030,E,,0.066,"Containers of iron or steel, seamless, for compressed or liquefied gas, for a pressure < 165 bar (excl. containers specifically constructed or equipped for one or more types of transport)"
73110091,C,0.038,1.364,"Containers of iron or steel, seamless, for compressed or liquefied gas, of a capacity of < 1.000 l (excl. seamless containers and containers specifically constructed or equipped for one or more types of transport)"
73110091,D,,0.475,"Containers of iron or steel, seamless, for compressed or liquefied gas, of a capacity of < 1.000 l (excl. seamless containers and containers specifically constructed or equipped for one or more types of transport)"
73110091,E,,0.066,"Containers of iron or steel, seamless, for compressed or liquefied gas, of a capacity of < 1.000 l (excl. seamless containers and containers specifically constructed or equipped for one or more types of transport)"
73110099,C,0.038,1.364,"Containers of iron or steel, seamless, for compressed or liquefied gas, of a capacity of >= 1.000 l (excl. seamless containers and containers specifically constructed or equipped for one or more types of transport)"
73110099,D,,0.475,"Containers of iron or steel, seamless, for compressed or liquefied gas, of a capacity of >= 1.000 l (excl. seamless containers and containers specifically constructed or equipped for one or more types of transport)"
73110099,E,,0.066,"Containers of iron or steel, seamless, for compressed or liquefied gas, of a capacity of >= 1.000 l (excl. seamless containers and containers specifically constructed or equipped for one or more types of transport)"
73181100,C,0.038,1.364,Coach screws of iron or steel
73181100,D,,0.475,Coach screws of iron or steel
73181100,E,,0.066,Coach screws of iron or steel
73181210,1,0.038,1.154,Wood screws of stainless steel (excl. coach screws)
73181210,2,,1.116,Wood screws of stainless steel (excl. coach screws)
73181290,C,0.038,1.364,Wood screws of iron or steel other than stainless (excl. coach screws)
73181290,D,,0.475,Wood screws of iron or steel other than stainless (excl. coach screws)
73181290,E,,0.066,Wood screws of iron or steel other than stainless (excl. coach screws)
73181300,C,0.038,1.364,"Screw hooks and screw rings, of iron or steel"
73181300,D,,0.475,"Screw hooks and screw rings, of iron or steel"
73181300,E,,0.066,"Screw hooks and screw rings, of iron or steel"
73181410,1,0.038,1.154,"Self-tapping screws, of stainless steel (excl. wood screws)"
73181410,2,,1.116,"Self-tapping screws, of stainless steel (excl. wood screws)"
73181491,C,0.038,1.364,Spaced-thread screws of iron or steel other than stainless
73181491,D,,0.475,Spaced-thread screws of iron or steel other than stainless
73181491,E,,0.066,Spaced-thread screws of iron or steel other than stainless
73181499,C,0.038,1.364,Self-tapping screws of iron or steel other than stainless (excl. spaced-thread screws and wood screws)
73181499,D,,0.475,Self-tapping screws of iron or steel other than stainless (excl. spaced-thread screws and wood screws)
73181499,E,,0.066,Self-tapping screws of iron or steel other than stainless (excl. spaced-thread screws and wood screws)
73181520,C,0.038,1.364,"Screws and bolts, of iron or steel ""whether or not with their nuts and washers"", for fixing railway track construction material (excl. coach screws)"
73181520,D,,0.475,"Screws and bolts, of iron or steel ""whether or not with their nuts and washers"", for fixing railway track construction material (excl. coach screws)"
73181520,E,,0.066,"Screws and bolts, of iron or steel ""whether or not with their nuts and washers"", for fixing railway track construction material (excl. coach screws)"
73181535,1,0.038,1.154,"Screws and bolts, of stainless steel ""whether or not with their nuts and washers"", without heads (excl. screws and bolts for fixing railway track construction material)"
73181535,2,,1.116,"Screws and bolts, of stainless steel ""whether or not with their nuts and washers"", without heads (excl. screws and bolts for fixing railway track construction material)"
73181542,C,0.038,1.364,"Screws and bolts, of iron or steel other than stainless ""whether or not with their nuts and washers"", without heads, with a tensile strength of < 800 MPa (excl. screws and bolts for fixing railway track construction material)"
73181542,D,,0.475,"Screws and bolts, of iron or steel other than stainless ""whether or not with their nuts and washers"", without heads, with a tensile strength of < 800 MPa (excl. screws and bolts for fixing railway track construction material)"
73181542,E,,0.066,"Screws and bolts, of iron or steel other than stainless ""whether or not with their nuts and washers"", without heads, with a tensile strength of < 800 MPa (excl. screws and bolts for fixing railway track construction material)"
73181548,C,0.038,1.364,"Screws and bolts, of iron or steel other than stainless ""whether or not with their nuts and washers"", without heads, with a tensile strength of >= 800 MPa (excl. screws and bolts for fixing railway track construction material)"
73181548,D,,0.475,"Screws and bolts, of iron or steel other than stainless ""whether or not with their nuts and washers"", without heads, with a tensile strength of >= 800 MPa (excl. screws and bolts for fixing railway track construction material)"
73181548,E,,0.066,"Screws and bolts, of iron or steel other than stainless ""whether or not with their nuts and washers"", without heads, with a tensile strength of >= 800 MPa (excl. screws and bolts for fixing railway track construction material)"
73181552,1,0.038,1.154,"Screws and bolts, of stainless steel ""whether or not with their nuts and washers"", with slotted or cross-recessed heads (excl. wood screws and self-tapping screws)"
73181552,2,,1.116,"Screws and bolts, of stainless steel ""whether or not with their nuts and washers"", with slotted or cross-recessed heads (excl. wood screws and self-tapping screws)"
73181558,C,0.038,1.364,"Screws and bolts, of iron or steel other than stainless ""whether or not with their nuts and washers"", with slotted or cross-recessed heads (excl. wood screws and self-tapping screws)"
73181558,D,,0.475,"Screws and bolts, of iron or steel other than stainless ""whether or not with their nuts and washers"", with slotted or cross-recessed heads (excl. wood screws and self-tapping screws)"
73181558,E,,0.066,"Screws and bolts, of iron or steel other than stainless ""whether or not with their nuts and washers"", with slotted or cross-recessed heads (excl. wood screws and self-tapping screws)"
73181562,1,0.038,1.154,"Hexagonal-socket head screws and bolts, of stainless steel ""whether or not with their nuts and washers"" (excl. wood screws, self-tapping screws and screws and bolts for fixing railway track construction material)"
73181562,2,,1.116,"Hexagonal-socket head screws and bolts, of stainless steel ""whether or not with their nuts and washers"" (excl. wood screws, self-tapping screws and screws and bolts for fixing railway track construction material)"
73181568,C,0.038,1.364,"Hexagonal-socket head screws and bolts, of iron or steel other than stainless ""whether or not with their nuts and washers"" (excl. wood screws, self-tapping screws and screws and bolts for fixing railway track construction material)"
73181568,D,,0.475,"Hexagonal-socket head screws and bolts, of iron or steel other than stainless ""whether or not with their nuts and washers"" (excl. wood screws, self-tapping screws and screws and bolts for fixing railway track construction material)"
73181568,E,,0.066,"Hexagonal-socket head screws and bolts, of iron or steel other than stainless ""whether or not with their nuts and washers"" (excl. wood screws, self-tapping screws and screws and bolts for fixing railway track construction material)"
73181575,1,0.038,1.154,"Hexagon screws and bolts, of stainless steel ""whether or not with their nuts and washers"" (excl. with socket head, wood screws, self-tapping screws and screws and bolts for fixing railway track construction material)"
73181575,2,,1.116,"Hexagon screws and bolts, of stainless steel ""whether or not with their nuts and washers"" (excl. with socket head, wood screws, self-tapping screws and screws and bolts for fixing railway track construction material)"
73181582,C,0.038,1.364,"Hexagon screws and bolts, of iron or steel other than stainless ""whether or not with their nuts and washers"", with a tensile strength of < 800 MPa (excl. with socket head, wood screws, self-tapping screws and screws and bolts for fixing railway track construction material)"
73181582,D,,0.475,"Hexagon screws and bolts, of iron or steel other than stainless ""whether or not with their nuts and washers"", with a tensile strength of < 800 MPa (excl. with socket head, wood screws, self-tapping screws and screws and bolts for fixing railway track construction material)"
73181582,E,,0.066,"Hexagon screws and bolts, of iron or steel other than stainless ""whether or not with their nuts and washers"", with a tensile strength of < 800 MPa (excl. with socket head, wood screws, self-tapping screws and screws and bolts for fixing railway track construction material)"
73181588,C,0.038,1.364,"Hexagon screws and bolts, of iron or steel other than stainless ""whether or not with their nuts and washers"", with a tensile strength of => 800 MPa (excl. with socket head, wood screws, self-tapping screws and screws and bolts for fixing railway track construction material)"
73181588,D,,0.475,"Hexagon screws and bolts, of iron or steel other than stainless ""whether or not with their nuts and washers"", with a tensile strength of => 800 MPa (excl. with socket head, wood screws, self-tapping screws and screws and bolts for fixing railway track construction material)"
73181588,E,,0.066,"Hexagon screws and bolts, of iron or steel other than stainless ""whether or not with their nuts and washers"", with a tensile strength of => 800 MPa (excl. with socket head, wood screws, self-tapping screws and screws and bolts for fixing railway track construction material)"
73181595,C,0.038,1.364,"Screws and bolts, of iron or steel ""whether or not with their nuts and washers"", with heads (excl. with slotted, cross-recessed or hexagonal head; wood screws, self-tapping screws and screws and bolts for fixing railway track construction material, screw hooks and screw rings)"
73181595,D,,0.475,"Screws and bolts, of iron or steel ""whether or not with their nuts and washers"", with heads (excl. with slotted, cross-recessed or hexagonal head; wood screws, self-tapping screws and screws and bolts for fixing railway track construction material, screw hooks and screw rings)"
73181595,E,,0.066,"Screws and bolts, of iron or steel ""whether or not with their nuts and washers"", with heads (excl. with slotted, cross-recessed or hexagonal head; wood screws, self-tapping screws and screws and bolts for fixing railway track construction material, screw hooks and screw rings)"
73181631,1,0.038,1.154,Blind rivet nuts of stainless steel
73181631,2,,1.116,Blind rivet nuts of stainless steel
73181639,1,0.038,1.154,Nuts of stainless steel (excl. blind rivet nuts)
73181639,2,,1.116,Nuts of stainless steel (excl. blind rivet nuts)
73181640,C,0.038,1.364,Blind rivet nuts of iron or steel other than stainless
73181640,D,,0.475,Blind rivet nuts of iron or steel other than stainless
73181640,E,,0.066,Blind rivet nuts of iron or steel other than stainless
73181660,C,0.038,1.364,Self-locking nuts of iron or steel other than stainless
73181660,D,,0.475,Self-locking nuts of iron or steel other than stainless
73181660,E,,0.066,Self-locking nuts of iron or steel other than stainless
73181692,C,0.038,1.364,"Nuts of iron or steel other than stainless, with an inside diameter <= 12 mm (excl. blind rivet nuts and self-locking nuts)"
73181692,D,,0.475,"Nuts of iron or steel other than stainless, with an inside diameter <= 12 mm (excl. blind rivet nuts and self-locking nuts)"
73181692,E,,0.066,"Nuts of iron or steel other than stainless, with an inside diameter <= 12 mm (excl. blind rivet nuts and self-locking nuts)"
73181699,C,0.038,1.364,"Nuts of iron or steel other than stainless, with an inside diameter > 12 mm (excl. blind rivet nuts and self-locking nuts)"
73181699,D,,0.475,"Nuts of iron or steel other than stainless, with an inside diameter > 12 mm (excl. blind rivet nuts and self-locking nuts)"
73181699,E,,0.066,"Nuts of iron or steel other than stainless, with an inside diameter > 12 mm (excl. blind rivet nuts and self-locking nuts)"
73181900,C,0.038,1.364,"Threaded articles, of iron or steel, n.e.s."
73181900,D,,0.475,"Threaded articles, of iron or steel, n.e.s."
73181900,E,,0.066,"Threaded articles, of iron or steel, n.e.s."
73182100,C,0.038,1.364,"Spring washers and other lock washers, of iron or steel"
73182100,D,,0.475,"Spring washers and other lock washers, of iron or steel"
73182100,E,,0.066,"Spring washers and other lock washers, of iron or steel"
73182200,C,0.038,1.364,Washers of iron or steel (excl. spring washers and other lock washers)
73182200,D,,0.475,Washers of iron or steel (excl. spring washers and other lock washers)
73182200,E,,0.066,Washers of iron or steel (excl. spring washers and other lock washers)
73182300,C,0.038,1.364,Rivets of iron or steel (excl. tubular and bifurcated rivets for particular uses)
73182300,D,,0.475,Rivets of iron or steel (excl. tubular and bifurcated rivets for particular uses)
73182300,E,,0.066,Rivets of iron or steel (excl. tubular and bifurcated rivets for particular uses)
73182400,C,0.038,1.364,"Cotters and cotter pins, of iron or steel"
73182400,D,,0.475,"Cotters and cotter pins, of iron or steel"
73182400,E,,0.066,"Cotters and cotter pins, of iron or steel"
73182900,C,0.038,1.364,"Non-threaded articles, of iron or steel"
73182900,D,,0.475,"Non-threaded articles, of iron or steel"
73182900,E,,0.066,"Non-threaded articles, of iron or steel"
73261100,C,0.303,1.629,"Grinding balls and similar articles for mills, of iron or steel, forged or stamped, but not further worked"
73261100,D,,0.74,"Grinding balls and similar articles for mills, of iron or steel, forged or stamped, but not further worked"
73261100,E,,0.331,"Grinding balls and similar articles for mills, of iron or steel, forged or stamped, but not further worked"
73261910,C,0.303,1.629,"Articles of iron or steel, open-die forged, but not further worked, n.e.s. (excl. grinding balls and similar articles for mills)"
73261910,D,,0.74,"Articles of iron or steel, open-die forged, but not further worked, n.e.s. (excl. grinding balls and similar articles for mills)"
73261910,E,,0.331,"Articles of iron or steel, open-die forged, but not further worked, n.e.s. (excl. grinding balls and similar articles for mills)"
73261990,C,0.303,1.629,"Articles of iron or steel, closed-die forged or stamped, but not further worked, n.e.s. (excl. grinding balls and similar articles for mills)"
73261990,D,,0.74,"Articles of iron or steel, closed-die forged or stamped, but not further worked, n.e.s. (excl. grinding balls and similar articles for mills)"
73261990,E,,0.331,"Articles of iron or steel, closed-die forged or stamped, but not further worked, n.e.s. (excl. grinding balls and similar articles for mills)"
73262000,C,0.071,1.397,"Articles of iron or steel wire, n.e.s."
73262000,D,,0.508,"Articles of iron or steel wire, n.e.s."
73262000,E,,0.099,"Articles of iron or steel wire, n.e.s."
73269030,C,0.038,1.364,"Ladders and steps, of iron or steel"
73269030,D,,0.475,"Ladders and steps, of iron or steel"
73269030,E,,0.066,"Ladders and steps, of iron or steel"
73269040,C,0.038,1.364,"Pallets and similar platforms for handling goods, of iron or steel"
73269040,D,,0.475,"Pallets and similar platforms for handling goods, of iron or steel"
73269040,E,,0.066,"Pallets and similar platforms for handling goods, of iron or steel"
73269050,C,0.038,1.364,"Reels for cables, piping and the like, of iron or steel"
73269050,D,,0.475,"Reels for cables, piping and the like, of iron or steel"
73269050,E,,0.066,"Reels for cables, piping and the like, of iron or steel"
73269060,C,0.038,1.364,"Ventilators, non-mechanical, guttering, hooks and like articles used in the building industry, n.e.s., of iron or steel"
73269060,D,,0.475,"Ventilators, non-mechanical, guttering, hooks and like articles used in the building industry, n.e.s., of iron or steel"
73269060,E,,0.066,"Ventilators, non-mechanical, guttering, hooks and like articles used in the building industry, n.e.s., of iron or steel"
73269092,C,0.303,1.629,"Articles of iron or steel, open-die forged, n.e.s."
73269092,D,,0.74,"Articles of iron or steel, open-die forged, n.e.s."
73269092,E,,0.331,"Articles of iron or steel, open-die forged, n.e.s."
73269094,C,0.303,1.629,"Articles of iron or steel, closed-die forged, n.e.s."
73269094,D,,0.74,"Articles of iron or steel, closed-die forged, n.e.s."
73269094,E,,0.331,"Articles of iron or steel, closed-die forged, n.e.s."
73269096,C,0.303,1.629,"Sintered articles of iron or steel, n.e.s."
73269096,D,,0.74,"Sintered articles of iron or steel, n.e.s."
73269096,E,,0.331,"Sintered articles of iron or steel, n.e.s."
73269098,C,0.112,1.491,"Articles of iron or steel, n.e.s."
73269098,D,,0.567,"Articles of iron or steel, n.e.s."
73269098,E,,0.141,"Articles of iron or steel, n.e.s."
76011010,K,1.423,1.423,"Aluminium slabs, not alloyed, unwrought"
76011010,L,0.091,0.091,"Aluminium slabs, not alloyed, unwrought"
76011090,K,1.423,1.423,"Aluminium, not alloyed, unwrought (excl. slabs)"
76011090,L,0.091,0.091,"Aluminium, not alloyed, unwrought (excl. slabs)"
76012030,K,1.423,1.423,Unwrought aluminium alloys in the form of slabs
76012030,L,0.091,0.091,Unwrought aluminium alloys in the form of slabs
76012040,K,1.423,1.423,Unwrought aluminium alloys in the form of billets
76012040,L,0.091,0.091,Unwrought aluminium alloys in the form of billets
76012080,K,1.423,1.423,Unwrought aluminium alloys (excl. slabs and billets)
76012080,L,0.091,0.091,Unwrought aluminium alloys (excl. slabs and billets)
76031000,K,0.046,1.506,"Powders of aluminium, of non-lamellar structure (excl. pellets of aluminium)"
76031000,L,,0.14,"Powders of aluminium, of non-lamellar structure (excl. pellets of aluminium)"
76032000,K,0.046,1.506,"Powders of aluminium, of lamellar structure, and flakes of aluminium (excl. pellets of aluminium, and spangles)"
76032000,L,,0.14,"Powders of aluminium, of lamellar structure, and flakes of aluminium (excl. pellets of aluminium, and spangles)"
76041010,K,0.056,1.485,"Bars, rods and profiles, of non-alloy aluminium"
76041010,L,,0.148,"Bars, rods and profiles, of non-alloy aluminium"
76041090,K,0.06,1.493,"Profiles of non-alloy aluminium, n.e.s."
76041090,L,,0.152,"Profiles of non-alloy aluminium, n.e.s."
76042100,K,0.06,1.493,"Hollow profiles of aluminium alloys, n.e.s."
76042100,L,,0.152,"Hollow profiles of aluminium alloys, n.e.s."
76042910,K,0.056,1.485,Bars and rods of aluminium alloys
76042910,L,,0.148,Bars and rods of aluminium alloys
76042990,K,0.06,1.493,"Solid profiles, of aluminium alloys, n.e.s."
76042990,L,,0.152,"Solid profiles, of aluminium alloys, n.e.s."
76051100,K,0.056,1.485,"Wire of non-alloy aluminium, with a maximum cross-sectional dimension of > 7 mm (excl. stranded wire, cables, plaited bands and the like and other articles of heading 7614, and electrically insulated wires)"
76051100,L,,0.148,"Wire of non-alloy aluminium, with a maximum cross-sectional dimension of > 7 mm (excl. stranded wire, cables, plaited bands and the like and other articles of heading 7614, and electrically insulated wires)"
76051900,K,0.056,1.485,"Wire of non-alloy aluminium, with a maximum cross-sectional dimension of <= 7 mm (other than stranded wires, cables, ropes and other articles of heading 7614, electrically insulated wires, strings for musical instruments)"
76051900,L,,0.148,"Wire of non-alloy aluminium, with a maximum cross-sectional dimension of <= 7 mm (other than stranded wires, cables, ropes and other articles of heading 7614, electrically insulated wires, strings for musical instruments)"
76052100,K,0.056,1.485,"Wire of aluminium alloys, with a maximum cross-sectional dimension of > 7 mm (excl. stranded wire, cables, plaited bands and the like and other articles of heading 7614, and electrically insulated wires)"
76052100,L,,0.148,"Wire of aluminium alloys, with a maximum cross-sectional dimension of > 7 mm (excl. stranded wire, cables, plaited bands and the like and other articles of heading 7614, and electrically insulated wires)"
76052900,K,0.056,1.485,"Wire, of aluminium alloys, having a maximum cross-sectional dimension of <= 7 mm (other than stranded wires, cables, ropes and other articles of heading 7614, electrically insulated wires, strings for musical instruments)"
76052900,L,,0.148,"Wire, of aluminium alloys, having a maximum cross-sectional dimension of <= 7 mm (other than stranded wires, cables, ropes and other articles of heading 7614, electrically insulated wires, strings for musical instruments)"
76061130,K,0.056,1.485,"Aluminium Composite Panel, of non-alloy aluminium, of a thickness of > 0,2 mm"
76061130,L,,0.148,"Aluminium Composite Panel, of non-alloy aluminium, of a thickness of > 0,2 mm"
76061150,K,0.056,1.485,"Plates, sheets and strip, of non-alloy aluminium, of a thickness of > 0,2 mm, square or rectangular, painted, varnished or coated with plastics (excl. Aluminium Composite Panel)"
76061150,L,,0.148,"Plates, sheets and strip, of non-alloy aluminium, of a thickness of > 0,2 mm, square or rectangular, painted, varnished or coated with plastics (excl. Aluminium Composite Panel)"
76061191,K,0.056,1.485,"Plates, sheets and strip, of non-alloy aluminium, of a thickness of > 0,2 mm but < 3 mm, square or rectangular (excl. such products painted, varnished or coated with plastics, and expanded plates, sheets and strip)"
76061191,L,,0.148,"Plates, sheets and strip, of non-alloy aluminium, of a thickness of > 0,2 mm but < 3 mm, square or rectangular (excl. such products painted, varnished or coated with plastics, and expanded plates, sheets and strip)"
76061193,K,0.056,1.485,"Plates, sheets and strip, of non-alloy aluminium, of a thickness of >= 3 mm but < 6 mm, square or rectangular (excl. such products painted, varnished or coated with plastics)"
76061193,L,,0.148,"Plates, sheets and strip, of non-alloy aluminium, of a thickness of >= 3 mm but < 6 mm, square or rectangular (excl. such products painted, varnished or coated with plastics)"
76061199,K,0.056,1.485,"Plates, sheets and strip, of non-alloy aluminium, of a thickness of >= 6 mm, square or rectangular (excl. such products painted, varnished or coated with plastics)"
76061199,L,,0.148,"Plates, sheets and strip, of non-alloy aluminium, of a thickness of >= 6 mm, square or rectangular (excl. such products painted, varnished or coated with plastics)"
76061211,K,0.056,1.485,"Beverage can body stock, of aluminium alloys, of a thickness of > 0,2 mm"
76061211,L,,0.148,"Beverage can body stock, of aluminium alloys, of a thickness of > 0,2 mm"
76061219,K,0.056,1.485,"Beverage can end stock and tab stock, of aluminium alloys, of a thickness of > 0,2 mm"
76061219,L,,0.148,"Beverage can end stock and tab stock, of aluminium alloys, of a thickness of > 0,2 mm"
76061230,K,0.056,1.485,"Aluminium Composite Panel, of aluminium alloys, of a thickness of > 0,2 mm"
76061230,L,,0.148,"Aluminium Composite Panel, of aluminium alloys, of a thickness of > 0,2 mm"
76061250,K,0.056,1.485,"Plates, sheets and strip, of aluminium alloys, of a thickness of > 0,2 mm, square or rectangular, painted, varnished or coated with plastics (excl. beverage can body stock, end stock and tab stock, and Aluminium Composite Panel)"
76061250,L,,0.148,"Plates, sheets and strip, of aluminium alloys, of a thickness of > 0,2 mm, square or rectangular, painted, varnished or coated with plastics (excl. beverage can body stock, end stock and tab stock, and Aluminium Composite Panel)"
76061292,K,0.056,1.485,"Plates, sheets and strip, of aluminium alloys, of a thickness of > 0,2 mm but < 3 mm, square or rectangular (excl. painted, varnished or coated with plastics, expanded plates, sheets and strip, beverage can body stock, end stock and tab stock)"
76061292,L,,0.148,"Plates, sheets and strip, of aluminium alloys, of a thickness of > 0,2 mm but < 3 mm, square or rectangular (excl. painted, varnished or coated with plastics, expanded plates, sheets and strip, beverage can body stock, end stock and tab stock)"
76061293,K,0.056,1.485,"Plates, sheets and strip, of aluminium alloys, of a thickness of >= 3 mm but < 6 mm, square or rectangular (excl. such products painted, varnished or coated with plastics)"
76061293,L,,0.148,"Plates, sheets and strip, of aluminium alloys, of a thickness of >= 3 mm but < 6 mm, square or rectangular (excl. such products painted, varnished or coated with plastics)"
76061299,K,0.056,1.485,"Plates, sheets and strip, of aluminium alloys, of a thickness of >= 6 mm, square or rectangular (excl. such products painted, varnished or coated with plastics)"
76061299,L,,0.148,"Plates, sheets and strip, of aluminium alloys, of a thickness of >= 6 mm, square or rectangular (excl. such products painted, varnished or coated with plastics)"
76069100,K,0.056,1.485,"Plates, sheets and strip, of non-alloy aluminium, of a thickness of > 0,2 mm (other than square or rectangular)"
76069100,L,,0.148,"Plates, sheets and strip, of non-alloy aluminium, of a thickness of > 0,2 mm (other than square or rectangular)"
76069200,K,0.056,1.485,"Plates, sheets and strip, of aluminium alloys, of a thickness of > 0,2 mm (other than square or rectangular)"
76069200,L,,0.148,"Plates, sheets and strip, of aluminium alloys, of a thickness of > 0,2 mm (other than square or rectangular)"
76071111,K,0.166,1.599,"Aluminium foil, not backed, rolled but not further worked, of a thickness of < 0,021 mm, in rolls of a weight of <= 10 kg (excl. stamping foils of heading 3212, and foil made up as christmas tree decorating material)"
76071111,L,,0.258,"Aluminium foil, not backed, rolled but not further worked, of a thickness of < 0,021 mm, in rolls of a weight of <= 10 kg (excl. stamping foils of heading 3212, and foil made up as christmas tree decorating material)"
76071119,K,0.166,1.599,"Aluminium foil, not backed, rolled but not further worked, of a thickness of < 0,021 mm (excl. stamping foils of heading 3212, and foil made up as christmas tree decorating material and in rolls of a weight <= 10 kg)"
76071119,L,,0.258,"Aluminium foil, not backed, rolled but not further worked, of a thickness of < 0,021 mm (excl. stamping foils of heading 3212, and foil made up as christmas tree decorating material and in rolls of a weight <= 10 kg)"
76071190,K,0.166,1.599,"Aluminium foil, not backed, rolled but not further worked, of a thickness of >= 0,021 mm but <= 2 mm (excl. stamping foils of heading 3212, and foil made up as christmas tree decorating material)"
76071190,L,,0.258,"Aluminium foil, not backed, rolled but not further worked, of a thickness of >= 0,021 mm but <= 2 mm (excl. stamping foils of heading 3212, and foil made up as christmas tree decorating material)"
76071910,K,0.166,1.599,"Aluminium foil, not backed, rolled and further worked, of a thickness of < 0,021 mm (excl. stamping foils of heading 3212, and foil made up as christmas tree decorating material)"
76071910,L,,0.258,"Aluminium foil, not backed, rolled and further worked, of a thickness of < 0,021 mm (excl. stamping foils of heading 3212, and foil made up as christmas tree decorating material)"
76071990,K,0.166,1.599,"Aluminium foil, not backed, rolled and further worked, of a thickness (excl. any backing) from 0,021 mm to 0,2 mm (excl. stamping foils of heading 3212, and foil made up as christmas tree decorating material)"
76071990,L,,0.258,"Aluminium foil, not backed, rolled and further worked, of a thickness (excl. any backing) from 0,021 mm to 0,2 mm (excl. stamping foils of heading 3212, and foil made up as christmas tree decorating material)"
76072010,K,0.166,1.599,"Aluminium foil, backed, of a thickness (excl. any backing) of < 0,021 mm (excl. stamping foils of heading 3212, and foil made up as christmas tree decorating material)"
76072010,L,,0.258,"Aluminium foil, backed, of a thickness (excl. any backing) of < 0,021 mm (excl. stamping foils of heading 3212, and foil made up as christmas tree decorating material)"
76072091,K,0.166,1.599,"Aluminium Composite Panel, of a thickness <= 0,2 mm"
76072091,L,,0.258,"Aluminium Composite Panel, of a thickness <= 0,2 mm"
76072099,K,0.166,1.599,"Aluminium foil, backed, of a thickness (excl. any backing) of >= 0,021 mm but <= 0,2 mm (excl. stamping foils of heading 3212, foil made up as christmas tree decorating material, and Aluminium Composite Panel)"
76072099,L,,0.258,"Aluminium foil, backed, of a thickness (excl. any backing) of >= 0,021 mm but <= 0,2 mm (excl. stamping foils of heading 3212, foil made up as christmas tree decorating material, and Aluminium Composite Panel)"
76081000,K,0.06,1.493,Tubes and pipes of non-alloy aluminium (excl. hollow profiles)
76081000,L,,0.152,Tubes and pipes of non-alloy aluminium (excl. hollow profiles)
76082020,K,0.06,1.493,"Tubes and pipes of aluminium alloys, welded (excl. hollow profiles)"
76082020,L,,0.152,"Tubes and pipes of aluminium alloys, welded (excl. hollow profiles)"
76082081,K,0.06,1.493,"Tubes and pipes of aluminium alloys, not further worked than extruded (excl. hollow profiles)"
76082081,L,,0.152,"Tubes and pipes of aluminium alloys, not further worked than extruded (excl. hollow profiles)"
76082089,K,0.06,1.493,"Tubes and pipes of aluminium alloys (excl. such products welded or not further worked than extruded, and hollow profiles)"
76082089,L,,0.152,"Tubes and pipes of aluminium alloys (excl. such products welded or not further worked than extruded, and hollow profiles)"
76090000,K,0.06,1.493,"Aluminium tube or pipe fittings ""e.g., couplings, elbows, sleeves"""
76090000,L,,0.152,"Aluminium tube or pipe fittings ""e.g., couplings, elbows, sleeves"""
76101000,K,0.06,1.493,"Doors, windows and their frames and thresholds for door, of aluminium (excl. door furniture)"
76101000,L,,0.152,"Doors, windows and their frames and thresholds for door, of aluminium (excl. door furniture)"
76109010,K,0.06,1.493,"Bridges and bridge-sections, towers and lattice masts, of aluminium"
76109010,L,,0.152,"Bridges and bridge-sections, towers and lattice masts, of aluminium"
76109090,K,0.06,1.493,"Structures and parts of structures, of aluminium, n.e.s., and plates, rods, profiles, tubes and the like, prepared for use in structures, of aluminium, n.e.s. (excl. prefabricated buildings of heading 9406, doors and windows and their frames and thresholds for doors, bridges and bridge-sections, towers and lattice masts)"
76109090,L,,0.152,"Structures and parts of structures, of aluminium, n.e.s., and plates, rods, profiles, tubes and the like, prepared for use in structures, of aluminium, n.e.s. (excl. prefabricated buildings of heading 9406, doors and windows and their frames and thresholds for doors, bridges and bridge-sections, towers and lattice masts)"
76110000,K,0.166,1.594,"Reservoirs, tanks, vats and similar containers, of aluminium, for any material (other than compressed or liquefied gas), of a capacity of > 300 l, not fitted with mechanical or thermal equipment, whether or not lined or heat-insulated (excl. containers specifically constructed or equipped for one or more types of transport)"
76110000,L,,0.258,"Reservoirs, tanks, vats and similar containers, of aluminium, for any material (other than compressed or liquefied gas), of a capacity of > 300 l, not fitted with mechanical or thermal equipment, whether or not lined or heat-insulated (excl. containers specifically constructed or equipped for one or more types of transport)"
76121000,K,0.166,1.594,"Collapsible tubular containers, of aluminium"
76121000,L,,0.258,"Collapsible tubular containers, of aluminium"
76129020,K,0.166,1.594,"Containers of a kind used for aerosols, of aluminium"
76129020,L,,0.258,"Containers of a kind used for aerosols, of aluminium"
76129030,K,0.166,1.594,"Casks, drums, cans, boxes and similar containers, of aluminium, manufactured from foil of a thickness <= 0,2 mm"
76129030,L,,0.258,"Casks, drums, cans, boxes and similar containers, of aluminium, manufactured from foil of a thickness <= 0,2 mm"
76129080,K,0.166,1.594,"Casks, drums, cans, boxes and similar containers <= 300 l, of aluminium, for any material (other than compressed or liquefied gas), n.e.s. (other than collapsible tubular containers, containers for aerosols and containers manufactured from foil of a thickness <= 0,2 mm"
76129080,L,,0.258,"Casks, drums, cans, boxes and similar containers <= 300 l, of aluminium, for any material (other than compressed or liquefied gas), n.e.s. (other than collapsible tubular containers, containers for aerosols and containers manufactured from foil of a thickness <= 0,2 mm"
76130000,K,0.166,1.594,Aluminium containers for compressed or liquefied gas
76130000,L,,0.258,Aluminium containers for compressed or liquefied gas
76141000,K,0.056,1.485,"Stranded wire, cables, plaited bands and the like, of aluminium, with steel core (excl. such products electrically insulated)"
76141000,L,,0.148,"Stranded wire, cables, plaited bands and the like, of aluminium, with steel core (excl. such products electrically insulated)"
76149000,K,0.056,1.485,"Stranded wires, cables, ropes and similar articles, of aluminium (other than with steel core and electrically insulated products)"
76149000,L,,0.148,"Stranded wires, cables, ropes and similar articles, of aluminium (other than with steel core and electrically insulated products)"
76161000,K,0.056,1.485,"Nails, tacks, staples, screws, bolts, nuts, screw hooks, rivets, cotters, cotter pins, washers and similar articles, of aluminium (excl. staples in strips, plugs, bungs and the like, threaded)"
76161000,L,,0.148,"Nails, tacks, staples, screws, bolts, nuts, screw hooks, rivets, cotters, cotter pins, washers and similar articles, of aluminium (excl. staples in strips, plugs, bungs and the like, threaded)"
76169100,K,0.056,1.485,"Cloth, grill, netting and fencing, of aluminium wire (excl. cloth of metal fibres for clothing, lining and similar uses, and cloth, grill and netting made into hand sieves or machine parts)"
76169100,L,,0.148,"Cloth, grill, netting and fencing, of aluminium wire (excl. cloth of metal fibres for clothing, lining and similar uses, and cloth, grill and netting made into hand sieves or machine parts)"
76169910,K,0.046,1.506,"Articles of aluminium, cast, n.e.s."
76169910,L,,0.14,"Articles of aluminium, cast, n.e.s."
76169990,K,0.056,1.485,"Articles of aluminium, uncast, n.e.s."
76169990,L,,0.148,"Articles of aluminium, uncast, n.e.s."
