country,cn_code,variant,see_direct,see_indirect,see_total,route,description
VN,28080000,,2.41,0.05,2.46,,Nitric acid; sulphonitric acids
VN,28141000,,3.46,0.15,3.61,,Anhydrous ammonia
VN,28142000,,1.04,0.05,1.08,,Ammonia in aqueous solution
VN,28342100,,2.24,0.07,2.31,,Nitrate of potassium
VN,31021012,,0.77,0.04,0.81,,"Urea in aqueous solution, containing >45% nitrogen in relation to the weight of the dry product and containing =>31,8% but <=33,2 % by weight of urea (excl. that in packages with a gross weight of <= 10 kg)"
VN,31021015,,1.27,0.04,1.31,,"Urea in aqueous solution, containing >45% nitrogen in relation to the weight of the dry product and containing >33,2% but <=55% by weight of urea (excl. that in packages with a gross weight of <= 10 kg)"
VN,31021019,,2.31,0.12,2.43,,"Urea, whether or not in aqueous solution, containing >45% nitrogen in relation to the weight of the dry product (excl. that in tablets or similar forms, or in packages with a gross weight of <= 10 kg, or in aqueous solution containing =>31,8% but <=55% by weight of urea)"
VN,31021090,,2.26,0.12,2.38,,"Urea, whether or not in aqueous solution, containing <= 45% by weight of nitrogen on the dry anhydrous product (excl. goods of this chapter in tablets or similar forms or in packages of a gross weight of <= 10 kg)"
VN,31022100,,1.01,0.09,1.1,,"Ammonium sulphate (excl. that in tablets or similar forms, or in packages with a gross weight of <= 10 kg)"
VN,31022900,,1.66,0.1,1.76,,Double salts and mixtures of ammonium sulphate and ammonium nitrate
VN,31023010,,1.71,0.08,1.78,,Ammonium nitrate in aqueous solution (excl. that in packages with a gross weight of <= 10 kg)
VN,31023090,,2.63,0.12,2.75,,"Ammonium nitrate (excl. that in aqueous solution, in tablets or similar forms, or in packages with a gross weight of <= 10 kg)"
VN,31024010,,2.28,0.11,2.38,,"Mixtures of ammonium nitrate with calcium carbonate or other inorganic non-fertilising substances, for use as fertilisers, containing <= 28% nitrogen by weight (excl. those in tablets or similar forms, or in packages with a gross weight of <= 10 kg)"
VN,31024090,,2.28,0.11,2.38,,"Mixtures of ammonium nitrate with calcium carbonate or other inorganic non-fertilising substances, for use as fertilisers, containing > 28% nitrogen by weight (excl. those in tablets or similar forms, or in packages with a gross weight of <= 10 kg)"
VN,31025000,,3.76,0.08,3.84,,"Sodium nitrate (excl. that in tablets or similar forms, or in packages with a gross weight of <= 10 kg)"
VN,31026000,,2.21,0.1,2.31,,"Double salts and mixtures of calcium nitrate and ammonium nitrate (excl. those in tablets or similar forms, or in packages with a gross weight of <= 10 kg)"
VN,31028000,,1.9,0.09,2,,Mixtures of urea and ammonium nitrate in aqueous or ammoniacal solution (excl. those in packages with a gross weight of <= 10 kg)
VN,31029000,,2.14,0.11,2.26,,Mineral or chemical nitrogen fertilisers (excl. urea; ammonium sulphate; ammonium nitrate; sodium nitrate; double salts and mixtures of ammonium nitrate with ammonium sulphate or calcium; mixtures of urea and ammonium nitrate in aqueous or ammoniacal solution; mixtures of ammonium nitrate and calcium carbonate or other non-fertilising inorganic elements; in tablets or similar in packages <= 10 kg)
VN,31051000,,1,0.09,1.09,,"Mineral or chemical fertilisers of animal or vegetable origin, in tablets or similar forms, or in packages with a gross weight of <= 10 kg"
VN,31052010,,1.16,0.11,1.27,,"Mineral or chemical fertilisers containing phosphorus and potassium, with a nitrogen content > 10 % by weight on the dry anhydrous product (excl. those in tablets or similar forms, or in packages with a gross weight of <= 10 kg)"
VN,31052090,,0.79,0.08,0.88,,"Mineral or chemical fertilisers containing nitrogen, phosphorus and potassium, with a nitrogen content <= 10 % by weight on the dry anhydrous product (excl. those in tablets or similar forms, or in packages with a gross weight of <= 10 kg)"
VN,31053000,,0.81,0.07,0.88,,"Diammonium hydrogenorthophosphate ""diammonium phosphate"" (excl. that in tablets or similar forms, or in packages with a gross weight of <= 10 kg)"
VN,31054000,,0.52,0.05,0.57,,"Ammonium dihydrogenorthophosphate ""monoammonium phosphate"", whether or not mixed with diammonium hydrogenorthophosphate ""diammonium phosphate"" (excl. that in tablets or similar forms, or in packages with a gross weight of <= 10 kg)"
VN,31055100,,1.57,0.14,1.71,,Other mineral or chemical fertilisers containing the two fertilising elements nitrogen and phosphorus (nitrates and phosphates)
VN,31055900,,0.93,0.13,1.06,,Other mineral or chemical fertilisers containing the two fertilising elements nitrogen and phosphorus (excl. nitrates and phosphates)
VN,31059020,,1.52,0.08,1.6,,"Mineral or chemical fertilisers containing the two fertilising elements nitrogen and potassium, or one principal fertilising substance only, incl. mixtures of animal or vegetable fertilisers with chemical or mineral fertilisers, containing > 10% nitrogen by weight (excl. in tablets or similar forms, or in packages with a gross weight of <= 10 kg)"
VN,31059080,,0.79,0.06,0.85,,"Mineral or chemical fertilisers containing the two fertilising elements nitrogen and potassium, or one main fertilising element, incl. mixtures of animal or vegetable fertilisers with chemical or mineral fertilisers, not containing nitrogen or with a nitrogen content, by weight, of <= 10% (excl. in tablets or similar forms or in packages of a gross weight of <= 10 kg)"
VN,7601,,0.36,,0.36,L,Unwrought aluminium
VN,7603,,1.8,,1.8,L,Aluminium powders and flakes
VN,76041010,,2.02,,2.02,L,Bars and rods
VN,76041090,,2.04,,2.04,L,Profiles
VN,76042100,,2.04,,2.04,L,Hollow profiles
VN,76042910,,2.02,,2.02,L,Bars and rods
VN,76042990,,2.04,,2.04,L,Profiles
VN,7605,,2.02,,2.02,L,Aluminium wire
VN,7606,,2.48,,2.48,L,"Aluminium plates, sheets and strip, of a thickness exceeding 0,2 mm"
VN,7607,,2.48,,2.48,L,"Aluminium foil (whether or not printed or backed with paper, paperboard, plastics or similar backing materials) of a thickness (excluding any backing) not exceeding 0,2 mm"
VN,7608,,2.04,,2.04,L,Aluminium tubes and pipes
VN,76090000,,2.04,,2.04,L,"Aluminium tube or pipe fittings (for example, couplings, elbows, sleeves)"
VN,76101000,,2.04,,2.04,L,"Doors, windows and their frames and thresholds for doors"
VN,761090,,2.04,,2.04,L,Other
VN,76109010,,2.04,,2.04,L,"Bridges and bridge-sections, towers and lattice masts"
VN,76109090,,2.04,,2.04,L,Other
VN,76110000,,2.48,,2.48,L,"Aluminium reservoirs, tanks, vats and similar containers, for any material (other than compressed or liquefied gas), of a capacity exceeding 300 litres, whether or not lined or heat-insulated, but not fitted with mechanical or thermal equipment"
VN,7612,,2.48,,2.48,L,"Aluminium casks, drums, cans, boxes and similar containers (including rigid or collapsible tubular containers), for any material (other than compressed or liquefied gas), of a capacity not exceeding 300 litres, whether or not lined or heat-insulated, but not fitted with mechanical or thermal equipment"
VN,76130000,,2.48,,2.48,L,Aluminium containers for compressed or liquefied gas
VN,7614,,2.02,,2.02,L,"Stranded wire, cables, plaited bands and the like, of aluminium, not electrically insulated"
VN,76161000,,2.48,,2.48,L,"Nails, tacks, staples (other than those of heading 8305), screws, bolts, nuts, screw hooks, rivets, cotters, cotter pins, washers and similar articles"
VN,76169100,,2.48,,2.48,L,"Cloth, grill, netting and fencing, of aluminium wire"
VN,76169910,,1.8,,1.8,L,Cast
VN,76169990,,2.48,,2.48,L,Other
VN,28041000,,10.82,,10.82,,Hydrogen
VN,26011200,,1.04,0.07,1.11,,Agglomerated iron ores and concentrates (excl. roasted iron pyrites)
VN,7201,,2.19,,2.19,,"Pig iron and spiegeleisen, in pigs, blocks or other primary forms"
VN,720211,,1.69,,1.69,,"Ferro-manganese, containing by weight > 2% of carbon"
VN,72026000,,3.48,,3.48,,Ferro-nickel
VN,7205,,2.24,,2.24,C/F,"Granules and powders of pig iron, spiegeleisen, iron or steel (excl. granules and powders of ferro-alloys, turnings and filings of iron or steel, radioactive iron powders ""isotopes"" and certain low-calibre, substandard balls for ballbearings)"
VN,72061000,,2.33,,2.33,C,"Ingots, of iron and non-alloy steel (excl. remelted scrap ingots, continuous cast products, iron of heading 7203)"
VN,72069000,,2.33,,2.33,C,"Iron and non-alloy steel, in puddled bars or other primary forms (excl. ingots, remelted scrap ingots, continuous cast products, iron of heading 7203)"
VN,72071111,,2.35,,2.35,C,"Semi-finished products, of non-alloy free-cutting steel, containing by weight < 0,25% carbon, of square or rectangular cross-section, the width < twice the thickness, rolled or obtained by continuous casting"
VN,72071114,,2.35,,2.35,C,"Semi-finished products, of iron or non-alloy steel, containing by weight < 0,25% carbon, of square or rectangular cross-section, the width < twice the thickness of <= 130 mm, rolled or obtained by continuous casting (excl. free-cutting steel)"
VN,72071116,,2.35,,2.35,C,"Semi-finished products, of iron or non-alloy steel, containing by weight < 0,25% carbon, of square or rectangular cross-section, the width < twice the thickness of > 130 mm, rolled or obtained by continuous casting (excl. free-cutting steel)"
VN,72071190,,2.33,,2.33,C,"Semi-finished products of iron or non-alloy steel, containing by weight < 0,25% carbon, of rectangular cross-section, the width < twice the thickness, forged"
VN,72071210,,2.35,,2.35,C,"Semi-finished products of iron or non-alloy steel, containing by weight < 0,25 of carbon, of rectangular ""other than square"" cross-section, the width measuring >= twice the thickness, rolled or obtained by continuous casting"
VN,72071290,,2.33,,2.33,C,"Semi-finished products of iron or non-alloy steel, containing by weight < 0,25% carbon, of rectangular ""other than square"" cross-section, the width >= twice the thickness, forged"
VN,72071912,,2.35,,2.35,C,"Semi-finished products, of iron or non-alloy steel, containing by weight < 0,25% carbon, of circular or polygonal cross-section, rolled or obtained by continuous casting"
VN,72071919,,2.33,,2.33,C,"Semi-finished products of iron or non-alloy steel, containing by weight < 0,25% carbon, of circular or polygonal cross-section, forged"
VN,72071980,,2.35,,2.35,C,"Semi-finished products of iron or non-alloy steel, containing by weight < 0,25% carbon (excl. semi-products, of square, rectangular, circular or polygonal cross-section)"
VN,72072011,,2.35,,2.35,C,"Semi-finished products, of non-alloy free-cutting steel, containing by weight >= 0,25% carbon, of square or rectangular cross-section, the width < twice the thickness, rolled or obtained by continuous casting"
VN,72072015,,2.35,,2.35,C,"Semi-finished products of iron or non-alloy steel, containing by weight >= 0,25% but < 0,6% carbon, of square or rectangular cross-section, the width < twice the thickness, rolled or obtained by continuous casting (excl. free-cutting steel)"
VN,72072017,,2.35,,2.35,C,"Semi-finished products of iron or non-alloy steel, containing by weight >= 0,6% carbon, of square or rectangular cross-section, the width < twice the thickness, rolled or obtained by continuous casting (excl. free-cutting steel)"
VN,72072019,,2.33,,2.33,C,"Semi-finished products of iron or non-alloy steel, containing by weight >= 0,25% carbon, of square or rectangular cross-section, the width < twice the thickness, forged"
VN,72072032,,2.35,,2.35,C,"Semi-finished products of iron or non-alloy steel, containing by weight >= 0,25 of carbon, of rectangular ""other than square"" cross-section, the width measuring >= twice the thickness, rolled or obtained by continuous casting"
VN,72072039,,2.33,,2.33,C,"Semi-finished products of iron or non-alloy steel, containing by weight >= 0,25% carbon, of rectangular ""other than square"" cross-section and the width >= twice the thickness, forged"
VN,72072052,,2.35,,2.35,C,"Semi-finished products of iron or non-alloy steel, containing by weight >= 0,25% carbon, of circular or polygonal cross-section, rolled or obtained by continuous casting"
VN,72072059,,2.33,,2.33,C,"Semi-finished products of iron or non-alloy steel, containing by weight >= 0,6% carbon, of circular or polygonal cross-section, forged"
VN,72072080,,2.35,,2.35,C,"Semi-finished products of iron or non-alloy steel, containing by weight >= 0,25% carbon (excl. those of square, rectangular, circular or polygonal cross-section)"
VN,7208,,2.35,,2.35,C,"Flat-rolled products of iron or non-alloy steel, of a width >= 600 mm, hot-rolled, not clad, plated or coated"
VN,7209,,2.37,,2.37,C,"Flat-rolled products of iron or non-alloy steel, of a width of >= 600 mm, cold-rolled ""cold-reduced"", not clad, plated or coated"
VN,7210,,2.37,,2.37,C,"Flat-rolled products of iron or non-alloy steel, of a width >= 600 mm, hot-rolled or cold-rolled ""cold-reduced"", clad, plated or coated"
VN,72111300,,2.35,,2.35,C,"Flat-rolled products of iron or non-alloy steel, simply hot-rolled on four faces or in a closed box pass, not clad, plated or coated, of a width of > 150 mm but < 600 mm and a thickness of >= 4 mm, not in coils, without patterns in relief, commonly known as ""wide flats"""
VN,72111400,,2.35,,2.35,C,"Flat-rolled products of iron or non-alloy steel, of a width < 600 mm, not further worked than hot-rolled, not clad, plated or coated, of a thickness of >= 4,75 mm (excl. ""wide flats"")"
VN,72111900,,2.35,,2.35,C,"Flat-rolled products of iron or non-alloy steel, of a width < 600 mm, simply hot-rolled, not clad, plated or coated, of a thickness < 4,75 mm (excl. ""wide flats"")"
VN,721123,,2.37,,2.37,C,"Flat-rolled products of iron or non-alloy steel, of a width of < 600 mm, simply cold-rolled ""cold-reduced"", not clad, plated or coated, containing by weight < 0,25% of carbon"
VN,72112900,,2.37,,2.37,C,"Flat-rolled products of iron or non-alloy steel, of a width of < 600 mm, simply cold-rolled ""cold-reduced"", not clad, plated or coated, containing by weight >= 0,25% of carbon"
VN,721190,,2.37,,2.37,C,"Flat-rolled products of iron or non-alloy steel, of a width of < 600 mm, hot-rolled or cold-rolled ""cold-reduced"" and further worked, but not clad, plated or coated"
VN,7212,,2.37,,2.37,C,"Flat-rolled products of iron or non-alloy steel, of a width of < 600 mm, hot-rolled or cold-rolled ""cold-reduced"", clad, plated or coated"
VN,7213,,2.35,,2.35,C,"Bars and rods of iron or non-alloy steel, hot-rolled, in irregularly wound coils"
VN,72141000,,2.33,,2.33,C,"Bars and rods, of iron or non-alloy steel, not further worked than forged (excl. in irregularly wound coils)"
VN,72142000,,2.35,,2.35,C,"Bars and rods, of iron or non-alloy steel, with indentations, ribs, groves or other deformations produced during the rolling process"
VN,72143000,,2.35,,2.35,C,"Bars and rods, of non-alloy free-cutting steel, not further worked than hot-rolled, hot-drawn or hot-extruded (excl. containing indentations, ribs, grooves or other deformations produced during the rolling process or twisted after rolling)"
VN,721491,,2.35,,2.35,C,"Bars and rods, of iron or non-alloy steel, not further worked than hot-rolled, hot-drawn or hot-extruded, of rectangular ""other than square"" cross-section (excl. containing indentations, ribs, grooves or other deformations produced during the rolling process, bars and rods twisted after rolling and free-cutting steel)"
VN,721499,,2.35,,2.35,C,"Bars and rods, of iron or non-alloy steel, only hot-rolled, only hot-drawn or only hot-extruded (excl. of rectangular [other than square] cross-section and those containing indentations, ribs, grooves or other deformations produced during the rolling process, and of non-alloy free-cutting steel)"
VN,7215,,2.35,,2.35,C,"Bars and rods, of iron or non-alloy steel, cold-formed or cold-finished, whether or not further worked, or hot-formed and further worked, n.e.s."
VN,7216,,2.35,,2.35,C,"Angles, shapes and sections of iron or non-alloy steel, n.e.s."
VN,721710,,2.35,,2.35,C,"Wire of iron or non-alloy steel, in coils, not plated or coated, whether or not polished (excl. bars and rods)"
VN,721720,,2.35,,2.35,C,"Wire of iron or non-alloy steel, in coils, plated or coated with zinc (excl. bars and rods)"
VN,721730,,2.35,,2.35,C,"Wire of iron or non-alloy steel, in coils, plated or coated with base metals (excl. plated or coated with zinc, and bars and rods)"
VN,721790,,2.35,,2.35,C,"Wire of iron or non-alloy steel, in coils, plated or coated (excl. plated or coated with base metals, and bars and rods)"
VN,722410,,3.44,,3.44,F,"Steel, alloy, other than stainless, in ingots or other primary forms (excl. waste and scrap in ingot form, and products obtained by continuous casting)"
VN,72249002,,3.48,,3.48,F,Semi-finished products of tool steel
VN,72249003,,3.48,,3.48,F,"Semi-finished products of high-speed steel, of square or rectangular cross-section, hot-rolled or obtained by continuous casting the width measuring < twice the thickness"
VN,72249005,,3.48,,3.48,F,"Semi-finished products of steel containing by weight <= 0,7% of carbon, 0,5% to 1,2% of manganese, 0,6% to 2,3% of silicon, or of steel containing by weight >= 0,0008% of boron with any other element < the minimum content referred to in Note 1 f to chapter 72, of square or rectangular cross-section, hot rolled or obtained by continuous casting, the width measuring < twice the thickness"
VN,72249007,,3.48,,3.48,F,"Semi-finished products of alloy steel other than stainless steel, of square or rectangular cross-section, hot-rolled or obtained by continuous casting, the width measuring < twice the thickness (excl. of tool steel, high-speed steel and articles of subheading 7224.90.05)"
VN,72249014,,3.48,,3.48,F,"Semi-finished products of alloy steel other than stainless steel, of square or rectangular cross-section, hot-rolled or obtained by continuous casting, the width measuring >= twice the thickness (excl. of tool steel)"
VN,72249018,,3.44,,3.44,F,"Semi-finished products of alloy steel other than stainless steel, of square or rectangular cross-section, forged (excl. of tool steel)"
VN,72249031,,3.48,,3.48,F,"Semi-finished products of steel containing by weight 0,9% to 1,15% carbon, 0,5% to 2% of chromium and, if present, <= 0,5% of molybdenum, cut into shapes other than square or rectangular, hot-rolled or obtained by continuous casting"
VN,72249038,,3.48,,3.48,F,"Semi-finished products of alloy steel, other than stainless steel, cut into shapes other than square or rectangular, hot-rolled or obtained by continuous casting (excl. of tool steel and products containing by weight 0,9% to 1,15% of carbon, 0,5% to 2% of chromium and, if present, <= 0,5% of molybdenum)"
VN,72249090,,3.44,,3.44,F,"Semi-finished products of alloy steel, other than stainless steel, forged (excl. of tool steel and products of square or rectangular, circular or polygamol cross-section)"
VN,72251100,,4.6,,4.6,C,"Flat-rolled products of silicon-electrical steel, of a width of >= 600 mm, grain-oriented"
VN,72251910,,3.48,,3.48,C,"Flat-rolled products of silicon-electrical steel, of a width of >= 600 mm, hot-rolled"
VN,72251990,,3.5,,3.5,C,"Flat-rolled products of silicon-electrical steel, of a width of >= 600 mm, cold-rolled ""cold-reduced"", non-grain-oriented"
VN,722530,,3.48,,3.48,F,"Flat-rolled products of alloy steel other than stainless, of a width of >= 600 mm, not further worked than hot-rolled, in coils (excl. products of silicon-electrical steel)"
VN,722540,,3.48,,3.48,F,"Flat-rolled products of alloy steel other than stainless, of a width of >= 600 mm, not further worked than hot-rolled, not in coils (excl. products of silicon-electrical steel)"
VN,722550,,3.5,,3.5,F,"Flat-rolled products of alloy steel other than stainless, of a width of >= 600 mm, not further worked than cold-rolled ""cold-reduced"" (excl. products of silicon-electrical steel)"
VN,72259100,,3.5,,3.5,F,"Flat-rolled products of alloy steel other than stainless, of a width of >= 600 mm, hot-rolled or cold-rolled ""cold-reduced"" and electrolytically plated or coated with zinc (excl. products of silicon-electrical steel)"
VN,72259200,,3.5,,3.5,F,"Flat-rolled products of alloy steel other than stainless, of a width of >= 600 mm, hot-rolled or cold-rolled ""cold-reduced"" and plated or coated with zinc (excl. electrolytically plated or coated and products of silicon-electrical steel)"
VN,72259900,,3.5,,3.5,F,"Flat-rolled products of alloy steel other than stainless, of a width of >= 600 mm, hot-rolled or cold-rolled ""cold-reduced"" and further worked (excl. plated or coated with zinc and products of silicon-electrical steel)"
VN,72261100,,4.6,,4.6,C,"Flat-rolled products of silicon-electrical steel, of a width of < 600 mm, hot-rolled or cold-rolled ""cold-reduced"", grain-oriented"
VN,72261910,,3.48,,3.48,C,"Flat-rolled products of silicon-electrical steel, of a width of < 600 mm, not further worked than hot-rolled"
VN,72261980,,3.5,,3.5,C,"Flat-rolled products of silicon-electrical steel, of a width of < 600 mm, cold-rolled ""cold-reduced"", whether or not further worked, or hot-rolled and further worked, non-grain-oriented"
VN,72262000,,3.48,,3.48,F,"Flat-rolled products of high-speed steel, of a width of <= 600 mm, hot-rolled or cold-rolled ""cold-reduced"""
VN,722691,,3.48,,3.48,F,"Flat-rolled products of alloy steel other than stainless, of a width of < 600 mm, not further worked than hot-rolled (excl. products of high-speed steel or silicon-electrical steel)"
VN,72269200,,3.5,,3.5,F,"Flat-rolled products of alloy steel other than stainless, of a width of < 600 mm, not further worked than cold-rolled ""cold-reduced"" (excl. products of high-speed steel or silicon-electrical steel)"
VN,722699,,3.5,,3.5,F,"Flat-rolled products of alloy steel other than stainless, of a width of < 600 mm, hot-rolled or cold-rolled ""cold-reduced"" and further worked (excl. products of high-speed steel or silicon-electrical steel)"
VN,7227,,3.5,,3.5,C/F,"Bars and rods of alloy steel other than stainless, hot-rolled, in irregularly wound coils"
VN,72281020,,3.5,,3.5,F,"Bars and rods of high-speed steel, not further worked than hot-rolled, hot-drawn or extruded, and hot-rolled, hot-drawn or extruded, not further worked than clad (excl. semi-finished products, flat-rolled products and hot-rolled bars and rods in irregularly wound coils)"
VN,72281050,,3.44,,3.44,F,"Bars and rods of high-speed steel, forged (excl. semi-finished products, flat-rolled products and hot-rolled bars and rods in irregularly wound coils)"
VN,72281090,,3.5,,3.5,F,"Bars and rods of high-speed steel, not further worked than cold-formed or cold-finished, whether or not further worked, or hot-formed and further worked (excl. forged products, semi-finished products, flat-rolled products and hot-rolled bars and rods in irregularly wound coils)"
VN,722820,,3.5,,3.5,F,"Bars and rods of silico-manganese steel (excl. semi-finished products, flat-rolled products and hot-rolled bars and rods in irregularly wound coils)"
VN,722830,,3.5,,3.5,C/F,"Bars and rods of alloy steel other than stainless, not further worked than hot-rolled, hot-drawn or extruded (excl. products of high-speed steel or silico-manganese steel, semi-finished products, flat-rolled products and hot-rolled bars and rods in irregularly wound coils)"
VN,722840,,3.44,,3.44,F,"Bars and rods of alloy steel other than stainless, not further worked than forged (excl. products of high-speed steel or silico-manganese steel, semi-finished products, flat-rolled products and hot-rolled bars and rods in irregularly wound coils)"
VN,722850,,3.5,,3.5,C/F,"Bars and rods of alloy steel other than stainless, not further worked than cold-formed or cold-finished (excl. products of high-speed steel or silico-manganese steel, semi-finished products, flat-rolled products and hot-rolled bars and rods in irregularly wound coils)"
VN,722860,,3.5,,3.5,F,"Bars and rods of alloy steel other than stainless, cold-formed or cold-finished and further worked or hot-formed and further worked, n.e.s. (excl. products of high-speed steel or silico-manganese steel, semi-finished products, flat-rolled products and hot-rolled bars and rods in irregularly wound coils)"
VN,722870,,3.5,,3.5,F,"Angles, shapes and sections of alloy steel other than stainless, n.e.s."
VN,72288000,,3.5,,3.5,F,"Hollow drill bars and rods, of alloy or non-alloy steel"
VN,7229,,3.5,,3.5,C/F,"Wire of alloy steel other than stainless, in coils (excl. bars and rods)"
VN,7301,,2.37,,2.37,C,"Sheet piling of iron or steel, whether or not drilled, punched or made from assembled elements; welded angles, shapes and sections, of iron or steel"
VN,7302,,2.77,,2.77,C,"Railway or tramway track construction material of iron or steel, the following : rails, check-rails and rack rails, switch blades, crossing frogs, point rods and other crossing pieces, sleepers ""cross-ties"", fish-plates, chairs, chair wedges, sole plates ""base plates"", rail clips, bedplates, ties and other material specialised for jointing or fixing rails"
VN,730300,,2.23,,2.23,,"Tubes, pipes and hollow profiles, of cast iron"
VN,73041100,,3.07,,3.07,,"Line pipe of a kind used for oil or gas pipelines, seamless, of stainless steel"
VN,730419,,2.33,,2.33,C,"Line pipe of a kind used for oil or gas pipelines, seamless, of iron or steel (excl. products of stainless steel or of cast iron)"
VN,73042200,,3.07,,3.07,,"Drill pipe, seamless, of stainless steel, of a kind used in drilling for oil or gas"
VN,73042300,,2.33,,2.33,C,"Drill pipe, seamless, of a kind used in drilling for oil or gas, of iron or steel (excl. products of stainless steel or of cast iron)"
VN,73042400,,3.07,,3.07,,"Casing and tubing, seamless, of a kind used for drilling for oil or gas, of stainless steel"
VN,730429,,2.33,,2.33,C,"Casing and tubing, seamless, of iron or steel, of a kind used in drilling for oil or gas (excl. products of cast iron)"
VN,730431,,2.33,,2.33,C,"Tubes, pipes and hollow profiles, seamless, of circular cross-section, of iron or non-alloy steel, cold-drawn or cold-rolled ""cold-reduced"" (excl. cast iron products and line pipe of a kind used for oil or gas pipelines or casing and tubing of a kind used for drilling for oil or gas)"
VN,730439,,2.33,,2.33,C,"Tubes, pipes and hollow profiles, seamless, of circular cross-section, of iron or non-alloy steel, not cold-drawn or cold-rolled ""cold-reduced"" (excl. cast iron products, line pipe of a kind used for oil or gas pipelines, casing and tubing of a kind used for drilling for oil or gas)"
VN,73044100,,3.07,,3.07,,"Tubes, pipes and hollow profiles, seamless, of circular cross-section, of stainless steel, cold-drawn or cold-rolled ""cold-reduced"" (excl. line pipe of a kind used for oil or gas pipelines, casing and tubing of a kind used for drilling for oil or gas)"
VN,730449,,3.07,,3.07,,"Tubes, pipes and hollow profiles, seamless, of circular cross-section, of stainless steel, not cold-drawn or cold-rolled ""cold-reduced"" (excl. line pipe of a kind used for oil or gas pipelines or of a kind used for drilling for oil or gas)"
VN,730451,,2.26,,2.26,F,"Tubes, pipes and hollow profiles, seamless, of circular cross-section, of alloy steel other than stainless, cold-drawn or cold-rolled ""cold-reduced"" (excl. line pipe of a kind used for oil or gas pipelines, casing and tubing of a kind used for drilling for oil)"
VN,730459,,2.26,,2.26,C/F,"Tubes, pipes and hollow profiles, seamless, of circular cross-section, of alloy steel other than stainless, not cold-drawn or cold-rolled ""cold-reduced"" (excl. line pipe of a kind used for oil or gas pipelines, casing and tubing of a kind used for drilling for oil)"
VN,73049000,,2.33,,2.33,C,"Tubes, pipes and hollow profiles, seamless, of non-circular cross-section, of iron or steel (excl. products of cast iron)"
VN,7305,,2.37,,2.37,C,"Tubes and pipes, having circular cross-sections and an external diameter of > 406,4 mm, of flat-rolled products of iron or steel ""e.g., welded, riveted or similarly closed"""
VN,73061100,,3.12,,3.12,,"Line pipe of a kind used for oil or gas pipelines, welded, of flat-rolled products of stainless steel, of an external diameter of <= 406,4 mm"
VN,73061900,,2.37,,2.37,C,"Line pipe of a kind used for oil or gas pipelines, welded, of flat-rolled products of iron or steel, of an external diameter of <= 406,4 mm (excl. products of stainless steel or of cast iron)"
VN,73062100,,3.12,,3.12,,"Casing and tubing of a kind used in drilling for oil or gas, welded, of flat-rolled products of stainless steel, of an external diameter of <= 406,4 mm"
VN,73062900,,2.37,,2.37,C,"Casing and tubing of a kind used in drilling for oil or gas, welded, of flat-rolled products of iron or steel, of an external diameter of <= 406,4 mm (excl. products of stainless steel or of cast iron)"
VN,73063012,,2.37,,2.37,C,"Precision tubes, welded, of circular cross-section, of iron or non-alloy steel, cold-drawn or cold-rolled ""cold-reduced"""
VN,73063018,,2.35,,2.35,C,"Precision tubes, welded, of circular cross-section, of iron or non-alloy steel (excl. cold-drawn or cold-rolled)"
VN,73063041,,2.37,,2.37,C,"Threaded or threadable tubes ""gas pipe"", welded, of circular cross-section, of iron or non-alloy steel, plated or coated with zinc"
VN,73063049,,2.37,,2.37,C,"Threaded or threadable tubes ""gas pipe"", welded, of circular cross-section, of iron or non-alloy steel (excl. products plated or coated with zinc)"
VN,73063072,,2.37,,2.37,C,"Other tubes, pipes and hollow profiles, welded, of circular cross-section, of iron or non-alloy steel, of an external diameter of <= 168,3 mm, plated or coated with zinc (excl. line pipe of a kind used for oil or gas pipelines or casing and tubingof a kind used in drilling for oil or gas)"
VN,73063077,,2.37,,2.37,C,"Other tubes, pipes and hollow profiles, welded, of circular cross-section, of iron or non-alloy steel of an external diameter of <= 168,3 mm (excl. plated or coated with zinc and line pipe of a kind used for oil or gas pipelines, casing and tubing of a kind used in drilling for oil or gas, precision tubes and threaded or threadable tubes ""gas pipe"")"
VN,73063080,,2.37,,2.37,C,"Tubes, pipes and hollow profiles, welded, having a circular cross-section, of iron or steel, of an external diameter of > 168,3 mm but <= 406,4 mm (excl. line pipe of a kind used for oil or gas pipelines or casing and tubing of a kind used in drilling for oil or gas, or precision steel tubes, electrical conduit tubes or threaded or threadable tubes ""gas pipe"")"
VN,73064020,,3.12,,3.12,,"Tubes, pipes and hollow profiles, welded, of circular cross-section, of stainless steel, cold-drawn or cold-rolled ""cold-reduced"" (excl. products having internal and external circular cross-sections and an external diameter of > 406,4 mm, and line pipe of a kind used for oil or gas pipelines or casing and tubing of a kind used in drilling for oil or gas)"
VN,73064080,,3.11,,3.11,,"Tubes, pipes and hollow profiles, welded, of circular cross-section, of stainless steel (excl. products cold-drawn or cold-rolled ""cold-reduced"", tubes and pipes having internal and external circular cross-sections and an external diameter of > 406,4 mm, and line pipe of a kind used for oil or gas pipelines or casing and tubing of a kind used in drilling for oil or gas)"
VN,73065021,,2.32,,2.32,F,"Precision steel tubes, welded, of circular cross-section, of alloy steel other than stainless, cold-drawn or cold-rolled ""cold-reduced"""
VN,73065029,,2.31,,2.31,F,"Precision steel tubes, welded, of circular cross-section, of alloy steel other than stainless (excl. cold-drawn or cold-rolled)"
VN,73065080,,2.32,,2.32,F,"Tubes, pipes and hollow profiles, welded, of circular cross-section, of alloy steel other than stainless (excl. tubes and pipes having internal and external circular cross-sections and an external diameter of > 406,4 mm, and line pipe of a kind used for oil or gas pipelines or casing and tubing of a kind used in drilling for oil or gas, and precision steel tubes)"
VN,73066110,,3.12,,3.12,,"Tubes and pipes and hollow profiles, welded, of square or rectangular cross-section, of stainless steel"
VN,73066192,,2.37,,2.37,C,"Tubes and pipes and hollow profiles, welded, of square or rectangular cross-section, of iron or steel other than stainless steel, with a wall thickness of <= 2 mm"
VN,73066199,,2.37,,2.37,C,"Tubes and pipes and hollow profiles, welded, of square or rectangular cross-section, of iron or steel other than stainless steel, with a wall thickness of > 2 mm"
VN,73066910,,3.12,,3.12,,"Tubes, pipes and hollow profiles, welded, of non-circular cross-section, of stainless steel (excl. tubes and pipes having internal and external circular cross-sections and an external diameter of > 406,4 mm, line pipe of a kind used for oil or gas pipelines or casing and tubing of a kind used in drilling for oil or gas, and tubes and pipes and hollow profiles of square or rectangular cross-section)"
VN,73066990,,2.37,,2.37,C,"Tubes, pipes and hollow profiles, welded, of non-circular cross-section, of iron or steel other than stainless steel (excl. tubes and pipes having internal and external circular cross-sections and an external diameter of > 406,4 mm, line pipe of a kind used for oil or gas pipelines or casing and tubing of a kind used in drilling for oil or gas, and tubes and pipes and hollow profiles of square or rectangular cross-section)"
VN,73069000,,2.37,,2.37,C,"Tubes, pipes and hollow profiles ""e.g., open seam, riveted or similarly closed"", of iron or steel (excl. of cast iron, seamless or welded tubes and pipes and tubes and pipes having internal and external circular cross-sections and an external diameter of > 406,4 mm)"
VN,730711,,2.23,,2.23,,Tube or pipe fittings of non-malleable cast iron
VN,73071910,,2.23,,2.23,,Tube or pipe fittings of cast iron (excl. of non-malleable)
VN,73071990,,2.33,,2.33,C,Cast tube or pipe fittings of steel
VN,73072100,,2.74,,2.74,,Flanges of stainless steel (excl. cast products)
VN,730722,,2.74,,2.74,,"Threaded elbows, bends and sleeves of stainless steel (excl. cast products)"
VN,730723,,2.74,,2.74,,Butt welding tube or pipe fittings of stainless steel (excl. cast products)
VN,730729,,2.74,,2.74,,"Tube or pipe fittings of stainless steel (excl. cast products, flanges, threaded elbows, bends and sleeves and butt weldings fittings)"
VN,73079100,,2.33,,2.33,C,Flanges of iron or steel (excl. cast or stainless products)
VN,730792,,2.33,,2.33,C,"Threaded elbows, bends and sleeves, of stainless steel (excl. cast or stainless products)"
VN,730793,,2.33,,2.33,C,"Butt welding fittings of iron or steel (excl. cast iron or stainless steel products, and flanges)"
VN,730799,,2.33,,2.33,C,"Tube or pipe fittings, of iron or steel (excl. cast iron or stainless steel products; flanges; threaded elbows, bends and sleeves; butt welding fittings)"
VN,7308,,2.84,,2.84,C,"Structures and parts of structures ""e.g., bridges and bridge-sections, lock-gates, towers, lattice masts, roofs, roofing frameworks, doors and windows and their frames and thresholds for doors, shutters, balustrades, pillars and columns"", of iron or steel; plates, rods, angles, shapes, sections, tubes and the like, prepared for use in structures, of iron or steel (excl. prefabricated buildings of heading 9406)"
VN,7309,,2.99,,2.99,C,"Reservoirs, tanks, vats and similar containers, of iron or steel, for any material ""other than compressed or liquefied gas"", of a capacity of > 300 l, not fitted with mechanical or thermal equipment, whether or not lined or heat-insulated (excl. containers specifically constructed or equipped for one or more types of transport)"
VN,7310,,2.37,,2.37,C,"Tanks, casks, drums, cans, boxes and similar containers, of iron or steel, for any material ""other than compressed or liquefied gas"", of a capacity of <= 300 l, not fitted with mechanical or thermal equipment, whether or not lined or heat-insulated, n.e.s."
VN,731100,,2.96,,2.96,C,"Containers of iron or steel, for compressed or liquefied gas (excl. containers specifically constructed or equipped for one or more types of transport)"
VN,73181100,,2.35,,2.35,C,Coach screws of iron or steel
VN,73181210,,3.09,,3.09,,Wood screws of stainless steel (excl. coach screws)
VN,73181290,,2.35,,2.35,C,Wood screws of iron or steel other than stainless (excl. coach screws)
VN,73181300,,2.35,,2.35,C,"Screw hooks and screw rings, of iron or steel"
VN,73181410,,3.09,,3.09,,"Self-tapping screws, of stainless steel (excl. wood screws)"
VN,73181491,,2.35,,2.35,C,Spaced-thread screws of iron or steel other than stainless
VN,73181499,,2.35,,2.35,C,Self-tapping screws of iron or steel other than stainless (excl. spaced-thread screws and wood screws)
VN,731815,,2.75,,2.75,C,"Threaded screws and bolts, of iron or steel, whether or not with their nuts and washers (excl. coach screws and other wood screws, screw hooks and screw rings, self-tapping screws, lag screws, stoppers, plugs and the like, threaded)"
VN,731816,,2.96,,2.96,C,Nuts of iron or steel
VN,73181900,,2.35,,2.35,C,"Threaded articles, of iron or steel, n.e.s."
VN,73182100,,2.35,,2.35,C,"Spring washers and other lock washers, of iron or steel"
VN,73182200,,2.41,,2.41,C,Washers of iron or steel (excl. spring washers and other lock washers)
VN,73182300,,2.35,,2.35,C,Rivets of iron or steel (excl. tubular and bifurcated rivets for particular uses)
VN,73182400,,2.35,,2.35,C,"Cotters and cotter pins, of iron or steel"
VN,73182900,,2.35,,2.35,C,"Non-threaded articles, of iron or steel"
VN,73261100,,2.33,,2.33,C,"Grinding balls and similar articles for mills, of iron or steel, forged or stamped, but not further worked"
VN,732619,,2.33,,2.33,C,"Articles of iron or steel, forged or stamped, but not further worked, n.e.s. (excl. grinding balls and similar articles for mills)"
VN,73262000,,2.35,,2.35,C,"Articles of iron or steel wire, n.e.s."
VN,73269030,,2.35,,2.35,C,"Ladders and steps, of iron or steel"
VN,73269040,,2.35,,2.35,C,"Pallets and similar platforms for handling goods, of iron or steel"
VN,73269050,,2.35,,2.35,C,"Reels for cables, piping and the like, of iron or steel"
VN,73269060,,2.35,,2.35,C,"Ventilators, non-mechanical, guttering, hooks and like articles used in the building industry, n.e.s., of iron or steel"
VN,73269092,,2.33,,2.33,C,"Articles of iron or steel, open-die forged, n.e.s."
VN,73269094,,2.33,,2.33,C,"Articles of iron or steel, closed-die forged, n.e.s."
VN,73269096,,2.33,,2.33,C,"Sintered articles of iron or steel, n.e.s."
VN,73269098,,2.37,,2.37,C,"Articles of iron or steel, n.e.s."
ZZ,25070080,,0.21,0.07,0.28,,Calcined clay
ZZ,25231000,WHITE,1.32,0.06,1.37,B,White clinker
ZZ,25231000,GREY,1.37,0.05,1.41,A,Other clinker including grey clinker
ZZ,25232100,,1.3,0.14,1.45,,White Portland cement
ZZ,25232900,,1.36,0.08,1.44,,Grey Portland cement
ZZ,25233000,,1.89,0.14,2.03,,Aluminous cement
ZZ,25239000,WHITE,1.31,0.18,1.49,B,White hydraulic cement
ZZ,25239000,GREY,1.28,0.09,1.37,A,Other hydraulic cements including grey hydraulic cements
ZZ,28080000,,2.77,0.04,2.81,,Nitric acid; sulphonitric acids
ZZ,28141000,,2.97,0.15,3.13,,Anhydrous ammonia
ZZ,28142000,,0.91,0.05,0.96,,Ammonia in aqueous solution
ZZ,28342100,,2.26,0.07,2.33,,Nitrate of potassium
ZZ,31021012,,0.86,0.04,0.9,,"Urea in aqueous solution, containing >45% nitrogen in relation to the weight of the dry product and containing =>31,8% but <=33,2 % by weight of urea (excl. that in packages with a gross weight of <= 10 kg)"
ZZ,31021015,,1.43,0.04,1.47,,"Urea in aqueous solution, containing >45% nitrogen in relation to the weight of the dry product and containing >33,2% but <=55% by weight of urea (excl. that in packages with a gross weight of <= 10 kg)"
ZZ,31021019,,2.6,0.12,2.72,,"Urea, whether or not in aqueous solution, containing >45% nitrogen in relation to the weight of the dry product (excl. that in tablets or similar forms, or in packages with a gross weight of <= 10 kg, or in aqueous solution containing =>31,8% but <=55% by weight of urea)"
ZZ,31021090,,2.54,0.12,2.66,,"Urea, whether or not in aqueous solution, containing <= 45% by weight of nitrogen on the dry anhydrous product (excl. goods of this chapter in tablets or similar forms or in packages of a gross weight of <= 10 kg)"
ZZ,31022100,,0.87,0.1,0.97,,"Ammonium sulphate (excl. that in tablets or similar forms, or in packages with a gross weight of <= 10 kg)"
ZZ,31022900,,1.51,0.11,1.62,,Double salts and mixtures of ammonium sulphate and ammonium nitrate
ZZ,31023010,,1.71,0.08,1.79,,Ammonium nitrate in aqueous solution (excl. that in packages with a gross weight of <= 10 kg)
ZZ,31023090,,2.64,0.11,2.75,,"Ammonium nitrate (excl. that in aqueous solution, in tablets or similar forms, or in packages with a gross weight of <= 10 kg)"
ZZ,31024010,,2.26,0.1,2.36,,"Mixtures of ammonium nitrate with calcium carbonate or other inorganic non-fertilising substances, for use as fertilisers, containing <= 28% nitrogen by weight (excl. those in tablets or similar forms, or in packages with a gross weight of <= 10 kg)"
ZZ,31024090,,2.26,0.1,2.36,,"Mixtures of ammonium nitrate with calcium carbonate or other inorganic non-fertilising substances, for use as fertilisers, containing > 28% nitrogen by weight (excl. those in tablets or similar forms, or in packages with a gross weight of <= 10 kg)"
ZZ,31025000,,4.32,0.07,4.39,,"Sodium nitrate (excl. that in tablets or similar forms, or in packages with a gross weight of <= 10 kg)"
ZZ,31026000,,2.21,0.1,2.31,,"Double salts and mixtures of calcium nitrate and ammonium nitrate (excl. those in tablets or similar forms, or in packages with a gross weight of <= 10 kg)"
ZZ,31028000,,1.85,0.1,1.96,,Mixtures of urea and ammonium nitrate in aqueous or ammoniacal solution (excl. those in packages with a gross weight of <= 10 kg)
ZZ,31029000,,2.16,0.11,2.28,,Mineral or chemical nitrogen fertilisers (excl. urea; ammonium sulphate; ammonium nitrate; sodium nitrate; double salts and mixtures of ammonium nitrate with ammonium sulphate or calcium; mixtures of urea and ammonium nitrate in aqueous or ammoniacal solution; mixtures of ammonium nitrate and calcium carbonate or other non-fertilising inorganic elements; in tablets or similar in packages <= 10 kg)
ZZ,31051000,,0.9,0.1,1,,"Mineral or chemical fertilisers of animal or vegetable origin, in tablets or similar forms, or in packages with a gross weight of <= 10 kg"
ZZ,31052010,,1.1,0.12,1.23,,"Mineral or chemical fertilisers containing phosphorus and potassium, with a nitrogen content > 10 % by weight on the dry anhydrous product (excl. those in tablets or similar forms, or in packages with a gross weight of <= 10 kg)"
ZZ,31052090,,0.75,0.09,0.84,,"Mineral or chemical fertilisers containing nitrogen, phosphorus and potassium, with a nitrogen content <= 10 % by weight on the dry anhydrous product (excl. those in tablets or similar forms, or in packages with a gross weight of <= 10 kg)"
ZZ,31053000,,0.71,0.08,0.78,,"Diammonium hydrogenorthophosphate ""diammonium phosphate"" (excl. that in tablets or similar forms, or in packages with a gross weight of <= 10 kg)"
ZZ,31054000,,0.45,0.06,0.51,,"Ammonium dihydrogenorthophosphate ""monoammonium phosphate"", whether or not mixed with diammonium hydrogenorthophosphate ""diammonium phosphate"" (excl. that in tablets or similar forms, or in packages with a gross weight of <= 10 kg)"
ZZ,31055100,,1.52,0.15,1.66,,Other mineral or chemical fertilisers containing the two fertilising elements nitrogen and phosphorus (nitrates and phosphates)
ZZ,31055900,,0.8,0.13,0.93,,Other mineral or chemical fertilisers containing the two fertilising elements nitrogen and phosphorus (excl. nitrates and phosphates)
ZZ,31059020,,1.5,0.08,1.57,,"Mineral or chemical fertilisers containing the two fertilising elements nitrogen and potassium, or one principal fertilising substance only, incl. mixtures of animal or vegetable fertilisers with chemical or mineral fertilisers, containing > 10% nitrogen by weight (excl. in tablets or similar forms, or in packages with a gross weight of <= 10 kg)"
ZZ,31059080,,0.76,0.06,0.82,,"Mineral or chemical fertilisers containing the two fertilising elements nitrogen and potassium, or one main fertilising element, incl. mixtures of animal or vegetable fertilisers with chemical or mineral fertilisers, not containing nitrogen or with a nitrogen content, by weight, of <= 10% (excl. in tablets or similar forms or in packages of a gross weight of <= 10 kg)"
ZZ,7601,,2.203,,2.203,K,Unwrought aluminium
ZZ,7603,,2.945,,2.945,K,Aluminium powders and flakes
ZZ,76041010,,3.233,,3.233,K,Bars and rods
ZZ,76041090,,3.251,,3.251,K,Profiles
ZZ,76042100,,3.251,,3.251,K,Hollow profiles
ZZ,76042910,,3.233,,3.233,K,Bars and rods
ZZ,76042990,,3.251,,3.251,K,Profiles
ZZ,7605,,3.184,,3.184,K,Aluminium wire
ZZ,7606,,3.717,,3.717,K,"Aluminium plates, sheets and strip, of a thickness exceeding 0,2 mm"
ZZ,7607,,3.893,,3.893,K,"Aluminium foil (whether or not printed or backed with paper, paperboard, plastics or similar backing materials) of a thickness (excluding any backing) not exceeding 0,2 mm"
ZZ,7608,,3.22,,3.22,K,Aluminium tubes and pipes
ZZ,76090000,,3.322,,3.322,K,"Aluminium tube or pipe fittings (for example, couplings, elbows, sleeves)"
ZZ,76101000,,3.212,,3.212,K,"Doors, windows and their frames and thresholds for doors"
ZZ,761090,,3.212,,3.212,K,Other
ZZ,76109010,,3.212,,3.212,K,"Bridges and bridge-sections, towers and lattice masts"
ZZ,76109090,,3.212,,3.212,K,Other
ZZ,76110000,,4.037,,4.037,K,"Aluminium reservoirs, tanks, vats and similar containers, for any material (other than compressed or liquefied gas), of a capacity exceeding 300 litres, whether or not lined or heat-insulated, but not fitted with mechanical or thermal equipment"
ZZ,7612,,3.944,,3.944,K,"Aluminium casks, drums, cans, boxes and similar containers (including rigid or collapsible tubular containers), for any material (other than compressed or liquefied gas), of a capacity not exceeding 300 litres, whether or not lined or heat-insulated, but not fitted with mechanical or thermal equipment"
ZZ,76130000,,4.037,,4.037,K,Aluminium containers for compressed or liquefied gas
ZZ,7614,,3.297,,3.297,K,"Stranded wire, cables, plaited bands and the like, of aluminium, not electrically insulated"
ZZ,76161000,,3.891,,3.891,K,"Nails, tacks, staples (other than those of heading 8305), screws, bolts, nuts, screw hooks, rivets, cotters, cotter pins, washers and similar articles"
ZZ,76169100,,3.891,,3.891,K,"Cloth, grill, netting and fencing, of aluminium wire"
ZZ,76169910,,2.953,,2.953,K,Cast
ZZ,76169990,,3.891,,3.891,K,Other
ZZ,28041000,,17.74,,17.74,,Hydrogen
ZZ,26011200,,0.617,0.07,0.686,,Agglomerated iron ores and concentrates (excl. roasted iron pyrites)
ZZ,7201,,3.48,,3.48,,"Pig iron and spiegeleisen, in pigs, blocks or other primary forms"
ZZ,720211,,1.69,,1.69,,"Ferro-manganese, containing by weight > 2% of carbon"
ZZ,720219,,5.59,,5.59,,"Ferro-manganese, containing by weight <= 2% carbon"
ZZ,720241,,2.35,,2.35,,"Ferro-chromium, containing by weight > 4% of carbon"
ZZ,720249,,2.87,,2.87,,"Ferro-chromium, containing by weight <= 4% of carbon"
ZZ,72026000,,4.014,,4.014,,Ferro-nickel
ZZ,7203,,1.325,,1.325,,"Ferrous products obtained by direct reduction of iron ore and other spongy ferrous products, in lumps, pellets or similar forms; iron having a minimum purity by weight of 99,94%, in lumps, pellets or similar forms"
ZZ,7205,,3.715,,3.715,C/F,"Granules and powders of pig iron, spiegeleisen, iron or steel (excl. granules and powders of ferro-alloys, turnings and filings of iron or steel, radioactive iron powders ""isotopes"" and certain low-calibre, substandard balls for ballbearings)"
ZZ,72061000,,3.75,,3.75,C,"Ingots, of iron and non-alloy steel (excl. remelted scrap ingots, continuous cast products, iron of heading 7203)"
ZZ,72069000,,3.75,,3.75,C,"Iron and non-alloy steel, in puddled bars or other primary forms (excl. ingots, remelted scrap ingots, continuous cast products, iron of heading 7203)"
ZZ,72071111,,3.996,,3.996,C,"Semi-finished products, of non-alloy free-cutting steel, containing by weight < 0,25% carbon, of square or rectangular cross-section, the width < twice the thickness, rolled or obtained by continuous casting"
ZZ,72071114,,3.996,,3.996,C,"Semi-finished products, of iron or non-alloy steel, containing by weight < 0,25% carbon, of square or rectangular cross-section, the width < twice the thickness of <= 130 mm, rolled or obtained by continuous casting (excl. free-cutting steel)"
ZZ,72071116,,3.996,,3.996,C,"Semi-finished products, of iron or non-alloy steel, containing by weight < 0,25% carbon, of square or rectangular cross-section, the width < twice the thickness of > 130 mm, rolled or obtained by continuous casting (excl. free-cutting steel)"
ZZ,72071190,,4.053,,4.053,C,"Semi-finished products of iron or non-alloy steel, containing by weight < 0,25% carbon, of rectangular cross-section, the width < twice the thickness, forged"
ZZ,72071210,,3.996,,3.996,C,"Semi-finished products of iron or non-alloy steel, containing by weight < 0,25 of carbon, of rectangular ""other than square"" cross-section, the width measuring >= twice the thickness, rolled or obtained by continuous casting"
ZZ,72071290,,4.053,,4.053,C,"Semi-finished products of iron or non-alloy steel, containing by weight < 0,25% carbon, of rectangular ""other than square"" cross-section, the width >= twice the thickness, forged"
ZZ,72071912,,3.996,,3.996,C,"Semi-finished products, of iron or non-alloy steel, containing by weight < 0,25% carbon, of circular or polygonal cross-section, rolled or obtained by continuous casting"
ZZ,72071919,,4.053,,4.053,C,"Semi-finished products of iron or non-alloy steel, containing by weight < 0,25% carbon, of circular or polygonal cross-section, forged"
ZZ,72071980,,3.996,,3.996,C,"Semi-finished products of iron or non-alloy steel, containing by weight < 0,25% carbon (excl. semi-products, of square, rectangular, circular or polygonal cross-section)"
ZZ,72072011,,3.996,,3.996,C,"Semi-finished products, of non-alloy free-cutting steel, containing by weight >= 0,25% carbon, of square or rectangular cross-section, the width < twice the thickness, rolled or obtained by continuous casting"
ZZ,72072015,,3.996,,3.996,C,"Semi-finished products of iron or non-alloy steel, containing by weight >= 0,25% but < 0,6% carbon, of square or rectangular cross-section, the width < twice the thickness, rolled or obtained by continuous casting (excl. free-cutting steel)"
ZZ,72072017,,3.996,,3.996,C,"Semi-finished products of iron or non-alloy steel, containing by weight >= 0,6% carbon, of square or rectangular cross-section, the width < twice the thickness, rolled or obtained by continuous casting (excl. free-cutting steel)"
ZZ,72072019,,4.053,,4.053,C,"Semi-finished products of iron or non-alloy steel, containing by weight >= 0,25% carbon, of square or rectangular cross-section, the width < twice the thickness, forged"
ZZ,72072032,,3.996,,3.996,C,"Semi-finished products of iron or non-alloy steel, containing by weight >= 0,25 of carbon, of rectangular ""other than square"" cross-section, the width measuring >= twice the thickness, rolled or obtained by continuous casting"
ZZ,72072039,,4.053,,4.053,C,"Semi-finished products of iron or non-alloy steel, containing by weight >= 0,25% carbon, of rectangular ""other than square"" cross-section and the width >= twice the thickness, forged"
ZZ,72072052,,3.996,,3.996,C,"Semi-finished products of iron or non-alloy steel, containing by weight >= 0,25% carbon, of circular or polygonal cross-section, rolled or obtained by continuous casting"
ZZ,72072059,,4.053,,4.053,C,"Semi-finished products of iron or non-alloy steel, containing by weight >= 0,6% carbon, of circular or polygonal cross-section, forged"
ZZ,72072080,,3.996,,3.996,C,"Semi-finished products of iron or non-alloy steel, containing by weight >= 0,25% carbon (excl. those of square, rectangular, circular or polygonal cross-section)"
ZZ,7208,,4.049,,4.049,C,"Flat-rolled products of iron or non-alloy steel, of a width >= 600 mm, hot-rolled, not clad, plated or coated"
ZZ,7209,,4.101,,4.101,C,"Flat-rolled products of iron or non-alloy steel, of a width of >= 600 mm, cold-rolled ""cold-reduced"", not clad, plated or coated"
ZZ,7210,,4.101,,4.101,C,"Flat-rolled products of iron or non-alloy steel, of a width >= 600 mm, hot-rolled or cold-rolled ""cold-reduced"", clad, plated or coated"
ZZ,72111300,,4.049,,4.049,C,"Flat-rolled products of iron or non-alloy steel, simply hot-rolled on four faces or in a closed box pass, not clad, plated or coated, of a width of > 150 mm but < 600 mm and a thickness of >= 4 mm, not in coils, without patterns in relief, commonly known as ""wide flats"""
ZZ,72111400,,4.049,,4.049,C,"Flat-rolled products of iron or non-alloy steel, of a width < 600 mm, not further worked than hot-rolled, not clad, plated or coated, of a thickness of >= 4,75 mm (excl. ""wide flats"")"
ZZ,72111900,,4.049,,4.049,C,"Flat-rolled products of iron or non-alloy steel, of a width < 600 mm, simply hot-rolled, not clad, plated or coated, of a thickness < 4,75 mm (excl. ""wide flats"")"
ZZ,721123,,4.101,,4.101,C,"Flat-rolled products of iron or non-alloy steel, of a width of < 600 mm, simply cold-rolled ""cold-reduced"", not clad, plated or coated, containing by weight < 0,25% of carbon"
ZZ,72112900,,4.101,,4.101,C,"Flat-rolled products of iron or non-alloy steel, of a width of < 600 mm, simply cold-rolled ""cold-reduced"", not clad, plated or coated, containing by weight >= 0,25% of carbon"
ZZ,721190,,4.101,,4.101,C,"Flat-rolled products of iron or non-alloy steel, of a width of < 600 mm, hot-rolled or cold-rolled ""cold-reduced"" and further worked, but not clad, plated or coated"
ZZ,7212,,4.101,,4.101,C,"Flat-rolled products of iron or non-alloy steel, of a width of < 600 mm, hot-rolled or cold-rolled ""cold-reduced"", clad, plated or coated"
ZZ,7213,,3.996,,3.996,C,"Bars and rods of iron or non-alloy steel, hot-rolled, in irregularly wound coils"
ZZ,72141000,,4.053,,4.053,C,"Bars and rods, of iron or non-alloy steel, not further worked than forged (excl. in irregularly wound coils)"
ZZ,72142000,,3.996,,3.996,C,"Bars and rods, of iron or non-alloy steel, with indentations, ribs, groves or other deformations produced during the rolling process"
ZZ,72143000,,3.996,,3.996,C,"Bars and rods, of non-alloy free-cutting steel, not further worked than hot-rolled, hot-drawn or hot-extruded (excl. containing indentations, ribs, grooves or other deformations produced during the rolling process or twisted after rolling)"
ZZ,721491,,3.996,,3.996,C,"Bars and rods, of iron or non-alloy steel, not further worked than hot-rolled, hot-drawn or hot-extruded, of rectangular ""other than square"" cross-section (excl. containing indentations, ribs, grooves or other deformations produced during the rolling process, bars and rods twisted after rolling and free-cutting steel)"
ZZ,721499,,3.996,,3.996,C,"Bars and rods, of iron or non-alloy steel, only hot-rolled, only hot-drawn or only hot-extruded (excl. of rectangular [other than square] cross-section and those containing indentations, ribs, grooves or other deformations produced during the rolling process, and of non-alloy free-cutting steel)"
ZZ,7215,,3.996,,3.996,C,"Bars and rods, of iron or non-alloy steel, cold-formed or cold-finished, whether or not further worked, or hot-formed and further worked, n.e.s."
ZZ,7216,,3.996,,3.996,C,"Angles, shapes and sections of iron or non-alloy steel, n.e.s."
ZZ,721710,,3.996,,3.996,C,"Wire of iron or non-alloy steel, in coils, not plated or coated, whether or not polished (excl. bars and rods)"
ZZ,721720,,3.996,,3.996,C,"Wire of iron or non-alloy steel, in coils, plated or coated with zinc (excl. bars and rods)"
ZZ,721730,,3.996,,3.996,C,"Wire of iron or non-alloy steel, in coils, plated or coated with base metals (excl. plated or coated with zinc, and bars and rods)"
ZZ,721790,,3.996,,3.996,C,"Wire of iron or non-alloy steel, in coils, plated or coated (excl. plated or coated with base metals, and bars and rods)"
ZZ,72181000,,5.006,,5.006,,"Steel, stainless, in ingots and other primary forms (excl. waste and scrap in ingot form, and products obtained by continuous casting)"
ZZ,721891,,4.94,,4.94,,"Semi-finished products of stainless steel, of rectangular ""other than square"" cross-section"
ZZ,72189911,,4.94,,4.94,,"Semi-finished products of stainless steel, of square cross-section, rolled or obtained by continuous casting"
ZZ,72189919,,5.006,,5.006,,"Semi-finished products of stainless steel, of square cross-section, forged"
ZZ,72189920,,4.94,,4.94,,"Semi-finished products of stainless steel, of circular cross-section or of cross-section other than square or rectangular, rolled or obtained by continuous casting"
ZZ,72189980,,5.006,,5.006,,"Semi-finished products of stainless steel, forged (excl. products of square or rectangular cross-section)"
ZZ,72191100,,4.94,,4.94,,"Flat-rolled products of stainless steel, of a width of >= 600 mm, not further worked than hot-rolled, in coils, of a thickness of > 10 mm"
ZZ,721912,,4.94,,4.94,,"Flat-rolled products of stainless steel, of a width of>= 600 mm, not further worked than hot-rolled, in coils, of a thickness of >= 4,7 mm and <= 10 mm"
ZZ,721913,,4.94,,4.94,,"Flat-rolled products of stainless steel, of a width of >= 600 mm, not further worked than hot-rolled, in coils, of a thickness of >= 3 mm and < 4,75 mm"
ZZ,721914,,4.94,,4.94,,"Flat-rolled products of stainless steel, of a width of >= 600 mm, not further worked than hot-rolled, in coils, of a thickness of < 3 mm"
ZZ,721921,,4.94,,4.94,,"Flat-rolled products of stainless steel, of a width of >= 600 mm, not further worked than hot-rolled, not in coils, of a thickness of > 10 mm"
ZZ,721922,,4.94,,4.94,,"Flat-rolled products of stainless steel, of a width of >= 600 mm, not further worked than hot-rolled, not in coils, of a thickness of >= 4,75 mm and <= 10 mm"
ZZ,72192300,,4.94,,4.94,,"Flat-rolled products of stainless steel, of a width of >= 600 mm, not further worked than hot-rolled, not in coils, of a thickness of >= 3 mm and < 4,75 mm"
ZZ,72192400,,4.94,,4.94,,"Flat-rolled products of stainless steel, of a width of >= 600 mm, not further worked than hot-rolled, not in coils, of a thickness of < 3 mm"
ZZ,72193100,,5.02,,5.02,,"Flat-rolled products of stainless steel, of a width of >= 600 mm, not further worked than cold-rolled ""cold-reduced"", of a thickness of >= 4,75 mm"
ZZ,721932,,5.02,,5.02,,"Flat-rolled products of stainless steel, of a width of >= 600 mm, not further worked than cold-rolled ""cold-reduced"", of a thickness of >= 3 mm but < 4,75 mm"
ZZ,721933,,5.02,,5.02,,"Flat-rolled products of stainless steel, of a width of >= 600 mm, not further worked than cold-rolled ""cold-reduced"", of a thickness of > 1 mm but < 3 mm"
ZZ,721934,,5.02,,5.02,,"Flat-rolled products of stainless steel, of a width of >= 600 mm, not further worked than cold-rolled ""cold-reduced"", of a thickness of >= 0,5 mm but <= 1 mm"
ZZ,721935,,5.02,,5.02,,"Flat-rolled products of stainless steel, of a width of >= 600 mm, not further worked than cold-rolled ""cold-reduced"", of a thickness of < 0,5 mm"
ZZ,721990,,5.02,,5.02,,"Flat-rolled products of stainless steel, of a width of >= 600 mm, hot-rolled or cold-rolled ""cold-reduced"" and further worked"
ZZ,72201100,,4.94,,4.94,,"Flat-rolled products of stainless steel, of a width of < 600 mm, not further worked than hot-rolled, of a thickness of >= 4,75 mm"
ZZ,72201200,,4.94,,4.94,,"Flat-rolled products of stainless steel, of a width of < 600 mm, not further worked than hot-rolled, of a thickness of < 4,75 mm"
ZZ,722020,,5.02,,5.02,,"Flat-rolled products of stainless steel, of a width of < 600 mm, not further worked than cold-rolled ""cold-reduced"""
ZZ,722090,,5.02,,5.02,,"Flat-rolled products of stainless steel, of a width of < 600 mm, hot-rolled or cold-rolled ""cold-reduced"" and further worked"
ZZ,7221,,4.82,,4.82,,"Bars and rods of stainless steel, hot-rolled, in irregularly wound coils"
ZZ,722211,,4.82,,4.82,,"Bars and rods of stainless steel, only hot-rolled, only hot-drawn or only hot-extruded, of circular cross-section"
ZZ,722219,,4.82,,4.82,,"Bars and rods of stainless steel, only hot-rolled, only hot-drawn or only extruded (excl. of circular cross-section)"
ZZ,722220,,4.82,,4.82,,"Other bars and rods of stainless steel, not further worked than cold-formed or cold-finished"
ZZ,722230,,5.006,,5.006,,"Other bars and rods of stainless steel, cold-formed or cold-finished and further worked, or not further worked than forged, or forged, or hot-formed by other means and further worked, n.e.s."
ZZ,722240,,4.82,,4.82,,"Angles, shapes and sections of stainless steel, n.e.s."
ZZ,722300,,4.82,,4.82,,"Wire of stainless steel, in coils (excl. bars and rods)"
ZZ,722410,,5.589,,5.589,F,"Steel, alloy, other than stainless, in ingots or other primary forms (excl. waste and scrap in ingot form, and products obtained by continuous casting)"
ZZ,72249002,,5.5,,5.5,F,Semi-finished products of tool steel
ZZ,72249003,,5.5,,5.5,F,"Semi-finished products of high-speed steel, of square or rectangular cross-section, hot-rolled or obtained by continuous casting the width measuring < twice the thickness"
ZZ,72249005,,5.5,,5.5,F,"Semi-finished products of steel containing by weight <= 0,7% of carbon, 0,5% to 1,2% of manganese, 0,6% to 2,3% of silicon, or of steel containing by weight >= 0,0008% of boron with any other element < the minimum content referred to in Note 1 f to chapter 72, of square or rectangular cross-section, hot rolled or obtained by continuous casting, the width measuring < twice the thickness"
ZZ,72249007,,5.5,,5.5,F,"Semi-finished products of alloy steel other than stainless steel, of square or rectangular cross-section, hot-rolled or obtained by continuous casting, the width measuring < twice the thickness (excl. of tool steel, high-speed steel and articles of subheading 7224.90.05)"
ZZ,72249014,,5.5,,5.5,F,"Semi-finished products of alloy steel other than stainless steel, of square or rectangular cross-section, hot-rolled or obtained by continuous casting, the width measuring >= twice the thickness (excl. of tool steel)"
ZZ,72249018,,5.589,,5.589,F,"Semi-finished products of alloy steel other than stainless steel, of square or rectangular cross-section, forged (excl. of tool steel)"
ZZ,72249031,,5.5,,5.5,F,"Semi-finished products of steel containing by weight 0,9% to 1,15% carbon, 0,5% to 2% of chromium and, if present, <= 0,5% of molybdenum, cut into shapes other than square or rectangular, hot-rolled or obtained by continuous casting"
ZZ,72249038,,5.5,,5.5,F,"Semi-finished products of alloy steel, other than stainless steel, cut into shapes other than square or rectangular, hot-rolled or obtained by continuous casting (excl. of tool steel and products containing by weight 0,9% to 1,15% of carbon, 0,5% to 2% of chromium and, if present, <= 0,5% of molybdenum)"
ZZ,72249090,,5.589,,5.589,F,"Semi-finished products of alloy steel, other than stainless steel, forged (excl. of tool steel and products of square or rectangular, circular or polygamol cross-section)"
ZZ,72251100,,7.1,,7.1,C,"Flat-rolled products of silicon-electrical steel, of a width of >= 600 mm, grain-oriented"
ZZ,72251910,,5.5,,5.5,C,"Flat-rolled products of silicon-electrical steel, of a width of >= 600 mm, hot-rolled"
ZZ,72251990,,5.588,,5.588,C,"Flat-rolled products of silicon-electrical steel, of a width of >= 600 mm, cold-rolled ""cold-reduced"", non-grain-oriented"
ZZ,722530,,5.5,,5.5,F,"Flat-rolled products of alloy steel other than stainless, of a width of >= 600 mm, not further worked than hot-rolled, in coils (excl. products of silicon-electrical steel)"
ZZ,722540,,5.5,,5.5,F,"Flat-rolled products of alloy steel other than stainless, of a width of >= 600 mm, not further worked than hot-rolled, not in coils (excl. products of silicon-electrical steel)"
ZZ,722550,,5.588,,5.588,F,"Flat-rolled products of alloy steel other than stainless, of a width of >= 600 mm, not further worked than cold-rolled ""cold-reduced"" (excl. products of silicon-electrical steel)"
ZZ,72259100,,5.588,,5.588,F,"Flat-rolled products of alloy steel other than stainless, of a width of >= 600 mm, hot-rolled or cold-rolled ""cold-reduced"" and electrolytically plated or coated with zinc (excl. products of silicon-electrical steel)"
ZZ,72259200,,5.588,,5.588,F,"Flat-rolled products of alloy steel other than stainless, of a width of >= 600 mm, hot-rolled or cold-rolled ""cold-reduced"" and plated or coated with zinc (excl. electrolytically plated or coated and products of silicon-electrical steel)"
ZZ,72259900,,5.588,,5.588,F,"Flat-rolled products of alloy steel other than stainless, of a width of >= 600 mm, hot-rolled or cold-rolled ""cold-reduced"" and further worked (excl. plated or coated with zinc and products of silicon-electrical steel)"
ZZ,72261100,,7.1,,7.1,C,"Flat-rolled products of silicon-electrical steel, of a width of < 600 mm, hot-rolled or cold-rolled ""cold-reduced"", grain-oriented"
ZZ,72261910,,5.5,,5.5,C,"Flat-rolled products of silicon-electrical steel, of a width of < 600 mm, not further worked than hot-rolled"
ZZ,72261980,,5.588,,5.588,C,"Flat-rolled products of silicon-electrical steel, of a width of < 600 mm, cold-rolled ""cold-reduced"", whether or not further worked, or hot-rolled and further worked, non-grain-oriented"
ZZ,72262000,,5.5,,5.5,F,"Flat-rolled products of high-speed steel, of a width of <= 600 mm, hot-rolled or cold-rolled ""cold-reduced"""
ZZ,722691,,5.5,,5.5,F,"Flat-rolled products of alloy steel other than stainless, of a width of < 600 mm, not further worked than hot-rolled (excl. products of high-speed steel or silicon-electrical steel)"
ZZ,72269200,,5.59,,5.59,F,"Flat-rolled products of alloy steel other than stainless, of a width of < 600 mm, not further worked than cold-rolled ""cold-reduced"" (excl. products of high-speed steel or silicon-electrical steel)"
ZZ,722699,,5.588,,5.588,F,"Flat-rolled products of alloy steel other than stainless, of a width of < 600 mm, hot-rolled or cold-rolled ""cold-reduced"" and further worked (excl. products of high-speed steel or silicon-electrical steel)"
ZZ,7227,,5.4,,5.4,C/F,"Bars and rods of alloy steel other than stainless, hot-rolled, in irregularly wound coils"
ZZ,72281020,,5.4,,5.4,F,"Bars and rods of high-speed steel, not further worked than hot-rolled, hot-drawn or extruded, and hot-rolled, hot-drawn or extruded, not further worked than clad (excl. semi-finished products, flat-rolled products and hot-rolled bars and rods in irregularly wound coils)"
ZZ,72281050,,5.589,,5.589,F,"Bars and rods of high-speed steel, forged (excl. semi-finished products, flat-rolled products and hot-rolled bars and rods in irregularly wound coils)"
ZZ,72281090,,5.4,,5.4,F,"Bars and rods of high-speed steel, not further worked than cold-formed or cold-finished, whether or not further worked, or hot-formed and further worked (excl. forged products, semi-finished products, flat-rolled products and hot-rolled bars and rods in irregularly wound coils)"
ZZ,722820,,5.4,,5.4,F,"Bars and rods of silico-manganese steel (excl. semi-finished products, flat-rolled products and hot-rolled bars and rods in irregularly wound coils)"
ZZ,722830,,5.4,,5.4,C/F,"Bars and rods of alloy steel other than stainless, not further worked than hot-rolled, hot-drawn or extruded (excl. products of high-speed steel or silico-manganese steel, semi-finished products, flat-rolled products and hot-rolled bars and rods in irregularly wound coils)"
ZZ,722840,,5.589,,5.589,F,"Bars and rods of alloy steel other than stainless, not further worked than forged (excl. products of high-speed steel or silico-manganese steel, semi-finished products, flat-rolled products and hot-rolled bars and rods in irregularly wound coils)"
ZZ,722850,,5.4,,5.4,C/F,"Bars and rods of alloy steel other than stainless, not further worked than cold-formed or cold-finished (excl. products of high-speed steel or silico-manganese steel, semi-finished products, flat-rolled products and hot-rolled bars and rods in irregularly wound coils)"
ZZ,722860,,5.4,,5.4,F,"Bars and rods of alloy steel other than stainless, cold-formed or cold-finished and further worked or hot-formed and further worked, n.e.s. (excl. products of high-speed steel or silico-manganese steel, semi-finished products, flat-rolled products and hot-rolled bars and rods in irregularly wound coils)"
ZZ,722870,,5.4,,5.4,F,"Angles, shapes and sections of alloy steel other than stainless, n.e.s."
ZZ,72288000,,5.4,,5.4,F,"Hollow drill bars and rods, of alloy or non-alloy steel"
ZZ,7229,,5.4,,5.4,C/F,"Wire of alloy steel other than stainless, in coils (excl. bars and rods)"
ZZ,7301,,4.063,,4.063,C,"Sheet piling of iron or steel, whether or not drilled, punched or made from assembled elements; welded angles, shapes and sections, of iron or steel"
ZZ,7302,,4.887,,4.887,C,"Railway or tramway track construction material of iron or steel, the following : rails, check-rails and rack rails, switch blades, crossing frogs, point rods and other crossing pieces, sleepers ""cross-ties"", fish-plates, chairs, chair wedges, sole plates ""base plates"", rail clips, bedplates, ties and other material specialised for jointing or fixing rails"
ZZ,730300,,4.15,,4.15,,"Tubes, pipes and hollow profiles, of cast iron"
ZZ,73041100,,5.184,,5.184,,"Line pipe of a kind used for oil or gas pipelines, seamless, of stainless steel"
ZZ,730419,,3.981,,3.981,C,"Line pipe of a kind used for oil or gas pipelines, seamless, of iron or steel (excl. products of stainless steel or of cast iron)"
ZZ,73042200,,5.184,,5.184,,"Drill pipe, seamless, of stainless steel, of a kind used in drilling for oil or gas"
ZZ,73042300,,3.981,,3.981,C,"Drill pipe, seamless, of a kind used in drilling for oil or gas, of iron or steel (excl. products of stainless steel or of cast iron)"
ZZ,73042400,,5.184,,5.184,,"Casing and tubing, seamless, of a kind used for drilling for oil or gas, of stainless steel"
ZZ,730429,,3.981,,3.981,C,"Casing and tubing, seamless, of iron or steel, of a kind used in drilling for oil or gas (excl. products of cast iron)"
ZZ,730431,,3.981,,3.981,C,"Tubes, pipes and hollow profiles, seamless, of circular cross-section, of iron or non-alloy steel, cold-drawn or cold-rolled ""cold-reduced"" (excl. cast iron products and line pipe of a kind used for oil or gas pipelines or casing and tubing of a kind used for drilling for oil or gas)"
ZZ,730439,,3.981,,3.981,C,"Tubes, pipes and hollow profiles, seamless, of circular cross-section, of iron or non-alloy steel, not cold-drawn or cold-rolled ""cold-reduced"" (excl. cast iron products, line pipe of a kind used for oil or gas pipelines, casing and tubing of a kind used for drilling for oil or gas)"
ZZ,73044100,,5.184,,5.184,,"Tubes, pipes and hollow profiles, seamless, of circular cross-section, of stainless steel, cold-drawn or cold-rolled ""cold-reduced"" (excl. line pipe of a kind used for oil or gas pipelines, casing and tubing of a kind used for drilling for oil or gas)"
ZZ,730449,,5.184,,5.184,,"Tubes, pipes and hollow profiles, seamless, of circular cross-section, of stainless steel, not cold-drawn or cold-rolled ""cold-reduced"" (excl. line pipe of a kind used for oil or gas pipelines or of a kind used for drilling for oil or gas)"
ZZ,730451,,3.878,,3.878,F,"Tubes, pipes and hollow profiles, seamless, of circular cross-section, of alloy steel other than stainless, cold-drawn or cold-rolled ""cold-reduced"" (excl. line pipe of a kind used for oil or gas pipelines, casing and tubing of a kind used for drilling for oil)"
ZZ,730459,,3.878,,3.878,C/F,"Tubes, pipes and hollow profiles, seamless, of circular cross-section, of alloy steel other than stainless, not cold-drawn or cold-rolled ""cold-reduced"" (excl. line pipe of a kind used for oil or gas pipelines, casing and tubing of a kind used for drilling for oil)"
ZZ,73049000,,3.981,,3.981,C,"Tubes, pipes and hollow profiles, seamless, of non-circular cross-section, of iron or steel (excl. products of cast iron)"
ZZ,7305,,4.06,,4.06,C,"Tubes and pipes, having circular cross-sections and an external diameter of > 406,4 mm, of flat-rolled products of iron or steel ""e.g., welded, riveted or similarly closed"""
ZZ,73061100,,5.369,,5.369,,"Line pipe of a kind used for oil or gas pipelines, welded, of flat-rolled products of stainless steel, of an external diameter of <= 406,4 mm"
ZZ,73061900,,4.141,,4.141,C,"Line pipe of a kind used for oil or gas pipelines, welded, of flat-rolled products of iron or steel, of an external diameter of <= 406,4 mm (excl. products of stainless steel or of cast iron)"
ZZ,73062100,,5.369,,5.369,,"Casing and tubing of a kind used in drilling for oil or gas, welded, of flat-rolled products of stainless steel, of an external diameter of <= 406,4 mm"
ZZ,73062900,,4.141,,4.141,C,"Casing and tubing of a kind used in drilling for oil or gas, welded, of flat-rolled products of iron or steel, of an external diameter of <= 406,4 mm (excl. products of stainless steel or of cast iron)"
ZZ,73063012,,4.141,,4.141,C,"Precision tubes, welded, of circular cross-section, of iron or non-alloy steel, cold-drawn or cold-rolled ""cold-reduced"""
ZZ,73063018,,4.09,,4.09,C,"Precision tubes, welded, of circular cross-section, of iron or non-alloy steel (excl. cold-drawn or cold-rolled)"
ZZ,73063041,,4.141,,4.141,C,"Threaded or threadable tubes ""gas pipe"", welded, of circular cross-section, of iron or non-alloy steel, plated or coated with zinc"
ZZ,73063049,,4.141,,4.141,C,"Threaded or threadable tubes ""gas pipe"", welded, of circular cross-section, of iron or non-alloy steel (excl. products plated or coated with zinc)"
ZZ,73063072,,4.141,,4.141,C,"Other tubes, pipes and hollow profiles, welded, of circular cross-section, of iron or non-alloy steel, of an external diameter of <= 168,3 mm, plated or coated with zinc (excl. line pipe of a kind used for oil or gas pipelines or casing and tubingof a kind used in drilling for oil or gas)"
ZZ,73063077,,4.141,,4.141,C,"Other tubes, pipes and hollow profiles, welded, of circular cross-section, of iron or non-alloy steel of an external diameter of <= 168,3 mm (excl. plated or coated with zinc and line pipe of a kind used for oil or gas pipelines, casing and tubing of a kind used in drilling for oil or gas, precision tubes and threaded or threadable tubes ""gas pipe"")"
ZZ,73063080,,4.141,,4.141,C,"Tubes, pipes and hollow profiles, welded, having a circular cross-section, of iron or steel, of an external diameter of > 168,3 mm but <= 406,4 mm (excl. line pipe of a kind used for oil or gas pipelines or casing and tubing of a kind used in drilling for oil or gas, or precision steel tubes, electrical conduit tubes or threaded or threadable tubes ""gas pipe"")"
ZZ,73064020,,5.369,,5.369,,"Tubes, pipes and hollow profiles, welded, of circular cross-section, of stainless steel, cold-drawn or cold-rolled ""cold-reduced"" (excl. products having internal and external circular cross-sections and an external diameter of > 406,4 mm, and line pipe of a kind used for oil or gas pipelines or casing and tubing of a kind used in drilling for oil or gas)"
ZZ,73064080,,5.296,,5.296,,"Tubes, pipes and hollow profiles, welded, of circular cross-section, of stainless steel (excl. products cold-drawn or cold-rolled ""cold-reduced"", tubes and pipes having internal and external circular cross-sections and an external diameter of > 406,4 mm, and line pipe of a kind used for oil or gas pipelines or casing and tubing of a kind used in drilling for oil or gas)"
ZZ,73065021,,4.128,,4.128,F,"Precision steel tubes, welded, of circular cross-section, of alloy steel other than stainless, cold-drawn or cold-rolled ""cold-reduced"""
ZZ,73065029,,4.056,,4.056,F,"Precision steel tubes, welded, of circular cross-section, of alloy steel other than stainless (excl. cold-drawn or cold-rolled)"
ZZ,73065080,,4.128,,4.128,F,"Tubes, pipes and hollow profiles, welded, of circular cross-section, of alloy steel other than stainless (excl. tubes and pipes having internal and external circular cross-sections and an external diameter of > 406,4 mm, and line pipe of a kind used for oil or gas pipelines or casing and tubing of a kind used in drilling for oil or gas, and precision steel tubes)"
ZZ,73066110,,5.369,,5.369,,"Tubes and pipes and hollow profiles, welded, of square or rectangular cross-section, of stainless steel"
ZZ,73066192,,4.141,,4.141,C,"Tubes and pipes and hollow profiles, welded, of square or rectangular cross-section, of iron or steel other than stainless steel, with a wall thickness of <= 2 mm"
ZZ,73066199,,4.141,,4.141,C,"Tubes and pipes and hollow profiles, welded, of square or rectangular cross-section, of iron or steel other than stainless steel, with a wall thickness of > 2 mm"
ZZ,73066910,,5.369,,5.369,,"Tubes, pipes and hollow profiles, welded, of non-circular cross-section, of stainless steel (excl. tubes and pipes having internal and external circular cross-sections and an external diameter of > 406,4 mm, line pipe of a kind used for oil or gas pipelines or casing and tubing of a kind used in drilling for oil or gas, and tubes and pipes and hollow profiles of square or rectangular cross-section)"
ZZ,73066990,,4.141,,4.141,C,"Tubes, pipes and hollow profiles, welded, of non-circular cross-section, of iron or steel other than stainless steel (excl. tubes and pipes having internal and external circular cross-sections and an external diameter of > 406,4 mm, line pipe of a kind used for oil or gas pipelines or casing and tubing of a kind used in drilling for oil or gas, and tubes and pipes and hollow profiles of square or rectangular cross-section)"
ZZ,73069000,,4.141,,4.141,C,"Tubes, pipes and hollow profiles ""e.g., open seam, riveted or similarly closed"", of iron or steel (excl. of cast iron, seamless or welded tubes and pipes and tubes and pipes having internal and external circular cross-sections and an external diameter of > 406,4 mm)"
ZZ,730711,,3.929,,3.929,,Tube or pipe fittings of non-malleable cast iron
ZZ,73071910,,3.929,,3.929,,Tube or pipe fittings of cast iron (excl. of non-malleable)
ZZ,73071990,,4.053,,4.053,C,Cast tube or pipe fittings of steel
ZZ,73072100,,4.498,,4.498,,Flanges of stainless steel (excl. cast products)
ZZ,730722,,4.498,,4.498,,"Threaded elbows, bends and sleeves of stainless steel (excl. cast products)"
ZZ,730723,,4.498,,4.498,,Butt welding tube or pipe fittings of stainless steel (excl. cast products)
ZZ,730729,,4.498,,4.498,,"Tube or pipe fittings of stainless steel (excl. cast products, flanges, threaded elbows, bends and sleeves and butt weldings fittings)"
ZZ,73079100,,4.072,,4.072,C,Flanges of iron or steel (excl. cast or stainless products)
ZZ,730792,,4.072,,4.072,C,"Threaded elbows, bends and sleeves, of stainless steel (excl. cast or stainless products)"
ZZ,730793,,4.072,,4.072,C,"Butt welding fittings of iron or steel (excl. cast iron or stainless steel products, and flanges)"
ZZ,730799,,4.072,,4.072,C,"Tube or pipe fittings, of iron or steel (excl. cast iron or stainless steel products; flanges; threaded elbows, bends and sleeves; butt welding fittings)"
ZZ,7308,,5.064,,5.064,C,"Structures and parts of structures ""e.g., bridges and bridge-sections, lock-gates, towers, lattice masts, roofs, roofing frameworks, doors and windows and their frames and thresholds for doors, shutters, balustrades, pillars and columns"", of iron or steel; plates, rods, angles, shapes, sections, tubes and the like, prepared for use in structures, of iron or steel (excl. prefabricated buildings of heading 9406)"
ZZ,7309,,5.468,,5.468,C,"Reservoirs, tanks, vats and similar containers, of iron or steel, for any material ""other than compressed or liquefied gas"", of a capacity of > 300 l, not fitted with mechanical or thermal equipment, whether or not lined or heat-insulated (excl. containers specifically constructed or equipped for one or more types of transport)"
ZZ,7310,,4.228,,4.228,C,"Tanks, casks, drums, cans, boxes and similar containers, of iron or steel, for any material ""other than compressed or liquefied gas"", of a capacity of <= 300 l, not fitted with mechanical or thermal equipment, whether or not lined or heat-insulated, n.e.s."
ZZ,731100,,5.385,,5.385,C,"Containers of iron or steel, for compressed or liquefied gas (excl. containers specifically constructed or equipped for one or more types of transport)"
ZZ,73181100,,3.962,,3.962,C,Coach screws of iron or steel
ZZ,73181210,,5.119,,5.119,,Wood screws of stainless steel (excl. coach screws)
ZZ,73181290,,3.962,,3.962,C,Wood screws of iron or steel other than stainless (excl. coach screws)
ZZ,73181300,,3.962,,3.962,C,"Screw hooks and screw rings, of iron or steel"
ZZ,73181410,,5.119,,5.119,,"Self-tapping screws, of stainless steel (excl. wood screws)"
ZZ,73181491,,3.962,,3.962,C,Spaced-thread screws of iron or steel other than stainless
ZZ,73181499,,3.962,,3.962,C,Self-tapping screws of iron or steel other than stainless (excl. spaced-thread screws and wood screws)
ZZ,731815,,4.801,,4.801,C,"Threaded screws and bolts, of iron or steel, whether or not with their nuts and washers (excl. coach screws and other wood screws, screw hooks and screw rings, self-tapping screws, lag screws, stoppers, plugs and the like, threaded)"
ZZ,731816,,4.693,,4.693,C,Nuts of iron or steel
ZZ,73181900,,3.962,,3.962,C,"Threaded articles, of iron or steel, n.e.s."
ZZ,73182100,,3.962,,3.962,C,"Spring washers and other lock washers, of iron or steel"
ZZ,73182200,,4.322,,4.322,C,Washers of iron or steel (excl. spring washers and other lock washers)
ZZ,73182300,,3.963,,3.963,C,Rivets of iron or steel (excl. tubular and bifurcated rivets for particular uses)
ZZ,73182400,,3.962,,3.962,C,"Cotters and cotter pins, of iron or steel"
ZZ,73182900,,3.962,,3.962,C,"Non-threaded articles, of iron or steel"
ZZ,73261100,,4.08,,4.08,C,"Grinding balls and similar articles for mills, of iron or steel, forged or stamped, but not further worked"
ZZ,732619,,4.08,,4.08,C,"Articles of iron or steel, forged or stamped, but not further worked, n.e.s. (excl. grinding balls and similar articles for mills)"
ZZ,73262000,,4.051,,4.051,C,"Articles of iron or steel wire, n.e.s."
ZZ,73269030,,4.051,,4.051,C,"Ladders and steps, of iron or steel"
ZZ,73269040,,4.051,,4.051,C,"Pallets and similar platforms for handling goods, of iron or steel"
ZZ,73269050,,4.051,,4.051,C,"Reels for cables, piping and the like, of iron or steel"
ZZ,73269060,,4.051,,4.051,C,"Ventilators, non-mechanical, guttering, hooks and like articles used in the building industry, n.e.s., of iron or steel"
ZZ,73269092,,4.08,,4.08,C,"Articles of iron or steel, open-die forged, n.e.s."
ZZ,73269094,,4.08,,4.08,C,"Articles of iron or steel, closed-die forged, n.e.s."
ZZ,73269096,,4.08,,4.08,C,"Sintered articles of iron or steel, n.e.s."
ZZ,73269098,,4.151,,4.151,C,"Articles of iron or steel, n.e.s."
XX,25070080,,,,0.32,,Calcined clay
XX,25231000,WHITE,,,1.41,B,White clinker
XX,25231000,GREY,,,1.44,A,Other clinker including grey clinker
XX,25232100,,,,1.48,,White Portland cement
XX,25232900,,,,1.49,,Grey Portland cement
XX,25233000,,,,2.29,,Aluminous cement
XX,25239000,WHITE,,,1.53,B,White hydraulic cement
XX,25239000,GREY,,,1.42,A,Other hydraulic cements including grey hydraulic cements
XX,28080000,,,,3.08,,Nitric acid; sulphonitric acids
XX,28141000,,,,4.36,,Anhydrous ammonia
XX,28142000,,,,1.31,,Ammonia in aqueous solution
XX,28342100,,,,2.85,,Nitrate of potassium
XX,31021012,,,,1.54,,"Urea in aqueous solution, containing >45% nitrogen in relation to the weight of the dry product and containing =>31,8% but <=33,2 % by weight of urea (excl. that in packages with a gross weight of <= 10 kg)"
XX,31021015,,,,2.53,,"Urea in aqueous solution, containing >45% nitrogen in relation to the weight of the dry product and containing >33,2% but <=55% by weight of urea (excl. that in packages with a gross weight of <= 10 kg)"
XX,31021019,,,,4.64,,"Urea, whether or not in aqueous solution, containing >45% nitrogen in relation to the weight of the dry product (excl. that in tablets or similar forms, or in packages with a gross weight of <= 10 kg, or in aqueous solution containing =>31,8% but <=55% by weight of urea)"
XX,31021090,,,,4.53,,"Urea, whether or not in aqueous solution, containing <= 45% by weight of nitrogen on the dry anhydrous product (excl. goods of this chapter in tablets or similar forms or in packages of a gross weight of <= 10 kg)"
XX,31022100,,,,1.29,,"Ammonium sulphate (excl. that in tablets or similar forms, or in packages with a gross weight of <= 10 kg)"
XX,31022900,,,,2.13,,Double salts and mixtures of ammonium sulphate and ammonium nitrate
XX,31023010,,,,2.19,,Ammonium nitrate in aqueous solution (excl. that in packages with a gross weight of <= 10 kg)
XX,31023090,,,,3.37,,"Ammonium nitrate (excl. that in aqueous solution, in tablets or similar forms, or in packages with a gross weight of <= 10 kg)"
XX,31024010,,,,2.9,,"Mixtures of ammonium nitrate with calcium carbonate or other inorganic non-fertilising substances, for use as fertilisers, containing <= 28% nitrogen by weight (excl. those in tablets or similar forms, or in packages with a gross weight of <= 10 kg)"
XX,31024090,,,,2.9,,"Mixtures of ammonium nitrate with calcium carbonate or other inorganic non-fertilising substances, for use as fertilisers, containing > 28% nitrogen by weight (excl. those in tablets or similar forms, or in packages with a gross weight of <= 10 kg)"
XX,31025000,,,,4.81,,"Sodium nitrate (excl. that in tablets or similar forms, or in packages with a gross weight of <= 10 kg)"
XX,31026000,,,,2.83,,"Double salts and mixtures of calcium nitrate and ammonium nitrate (excl. those in tablets or similar forms, or in packages with a gross weight of <= 10 kg)"
XX,31028000,,,,2.41,,Mixtures of urea and ammonium nitrate in aqueous or ammoniacal solution (excl. those in packages with a gross weight of <= 10 kg)
XX,31029000,,,,3.11,,Mineral or chemical nitrogen fertilisers (excl. urea; ammonium sulphate; ammonium nitrate; sodium nitrate; double salts and mixtures of ammonium nitrate with ammonium sulphate or calcium; mixtures of urea and ammonium nitrate in aqueous or ammoniacal solution; mixtures of ammonium nitrate and calcium carbonate or other non-fertilising inorganic elements; in tablets or similar in packages <= 10 kg)
XX,31051000,,,,1.31,,"Mineral or chemical fertilisers of animal or vegetable origin, in tablets or similar forms, or in packages with a gross weight of <= 10 kg"
XX,31052010,,,,1.53,,"Mineral or chemical fertilisers containing phosphorus and potassium, with a nitrogen content > 10 % by weight on the dry anhydrous product (excl. those in tablets or similar forms, or in packages with a gross weight of <= 10 kg)"
XX,31052090,,,,1.05,,"Mineral or chemical fertilisers containing nitrogen, phosphorus and potassium, with a nitrogen content <= 10 % by weight on the dry anhydrous product (excl. those in tablets or similar forms, or in packages with a gross weight of <= 10 kg)"
XX,31053000,,,,1.04,,"Diammonium hydrogenorthophosphate ""diammonium phosphate"" (excl. that in tablets or similar forms, or in packages with a gross weight of <= 10 kg)"
XX,31054000,,,,0.67,,"Ammonium dihydrogenorthophosphate ""monoammonium phosphate"", whether or not mixed with diammonium hydrogenorthophosphate ""diammonium phosphate"" (excl. that in tablets or similar forms, or in packages with a gross weight of <= 10 kg)"
XX,31055100,,,,2.07,,Other mineral or chemical fertilisers containing the two fertilising elements nitrogen and phosphorus (nitrates and phosphates)
XX,31055900,,,,1.24,,Other mineral or chemical fertilisers containing the two fertilising elements nitrogen and phosphorus (excl. nitrates and phosphates)
XX,31059020,,,,1.96,,"Mineral or chemical fertilisers containing the two fertilising elements nitrogen and potassium, or one principal fertilising substance only, incl. mixtures of animal or vegetable fertilisers with chemical or mineral fertilisers, containing > 10% nitrogen by weight (excl. in tablets or similar forms, or in packages with a gross weight of <= 10 kg)"
XX,31059080,,,,1.02,,"Mineral or chemical fertilisers containing the two fertilising elements nitrogen and potassium, or one main fertilising element, incl. mixtures of animal or vegetable fertilisers with chemical or mineral fertilisers, not containing nitrogen or with a nitrogen content, by weight, of <= 10% (excl. in tablets or similar forms or in packages of a gross weight of <= 10 kg)"
XX,7601,,,,3.198,K,Unwrought aluminium
XX,7603,,,,4.148,K,Aluminium powders and flakes
XX,76041010,,,,4.881,K,Bars and rods
XX,76041090,,,,4.881,K,Profiles
XX,76042100,,,,4.881,K,Hollow profiles
XX,76042910,,,,4.881,K,Bars and rods
XX,76042990,,,,4.881,K,Profiles
XX,7605,,,,4.881,K,Aluminium wire
XX,7606,,,,4.986,K,"Aluminium plates, sheets and strip, of a thickness exceeding 0,2 mm"
XX,7607,,,,5.559,K,"Aluminium foil (whether or not printed or backed with paper, paperboard, plastics or similar backing materials) of a thickness (excluding any backing) not exceeding 0,2 mm"
XX,7608,,,,4.896,K,Aluminium tubes and pipes
XX,76090000,,,,4.896,K,"Aluminium tube or pipe fittings (for example, couplings, elbows, sleeves)"
XX,76101000,,,,4.896,K,"Doors, windows and their frames and thresholds for doors"
XX,761090,,,,4.896,K,Other
XX,76109010,,,,4.896,K,"Bridges and bridge-sections, towers and lattice masts"
XX,76109090,,,,4.896,K,Other
XX,76110000,,,,5.559,K,"Aluminium reservoirs, tanks, vats and similar containers, for any material (other than compressed or liquefied gas), of a capacity exceeding 300 litres, whether or not lined or heat-insulated, but not fitted with mechanical or thermal equipment"
XX,7612,,,,5.559,K,"Aluminium casks, drums, cans, boxes and similar containers (including rigid or collapsible tubular containers), for any material (other than compressed or liquefied gas), of a capacity not exceeding 300 litres, whether or not lined or heat-insulated, but not fitted with mechanical or thermal equipment"
XX,76130000,,,,5.559,K,Aluminium containers for compressed or liquefied gas
XX,7614,,,,4.881,K,"Stranded wire, cables, plaited bands and the like, of aluminium, not electrically insulated"
XX,76161000,,,,5.559,K,"Nails, tacks, staples (other than those of heading 8305), screws, bolts, nuts, screw hooks, rivets, cotters, cotter pins, washers and similar articles"
XX,76169100,,,,5.559,K,"Cloth, grill, netting and fencing, of aluminium wire"
XX,76169910,,,,4.542,K,Cast
XX,76169990,,,,5.559,K,Other
XX,28041000,,,,26.64,,Hydrogen
XX,26011200,,,,1.61,,Agglomerated iron ores and concentrates (excl. roasted iron pyrites)
XX,7201,,,,7.92,,"Pig iron and spiegeleisen, in pigs, blocks or other primary forms"
XX,720211,,,,1.69,,"Ferro-manganese, containing by weight > 2% of carbon"
XX,720219,,,,5.59,,"Ferro-manganese, containing by weight <= 2% carbon"
XX,720241,,,,2.35,,"Ferro-chromium, containing by weight > 4% of carbon"
XX,720249,,,,2.87,,"Ferro-chromium, containing by weight <= 4% of carbon"
XX,72026000,,,,6.15,,Ferro-nickel
XX,7203,,,,4.2,,"Ferrous products obtained by direct reduction of iron ore and other spongy ferrous products, in lumps, pellets or similar forms; iron having a minimum purity by weight of 99,94%, in lumps, pellets or similar forms"
XX,7205,,,,7.9,C/F,"Granules and powders of pig iron, spiegeleisen, iron or steel (excl. granules and powders of ferro-alloys, turnings and filings of iron or steel, radioactive iron powders ""isotopes"" and certain low-calibre, substandard balls for ballbearings)"
XX,72061000,,,,8.21,C,"Ingots, of iron and non-alloy steel (excl. remelted scrap ingots, continuous cast products, iron of heading 7203)"
XX,72069000,,,,8.21,C,"Iron and non-alloy steel, in puddled bars or other primary forms (excl. ingots, remelted scrap ingots, continuous cast products, iron of heading 7203)"
XX,72071111,,,,8.23,C,"Semi-finished products, of non-alloy free-cutting steel, containing by weight < 0,25% carbon, of square or rectangular cross-section, the width < twice the thickness, rolled or obtained by continuous casting"
XX,72071114,,,,8.23,C,"Semi-finished products, of iron or non-alloy steel, containing by weight < 0,25% carbon, of square or rectangular cross-section, the width < twice the thickness of <= 130 mm, rolled or obtained by continuous casting (excl. free-cutting steel)"
XX,72071116,,,,8.23,C,"Semi-finished products, of iron or non-alloy steel, containing by weight < 0,25% carbon, of square or rectangular cross-section, the width < twice the thickness of > 130 mm, rolled or obtained by continuous casting (excl. free-cutting steel)"
XX,72071190,,,,8.21,C,"Semi-finished products of iron or non-alloy steel, containing by weight < 0,25% carbon, of rectangular cross-section, the width < twice the thickness, forged"
XX,72071210,,,,8.23,C,"Semi-finished products of iron or non-alloy steel, containing by weight < 0,25 of carbon, of rectangular ""other than square"" cross-section, the width measuring >= twice the thickness, rolled or obtained by continuous casting"
XX,72071290,,,,8.21,C,"Semi-finished products of iron or non-alloy steel, containing by weight < 0,25% carbon, of rectangular ""other than square"" cross-section, the width >= twice the thickness, forged"
XX,72071912,,,,8.23,C,"Semi-finished products, of iron or non-alloy steel, containing by weight < 0,25% carbon, of circular or polygonal cross-section, rolled or obtained by continuous casting"
XX,72071919,,,,8.21,C,"Semi-finished products of iron or non-alloy steel, containing by weight < 0,25% carbon, of circular or polygonal cross-section, forged"
XX,72071980,,,,8.23,C,"Semi-finished products of iron or non-alloy steel, containing by weight < 0,25% carbon (excl. semi-products, of square, rectangular, circular or polygonal cross-section)"
XX,72072011,,,,8.23,C,"Semi-finished products, of non-alloy free-cutting steel, containing by weight >= 0,25% carbon, of square or rectangular cross-section, the width < twice the thickness, rolled or obtained by continuous casting"
XX,72072015,,,,8.23,C,"Semi-finished products of iron or non-alloy steel, containing by weight >= 0,25% but < 0,6% carbon, of square or rectangular cross-section, the width < twice the thickness, rolled or obtained by continuous casting (excl. free-cutting steel)"
XX,72072017,,,,8.23,C,"Semi-finished products of iron or non-alloy steel, containing by weight >= 0,6% carbon, of square or rectangular cross-section, the width < twice the thickness, rolled or obtained by continuous casting (excl. free-cutting steel)"
XX,72072019,,,,8.21,C,"Semi-finished products of iron or non-alloy steel, containing by weight >= 0,25% carbon, of square or rectangular cross-section, the width < twice the thickness, forged"
XX,72072032,,,,8.23,C,"Semi-finished products of iron or non-alloy steel, containing by weight >= 0,25 of carbon, of rectangular ""other than square"" cross-section, the width measuring >= twice the thickness, rolled or obtained by continuous casting"
XX,72072039,,,,8.21,C,"Semi-finished products of iron or non-alloy steel, containing by weight >= 0,25% carbon, of rectangular ""other than square"" cross-section and the width >= twice the thickness, forged"
XX,72072052,,,,8.23,C,"Semi-finished products of iron or non-alloy steel, containing by weight >= 0,25% carbon, of circular or polygonal cross-section, rolled or obtained by continuous casting"
XX,72072059,,,,8.21,C,"Semi-finished products of iron or non-alloy steel, containing by weight >= 0,6% carbon, of circular or polygonal cross-section, forged"
XX,72072080,,,,8.23,C,"Semi-finished products of iron or non-alloy steel, containing by weight >= 0,25% carbon (excl. those of square, rectangular, circular or polygonal cross-section)"
XX,7208,,,,8.23,C,"Flat-rolled products of iron or non-alloy steel, of a width >= 600 mm, hot-rolled, not clad, plated or coated"
XX,7209,,,,8.25,C,"Flat-rolled products of iron or non-alloy steel, of a width of >= 600 mm, cold-rolled ""cold-reduced"", not clad, plated or coated"
XX,7210,,,,8.25,C,"Flat-rolled products of iron or non-alloy steel, of a width >= 600 mm, hot-rolled or cold-rolled ""cold-reduced"", clad, plated or coated"
XX,72111300,,,,8.23,C,"Flat-rolled products of iron or non-alloy steel, simply hot-rolled on four faces or in a closed box pass, not clad, plated or coated, of a width of > 150 mm but < 600 mm and a thickness of >= 4 mm, not in coils, without patterns in relief, commonly known as ""wide flats"""
XX,72111400,,,,8.23,C,"Flat-rolled products of iron or non-alloy steel, of a width < 600 mm, not further worked than hot-rolled, not clad, plated or coated, of a thickness of >= 4,75 mm (excl. ""wide flats"")"
XX,72111900,,,,8.23,C,"Flat-rolled products of iron or non-alloy steel, of a width < 600 mm, simply hot-rolled, not clad, plated or coated, of a thickness < 4,75 mm (excl. ""wide flats"")"
XX,721123,,,,8.25,C,"Flat-rolled products of iron or non-alloy steel, of a width of < 600 mm, simply cold-rolled ""cold-reduced"", not clad, plated or coated, containing by weight < 0,25% of carbon"
XX,72112900,,,,8.25,C,"Flat-rolled products of iron or non-alloy steel, of a width of < 600 mm, simply cold-rolled ""cold-reduced"", not clad, plated or coated, containing by weight >= 0,25% of carbon"
XX,721190,,,,8.25,C,"Flat-rolled products of iron or non-alloy steel, of a width of < 600 mm, hot-rolled or cold-rolled ""cold-reduced"" and further worked, but not clad, plated or coated"
XX,7212,,,,8.25,C,"Flat-rolled products of iron or non-alloy steel, of a width of < 600 mm, hot-rolled or cold-rolled ""cold-reduced"", clad, plated or coated"
XX,7213,,,,8.23,C,"Bars and rods of iron or non-alloy steel, hot-rolled, in irregularly wound coils"
XX,72141000,,,,8.21,C,"Bars and rods, of iron or non-alloy steel, not further worked than forged (excl. in irregularly wound coils)"
XX,72142000,,,,8.23,C,"Bars and rods, of iron or non-alloy steel, with indentations, ribs, groves or other deformations produced during the rolling process"
XX,72143000,,,,8.23,C,"Bars and rods, of non-alloy free-cutting steel, not further worked than hot-rolled, hot-drawn or hot-extruded (excl. containing indentations, ribs, grooves or other deformations produced during the rolling process or twisted after rolling)"
XX,721491,,,,8.23,C,"Bars and rods, of iron or non-alloy steel, not further worked than hot-rolled, hot-drawn or hot-extruded, of rectangular ""other than square"" cross-section (excl. containing indentations, ribs, grooves or other deformations produced during the rolling process, bars and rods twisted after rolling and free-cutting steel)"
XX,721499,,,,8.23,C,"Bars and rods, of iron or non-alloy steel, only hot-rolled, only hot-drawn or only hot-extruded (excl. of rectangular [other than square] cross-section and those containing indentations, ribs, grooves or other deformations produced during the rolling process, and of non-alloy free-cutting steel)"
XX,7215,,,,8.23,C,"Bars and rods, of iron or non-alloy steel, cold-formed or cold-finished, whether or not further worked, or hot-formed and further worked, n.e.s."
XX,7216,,,,8.23,C,"Angles, shapes and sections of iron or non-alloy steel, n.e.s."
XX,721710,,,,8.23,C,"Wire of iron or non-alloy steel, in coils, not plated or coated, whether or not polished (excl. bars and rods)"
XX,721720,,,,8.23,C,"Wire of iron or non-alloy steel, in coils, plated or coated with zinc (excl. bars and rods)"
XX,721730,,,,8.23,C,"Wire of iron or non-alloy steel, in coils, plated or coated with base metals (excl. plated or coated with zinc, and bars and rods)"
XX,721790,,,,8.23,C,"Wire of iron or non-alloy steel, in coils, plated or coated (excl. plated or coated with base metals, and bars and rods)"
XX,72181000,,,,8.63,,"Steel, stainless, in ingots and other primary forms (excl. waste and scrap in ingot form, and products obtained by continuous casting)"
XX,721891,,,,8.67,,"Semi-finished products of stainless steel, of rectangular ""other than square"" cross-section"
XX,72189911,,,,8.67,,"Semi-finished products of stainless steel, of square cross-section, rolled or obtained by continuous casting"
XX,72189919,,,,8.63,,"Semi-finished products of stainless steel, of square cross-section, forged"
XX,72189920,,,,8.67,,"Semi-finished products of stainless steel, of circular cross-section or of cross-section other than square or rectangular, rolled or obtained by continuous casting"
XX,72189980,,,,8.63,,"Semi-finished products of stainless steel, forged (excl. products of square or rectangular cross-section)"
XX,72191100,,,,8.67,,"Flat-rolled products of stainless steel, of a width of >= 600 mm, not further worked than hot-rolled, in coils, of a thickness of > 10 mm"
XX,721912,,,,8.67,,"Flat-rolled products of stainless steel, of a width of>= 600 mm, not further worked than hot-rolled, in coils, of a thickness of >= 4,7 mm and <= 10 mm"
XX,721913,,,,8.67,,"Flat-rolled products of stainless steel, of a width of >= 600 mm, not further worked than hot-rolled, in coils, of a thickness of >= 3 mm and < 4,75 mm"
XX,721914,,,,8.67,,"Flat-rolled products of stainless steel, of a width of >= 600 mm, not further worked than hot-rolled, in coils, of a thickness of < 3 mm"
XX,721921,,,,8.67,,"Flat-rolled products of stainless steel, of a width of >= 600 mm, not further worked than hot-rolled, not in coils, of a thickness of > 10 mm"
XX,721922,,,,8.67,,"Flat-rolled products of stainless steel, of a width of >= 600 mm, not further worked than hot-rolled, not in coils, of a thickness of >= 4,75 mm and <= 10 mm"
XX,72192300,,,,8.67,,"Flat-rolled products of stainless steel, of a width of >= 600 mm, not further worked than hot-rolled, not in coils, of a thickness of >= 3 mm and < 4,75 mm"
XX,72192400,,,,8.67,,"Flat-rolled products of stainless steel, of a width of >= 600 mm, not further worked than hot-rolled, not in coils, of a thickness of < 3 mm"
XX,72193100,,,,8.69,,"Flat-rolled products of stainless steel, of a width of >= 600 mm, not further worked than cold-rolled ""cold-reduced"", of a thickness of >= 4,75 mm"
XX,721932,,,,8.69,,"Flat-rolled products of stainless steel, of a width of >= 600 mm, not further worked than cold-rolled ""cold-reduced"", of a thickness of >= 3 mm but < 4,75 mm"
XX,721933,,,,8.69,,"Flat-rolled products of stainless steel, of a width of >= 600 mm, not further worked than cold-rolled ""cold-reduced"", of a thickness of > 1 mm but < 3 mm"
XX,721934,,,,8.69,,"Flat-rolled products of stainless steel, of a width of >= 600 mm, not further worked than cold-rolled ""cold-reduced"", of a thickness of >= 0,5 mm but <= 1 mm"
XX,721935,,,,8.69,,"Flat-rolled products of stainless steel, of a width of >= 600 mm, not further worked than cold-rolled ""cold-reduced"", of a thickness of < 0,5 mm"
XX,721990,,,,8.69,,"Flat-rolled products of stainless steel, of a width of >= 600 mm, hot-rolled or cold-rolled ""cold-reduced"" and further worked"
XX,72201100,,,,8.67,,"Flat-rolled products of stainless steel, of a width of < 600 mm, not further worked than hot-rolled, of a thickness of >= 4,75 mm"
XX,72201200,,,,8.67,,"Flat-rolled products of stainless steel, of a width of < 600 mm, not further worked than hot-rolled, of a thickness of < 4,75 mm"
XX,722020,,,,8.69,,"Flat-rolled products of stainless steel, of a width of < 600 mm, not further worked than cold-rolled ""cold-reduced"""
XX,722090,,,,8.69,,"Flat-rolled products of stainless steel, of a width of < 600 mm, hot-rolled or cold-rolled ""cold-reduced"" and further worked"
XX,7221,,,,8.69,,"Bars and rods of stainless steel, hot-rolled, in irregularly wound coils"
XX,722211,,,,8.69,,"Bars and rods of stainless steel, only hot-rolled, only hot-drawn or only hot-extruded, of circular cross-section"
XX,722219,,,,8.69,,"Bars and rods of stainless steel, only hot-rolled, only hot-drawn or only extruded (excl. of circular cross-section)"
XX,722220,,,,8.69,,"Other bars and rods of stainless steel, not further worked than cold-formed or cold-finished"
XX,722230,,,,8.63,,"Other bars and rods of stainless steel, cold-formed or cold-finished and further worked, or not further worked than forged, or forged, or hot-formed by other means and further worked, n.e.s."
XX,722240,,,,8.69,,"Angles, shapes and sections of stainless steel, n.e.s."
XX,722300,,,,8.69,,"Wire of stainless steel, in coils (excl. bars and rods)"
XX,722410,,,,9.96,F,"Steel, alloy, other than stainless, in ingots or other primary forms (excl. waste and scrap in ingot form, and products obtained by continuous casting)"
XX,72249002,,,,10,F,Semi-finished products of tool steel
XX,72249003,,,,10,F,"Semi-finished products of high-speed steel, of square or rectangular cross-section, hot-rolled or obtained by continuous casting the width measuring < twice the thickness"
XX,72249005,,,,10,F,"Semi-finished products of steel containing by weight <= 0,7% of carbon, 0,5% to 1,2% of manganese, 0,6% to 2,3% of silicon, or of steel containing by weight >= 0,0008% of boron with any other element < the minimum content referred to in Note 1 f to chapter 72, of square or rectangular cross-section, hot rolled or obtained by continuous casting, the width measuring < twice the thickness"
XX,72249007,,,,10,F,"Semi-finished products of alloy steel other than stainless steel, of square or rectangular cross-section, hot-rolled or obtained by continuous casting, the width measuring < twice the thickness (excl. of tool steel, high-speed steel and articles of subheading 7224.90.05)"
XX,72249014,,,,10,F,"Semi-finished products of alloy steel other than stainless steel, of square or rectangular cross-section, hot-rolled or obtained by continuous casting, the width measuring >= twice the thickness (excl. of tool steel)"
XX,72249018,,,,9.96,F,"Semi-finished products of alloy steel other than stainless steel, of square or rectangular cross-section, forged (excl. of tool steel)"
XX,72249031,,,,10,F,"Semi-finished products of steel containing by weight 0,9% to 1,15% carbon, 0,5% to 2% of chromium and, if present, <= 0,5% of molybdenum, cut into shapes other than square or rectangular, hot-rolled or obtained by continuous casting"
XX,72249038,,,,10,F,"Semi-finished products of alloy steel, other than stainless steel, cut into shapes other than square or rectangular, hot-rolled or obtained by continuous casting (excl. of tool steel and products containing by weight 0,9% to 1,15% of carbon, 0,5% to 2% of chromium and, if present, <= 0,5% of molybdenum)"
XX,72249090,,,,9.96,F,"Semi-finished products of alloy steel, other than stainless steel, forged (excl. of tool steel and products of square or rectangular, circular or polygamol cross-section)"
XX,72251100,,,,13.24,C,"Flat-rolled products of silicon-electrical steel, of a width of >= 600 mm, grain-oriented"
XX,72251910,,,,10,C,"Flat-rolled products of silicon-electrical steel, of a width of >= 600 mm, hot-rolled"
XX,72251990,,,,10.02,C,"Flat-rolled products of silicon-electrical steel, of a width of >= 600 mm, cold-rolled ""cold-reduced"", non-grain-oriented"
XX,722530,,,,10,F,"Flat-rolled products of alloy steel other than stainless, of a width of >= 600 mm, not further worked than hot-rolled, in coils (excl. products of silicon-electrical steel)"
XX,722540,,,,10,F,"Flat-rolled products of alloy steel other than stainless, of a width of >= 600 mm, not further worked than hot-rolled, not in coils (excl. products of silicon-electrical steel)"
XX,722550,,,,10.02,F,"Flat-rolled products of alloy steel other than stainless, of a width of >= 600 mm, not further worked than cold-rolled ""cold-reduced"" (excl. products of silicon-electrical steel)"
XX,72259100,,,,10.02,F,"Flat-rolled products of alloy steel other than stainless, of a width of >= 600 mm, hot-rolled or cold-rolled ""cold-reduced"" and electrolytically plated or coated with zinc (excl. products of silicon-electrical steel)"
XX,72259200,,,,10.02,F,"Flat-rolled products of alloy steel other than stainless, of a width of >= 600 mm, hot-rolled or cold-rolled ""cold-reduced"" and plated or coated with zinc (excl. electrolytically plated or coated and products of silicon-electrical steel)"
XX,72259900,,,,10.02,F,"Flat-rolled products of alloy steel other than stainless, of a width of >= 600 mm, hot-rolled or cold-rolled ""cold-reduced"" and further worked (excl. plated or coated with zinc and products of silicon-electrical steel)"
XX,72261100,,,,13.24,C,"Flat-rolled products of silicon-electrical steel, of a width of < 600 mm, hot-rolled or cold-rolled ""cold-reduced"", grain-oriented"
XX,72261910,,,,10,C,"Flat-rolled products of silicon-electrical steel, of a width of < 600 mm, not further worked than hot-rolled"
XX,72261980,,,,10.02,C,"Flat-rolled products of silicon-electrical steel, of a width of < 600 mm, cold-rolled ""cold-reduced"", whether or not further worked, or hot-rolled and further worked, non-grain-oriented"
XX,72262000,,,,10,F,"Flat-rolled products of high-speed steel, of a width of <= 600 mm, hot-rolled or cold-rolled ""cold-reduced"""
XX,722691,,,,10,F,"Flat-rolled products of alloy steel other than stainless, of a width of < 600 mm, not further worked than hot-rolled (excl. products of high-speed steel or silicon-electrical steel)"
XX,72269200,,,,10.02,F,"Flat-rolled products of alloy steel other than stainless, of a width of < 600 mm, not further worked than cold-rolled ""cold-reduced"" (excl. products of high-speed steel or silicon-electrical steel)"
XX,722699,,,,10.02,F,"Flat-rolled products of alloy steel other than stainless, of a width of < 600 mm, hot-rolled or cold-rolled ""cold-reduced"" and further worked (excl. products of high-speed steel or silicon-electrical steel)"
XX,7227,,,,10.02,C/F,"Bars and rods of alloy steel other than stainless, hot-rolled, in irregularly wound coils"
XX,72281020,,,,10.02,F,"Bars and rods of high-speed steel, not further worked than hot-rolled, hot-drawn or extruded, and hot-rolled, hot-drawn or extruded, not further worked than clad (excl. semi-finished products, flat-rolled products and hot-rolled bars and rods in irregularly wound coils)"
XX,72281050,,,,9.96,F,"Bars and rods of high-speed steel, forged (excl. semi-finished products, flat-rolled products and hot-rolled bars and rods in irregularly wound coils)"
XX,72281090,,,,10.02,F,"Bars and rods of high-speed steel, not further worked than cold-formed or cold-finished, whether or not further worked, or hot-formed and further worked (excl. forged products, semi-finished products, flat-rolled products and hot-rolled bars and rods in irregularly wound coils)"
XX,722820,,,,10.02,F,"Bars and rods of silico-manganese steel (excl. semi-finished products, flat-rolled products and hot-rolled bars and rods in irregularly wound coils)"
XX,722830,,,,10.02,C/F,"Bars and rods of alloy steel other than stainless, not further worked than hot-rolled, hot-drawn or extruded (excl. products of high-speed steel or silico-manganese steel, semi-finished products, flat-rolled products and hot-rolled bars and rods in irregularly wound coils)"
XX,722840,,,,9.96,F,"Bars and rods of alloy steel other than stainless, not further worked than forged (excl. products of high-speed steel or silico-manganese steel, semi-finished products, flat-rolled products and hot-rolled bars and rods in irregularly wound coils)"
XX,722850,,,,10.02,C/F,"Bars and rods of alloy steel other than stainless, not further worked than cold-formed or cold-finished (excl. products of high-speed steel or silico-manganese steel, semi-finished products, flat-rolled products and hot-rolled bars and rods in irregularly wound coils)"
XX,722860,,,,10.02,F,"Bars and rods of alloy steel other than stainless, cold-formed or cold-finished and further worked or hot-formed and further worked, n.e.s. (excl. products of high-speed steel or silico-manganese steel, semi-finished products, flat-rolled products and hot-rolled bars and rods in irregularly wound coils)"
XX,722870,,,,10.02,F,"Angles, shapes and sections of alloy steel other than stainless, n.e.s."
XX,72288000,,,,10.02,F,"Hollow drill bars and rods, of alloy or non-alloy steel"
XX,7229,,,,10.02,C/F,"Wire of alloy steel other than stainless, in coils (excl. bars and rods)"
XX,7301,,,,8.25,C,"Sheet piling of iron or steel, whether or not drilled, punched or made from assembled elements; welded angles, shapes and sections, of iron or steel"
XX,7302,,,,8.21,C,"Railway or tramway track construction material of iron or steel, the following : rails, check-rails and rack rails, switch blades, crossing frogs, point rods and other crossing pieces, sleepers ""cross-ties"", fish-plates, chairs, chair wedges, sole plates ""base plates"", rail clips, bedplates, ties and other material specialised for jointing or fixing rails"
XX,730300,,,,7.89,,"Tubes, pipes and hollow profiles, of cast iron"
XX,73041100,,,,8.63,,"Line pipe of a kind used for oil or gas pipelines, seamless, of stainless steel"
XX,730419,,,,8.21,C,"Line pipe of a kind used for oil or gas pipelines, seamless, of iron or steel (excl. products of stainless steel or of cast iron)"
XX,73042200,,,,8.63,,"Drill pipe, seamless, of stainless steel, of a kind used in drilling for oil or gas"
XX,73042300,,,,8.21,C,"Drill pipe, seamless, of a kind used in drilling for oil or gas, of iron or steel (excl. products of stainless steel or of cast iron)"
XX,73042400,,,,8.63,,"Casing and tubing, seamless, of a kind used for drilling for oil or gas, of stainless steel"
XX,730429,,,,8.21,C,"Casing and tubing, seamless, of iron or steel, of a kind used in drilling for oil or gas (excl. products of cast iron)"
XX,730431,,,,8.21,C,"Tubes, pipes and hollow profiles, seamless, of circular cross-section, of iron or non-alloy steel, cold-drawn or cold-rolled ""cold-reduced"" (excl. cast iron products and line pipe of a kind used for oil or gas pipelines or casing and tubing of a kind used for drilling for oil or gas)"
XX,730439,,,,8.21,C,"Tubes, pipes and hollow profiles, seamless, of circular cross-section, of iron or non-alloy steel, not cold-drawn or cold-rolled ""cold-reduced"" (excl. cast iron products, line pipe of a kind used for oil or gas pipelines, casing and tubing of a kind used for drilling for oil or gas)"
XX,73044100,,,,8.63,,"Tubes, pipes and hollow profiles, seamless, of circular cross-section, of stainless steel, cold-drawn or cold-rolled ""cold-reduced"" (excl. line pipe of a kind used for oil or gas pipelines, casing and tubing of a kind used for drilling for oil or gas)"
XX,730449,,,,8.63,,"Tubes, pipes and hollow profiles, seamless, of circular cross-section, of stainless steel, not cold-drawn or cold-rolled ""cold-reduced"" (excl. line pipe of a kind used for oil or gas pipelines or of a kind used for drilling for oil or gas)"
XX,730451,,,,7.86,F,"Tubes, pipes and hollow profiles, seamless, of circular cross-section, of alloy steel other than stainless, cold-drawn or cold-rolled ""cold-reduced"" (excl. line pipe of a kind used for oil or gas pipelines, casing and tubing of a kind used for drilling for oil)"
XX,730459,,,,7.86,C/F,"Tubes, pipes and hollow profiles, seamless, of circular cross-section, of alloy steel other than stainless, not cold-drawn or cold-rolled ""cold-reduced"" (excl. line pipe of a kind used for oil or gas pipelines, casing and tubing of a kind used for drilling for oil)"
XX,73049000,,,,8.21,C,"Tubes, pipes and hollow profiles, seamless, of non-circular cross-section, of iron or steel (excl. products of cast iron)"
XX,7305,,,,8.25,C,"Tubes and pipes, having circular cross-sections and an external diameter of > 406,4 mm, of flat-rolled products of iron or steel ""e.g., welded, riveted or similarly closed"""
XX,73061100,,,,8.69,,"Line pipe of a kind used for oil or gas pipelines, welded, of flat-rolled products of stainless steel, of an external diameter of <= 406,4 mm"
XX,73061900,,,,8.25,C,"Line pipe of a kind used for oil or gas pipelines, welded, of flat-rolled products of iron or steel, of an external diameter of <= 406,4 mm (excl. products of stainless steel or of cast iron)"
XX,73062100,,,,8.69,,"Casing and tubing of a kind used in drilling for oil or gas, welded, of flat-rolled products of stainless steel, of an external diameter of <= 406,4 mm"
XX,73062900,,,,8.25,C,"Casing and tubing of a kind used in drilling for oil or gas, welded, of flat-rolled products of iron or steel, of an external diameter of <= 406,4 mm (excl. products of stainless steel or of cast iron)"
XX,73063012,,,,8.25,C,"Precision tubes, welded, of circular cross-section, of iron or non-alloy steel, cold-drawn or cold-rolled ""cold-reduced"""
XX,73063018,,,,8.23,C,"Precision tubes, welded, of circular cross-section, of iron or non-alloy steel (excl. cold-drawn or cold-rolled)"
XX,73063041,,,,8.25,C,"Threaded or threadable tubes ""gas pipe"", welded, of circular cross-section, of iron or non-alloy steel, plated or coated with zinc"
XX,73063049,,,,8.25,C,"Threaded or threadable tubes ""gas pipe"", welded, of circular cross-section, of iron or non-alloy steel (excl. products plated or coated with zinc)"
XX,73063072,,,,8.25,C,"Other tubes, pipes and hollow profiles, welded, of circular cross-section, of iron or non-alloy steel, of an external diameter of <= 168,3 mm, plated or coated with zinc (excl. line pipe of a kind used for oil or gas pipelines or casing and tubingof a kind used in drilling for oil or gas)"
XX,73063077,,,,8.25,C,"Other tubes, pipes and hollow profiles, welded, of circular cross-section, of iron or non-alloy steel of an external diameter of <= 168,3 mm (excl. plated or coated with zinc and line pipe of a kind used for oil or gas pipelines, casing and tubing of a kind used in drilling for oil or gas, precision tubes and threaded or threadable tubes ""gas pipe"")"
XX,73063080,,,,8.25,C,"Tubes, pipes and hollow profiles, welded, having a circular cross-section, of iron or steel, of an external diameter of > 168,3 mm but <= 406,4 mm (excl. line pipe of a kind used for oil or gas pipelines or casing and tubing of a kind used in drilling for oil or gas, or precision steel tubes, electrical conduit tubes or threaded or threadable tubes ""gas pipe"")"
XX,73064020,,,,8.69,,"Tubes, pipes and hollow profiles, welded, of circular cross-section, of stainless steel, cold-drawn or cold-rolled ""cold-reduced"" (excl. products having internal and external circular cross-sections and an external diameter of > 406,4 mm, and line pipe of a kind used for oil or gas pipelines or casing and tubing of a kind used in drilling for oil or gas)"
XX,73064080,,,,8.67,,"Tubes, pipes and hollow profiles, welded, of circular cross-section, of stainless steel (excl. products cold-drawn or cold-rolled ""cold-reduced"", tubes and pipes having internal and external circular cross-sections and an external diameter of > 406,4 mm, and line pipe of a kind used for oil or gas pipelines or casing and tubing of a kind used in drilling for oil or gas)"
XX,73065021,,,,7.96,F,"Precision steel tubes, welded, of circular cross-section, of alloy steel other than stainless, cold-drawn or cold-rolled ""cold-reduced"""
XX,73065029,,,,7.94,F,"Precision steel tubes, welded, of circular cross-section, of alloy steel other than stainless (excl. cold-drawn or cold-rolled)"
XX,73065080,,,,7.96,F,"Tubes, pipes and hollow profiles, welded, of circular cross-section, of alloy steel other than stainless (excl. tubes and pipes having internal and external circular cross-sections and an external diameter of > 406,4 mm, and line pipe of a kind used for oil or gas pipelines or casing and tubing of a kind used in drilling for oil or gas, and precision steel tubes)"
XX,73066110,,,,8.69,,"Tubes and pipes and hollow profiles, welded, of square or rectangular cross-section, of stainless steel"
XX,73066192,,,,8.25,C,"Tubes and pipes and hollow profiles, welded, of square or rectangular cross-section, of iron or steel other than stainless steel, with a wall thickness of <= 2 mm"
XX,73066199,,,,8.25,C,"Tubes and pipes and hollow profiles, welded, of square or rectangular cross-section, of iron or steel other than stainless steel, with a wall thickness of > 2 mm"
XX,73066910,,,,8.69,,"Tubes, pipes and hollow profiles, welded, of non-circular cross-section, of stainless steel (excl. tubes and pipes having internal and external circular cross-sections and an external diameter of > 406,4 mm, line pipe of a kind used for oil or gas pipelines or casing and tubing of a kind used in drilling for oil or gas, and tubes and pipes and hollow profiles of square or rectangular cross-section)"
XX,73066990,,,,8.25,C,"Tubes, pipes and hollow profiles, welded, of non-circular cross-section, of iron or steel other than stainless steel (excl. tubes and pipes having internal and external circular cross-sections and an external diameter of > 406,4 mm, line pipe of a kind used for oil or gas pipelines or casing and tubing of a kind used in drilling for oil or gas, and tubes and pipes and hollow profiles of square or rectangular cross-section)"
XX,73069000,,,,8.25,C,"Tubes, pipes and hollow profiles ""e.g., open seam, riveted or similarly closed"", of iron or steel (excl. of cast iron, seamless or welded tubes and pipes and tubes and pipes having internal and external circular cross-sections and an external diameter of > 406,4 mm)"
XX,730711,,,,7.89,,Tube or pipe fittings of non-malleable cast iron
XX,73071910,,,,7.89,,Tube or pipe fittings of cast iron (excl. of non-malleable)
XX,73071990,,,,8.21,C,Cast tube or pipe fittings of steel
XX,73072100,,,,7.94,,Flanges of stainless steel (excl. cast products)
XX,730722,,,,7.94,,"Threaded elbows, bends and sleeves of stainless steel (excl. cast products)"
XX,730723,,,,7.94,,Butt welding tube or pipe fittings of stainless steel (excl. cast products)
XX,730729,,,,7.94,,"Tube or pipe fittings of stainless steel (excl. cast products, flanges, threaded elbows, bends and sleeves and butt weldings fittings)"
XX,73079100,,,,8.21,C,Flanges of iron or steel (excl. cast or stainless products)
XX,730792,,,,8.21,C,"Threaded elbows, bends and sleeves, of stainless steel (excl. cast or stainless products)"
XX,730793,,,,8.21,C,"Butt welding fittings of iron or steel (excl. cast iron or stainless steel products, and flanges)"
XX,730799,,,,8.21,C,"Tube or pipe fittings, of iron or steel (excl. cast iron or stainless steel products; flanges; threaded elbows, bends and sleeves; butt welding fittings)"
XX,7308,,,,8.25,C,"Structures and parts of structures ""e.g., bridges and bridge-sections, lock-gates, towers, lattice masts, roofs, roofing frameworks, doors and windows and their frames and thresholds for doors, shutters, balustrades, pillars and columns"", of iron or steel; plates, rods, angles, shapes, sections, tubes and the like, prepared for use in structures, of iron or steel (excl. prefabricated buildings of heading 9406)"
XX,7309,,,,10.01,C,"Reservoirs, tanks, vats and similar containers, of iron or steel, for any material ""other than compressed or liquefied gas"", of a capacity of > 300 l, not fitted with mechanical or thermal equipment, whether or not lined or heat-insulated (excl. containers specifically constructed or equipped for one or more types of transport)"
XX,7310,,,,8.25,C,"Tanks, casks, drums, cans, boxes and similar containers, of iron or steel, for any material ""other than compressed or liquefied gas"", of a capacity of <= 300 l, not fitted with mechanical or thermal equipment, whether or not lined or heat-insulated, n.e.s."
XX,731100,,,,9.98,C,"Containers of iron or steel, for compressed or liquefied gas (excl. containers specifically constructed or equipped for one or more types of transport)"
XX,73181100,,,,8.23,C,Coach screws of iron or steel
XX,73181210,,,,8.65,,Wood screws of stainless steel (excl. coach screws)
XX,73181290,,,,8.23,C,Wood screws of iron or steel other than stainless (excl. coach screws)
XX,73181300,,,,8.23,C,"Screw hooks and screw rings, of iron or steel"
XX,73181410,,,,8.65,,"Self-tapping screws, of stainless steel (excl. wood screws)"
XX,73181491,,,,8.23,C,Spaced-thread screws of iron or steel other than stainless
XX,73181499,,,,8.23,C,Self-tapping screws of iron or steel other than stainless (excl. spaced-thread screws and wood screws)
XX,731815,,,,8.23,C,"Threaded screws and bolts, of iron or steel, whether or not with their nuts and washers (excl. coach screws and other wood screws, screw hooks and screw rings, self-tapping screws, lag screws, stoppers, plugs and the like, threaded)"
XX,731816,,,,8.54,C,Nuts of iron or steel
XX,73181900,,,,8.23,C,"Threaded articles, of iron or steel, n.e.s."
XX,73182100,,,,8.23,C,"Spring washers and other lock washers, of iron or steel"
XX,73182200,,,,8.54,C,Washers of iron or steel (excl. spring washers and other lock washers)
XX,73182300,,,,8.23,C,Rivets of iron or steel (excl. tubular and bifurcated rivets for particular uses)
XX,73182400,,,,8.23,C,"Cotters and cotter pins, of iron or steel"
XX,73182900,,,,8.23,C,"Non-threaded articles, of iron or steel"
XX,73261100,,,,8.21,C,"Grinding balls and similar articles for mills, of iron or steel, forged or stamped, but not further worked"
XX,732619,,,,8.21,C,"Articles of iron or steel, forged or stamped, but not further worked, n.e.s. (excl. grinding balls and similar articles for mills)"
XX,73262000,,,,8.23,C,"Articles of iron or steel wire, n.e.s."
XX,73269030,,,,8.23,C,"Ladders and steps, of iron or steel"
XX,73269040,,,,8.23,C,"Pallets and similar platforms for handling goods, of iron or steel"
XX,73269050,,,,8.23,C,"Reels for cables, piping and the like, of iron or steel"
XX,73269060,,,,8.23,C,"Ventilators, non-mechanical, guttering, hooks and like articles used in the building industry, n.e.s., of iron or steel"
XX,73269092,,,,8.21,C,"Articles of iron or steel, open-die forged, n.e.s."
XX,73269094,,,,8.21,C,"Articles of iron or steel, closed-die forged, n.e.s."
XX,73269096,,,,8.21,C,"Sintered articles of iron or steel, n.e.s."
XX,73269098,,,,8.25,C,"Articles of iron or steel, n.e.s."
